solid OpenSCAD_Model
  facet normal 0.999848 0.0170538 -0.00362491
    outer loop
      vertex 15.775 2.6485 12.4602
      vertex 15.7654 10.9341 48.7929
      vertex 15.775 10.3956 48.9074
    endloop
  endfacet
  facet normal 0.999848 0.0170541 -0.00362496
    outer loop
      vertex 15.7654 10.9341 48.7929
      vertex 15.775 2.6485 12.4602
      vertex 15.7654 3.136 12.1058
    endloop
  endfacet
  facet normal -0.999848 0.0170541 -0.00362496
    outer loop
      vertex -15.775 2.6485 12.4602
      vertex -15.7654 10.9341 48.7929
      vertex -15.7654 3.136 12.1058
    endloop
  endfacet
  facet normal -0.999848 0.0170538 -0.00362491
    outer loop
      vertex -15.7654 10.9341 48.7929
      vertex -15.775 2.6485 12.4602
      vertex -15.775 10.3956 48.9074
    endloop
  endfacet
  facet normal 0.0174537 0.977998 -0.207881
    outer loop
      vertex 0.059329 24.099 37.5082
      vertex 0 25.8259 45.6276
      vertex 0.550539 25.8165 45.6296
    endloop
  endfacet
  facet normal 0.0173285 0.978 -0.207882
    outer loop
      vertex 0 25.8259 45.6276
      vertex 0.059329 24.099 37.5082
      vertex 0 24.1002 37.5089
    endloop
  endfacet
  facet normal 0.0168578 0.978016 -0.207849
    outer loop
      vertex 0.550539 25.8165 45.6296
      vertex 0.0660003 24.0988 37.5078
      vertex 0.059329 24.099 37.5082
    endloop
  endfacet
  facet normal 0.0180124 0.977982 -0.20791
    outer loop
      vertex 0.550539 25.8165 45.6296
      vertex 0.118586 24.0973 37.5053
      vertex 0.0660003 24.0988 37.5078
    endloop
  endfacet
  facet normal 0.0165246 0.978023 -0.20784
    outer loop
      vertex 0.550539 25.8165 45.6296
      vertex 0.171037 24.0955 37.501
      vertex 0.118586 24.0973 37.5053
    endloop
  endfacet
  facet normal 0.0283947 0.977649 -0.208315
    outer loop
      vertex 0.550539 25.8165 45.6296
      vertex 0.177698 24.0952 37.5005
      vertex 0.171037 24.0955 37.501
    endloop
  endfacet
  facet normal 0.01691 0.978011 -0.207865
    outer loop
      vertex 0.550539 25.8165 45.6296
      vertex 0.229954 24.093 37.4944
      vertex 0.177698 24.0952 37.5005
    endloop
  endfacet
  facet normal 0.0191316 0.977954 -0.207941
    outer loop
      vertex 0.550539 25.8165 45.6296
      vertex 0.236594 24.0927 37.4936
      vertex 0.229954 24.093 37.4944
    endloop
  endfacet
  facet normal 0.0171806 0.978004 -0.207876
    outer loop
      vertex 0.550539 25.8165 45.6296
      vertex 0.295201 24.0898 37.4848
      vertex 0.236594 24.0927 37.4936
    endloop
  endfacet
  facet normal 0.0183977 0.977975 -0.207908
    outer loop
      vertex 0.550539 25.8165 45.6296
      vertex 0.301773 24.0894 37.4835
      vertex 0.295201 24.0898 37.4848
    endloop
  endfacet
  facet normal 0.0181529 0.977981 -0.207902
    outer loop
      vertex 0.550539 25.8165 45.6296
      vertex 0.35345 24.0864 37.4739
      vertex 0.301773 24.0894 37.4835
    endloop
  endfacet
  facet normal 0.0167229 0.978013 -0.207874
    outer loop
      vertex 0.550539 25.8165 45.6296
      vertex 0.404738 24.0831 37.4625
      vertex 0.35345 24.0864 37.4739
    endloop
  endfacet
  facet normal 0.0121818 0.978093 -0.20781
    outer loop
      vertex 0.550539 25.8165 45.6296
      vertex 0.411266 24.0827 37.461
      vertex 0.404738 24.0831 37.4625
    endloop
  endfacet
  facet normal 0.0179847 0.977988 -0.207886
    outer loop
      vertex 0.550539 25.8165 45.6296
      vertex 0.468583 24.0785 37.4462
      vertex 0.411266 24.0827 37.461
    endloop
  endfacet
  facet normal 0.0146746 0.978047 -0.207866
    outer loop
      vertex 0.550539 25.8165 45.6296
      vertex 0.474994 24.078 37.4443
      vertex 0.468583 24.0785 37.4462
    endloop
  endfacet
  facet normal 0.0185355 0.977977 -0.207887
    outer loop
      vertex 0.550539 25.8165 45.6296
      vertex 0.525329 24.0739 37.4295
      vertex 0.474994 24.078 37.4443
    endloop
  endfacet
  facet normal 0.00827825 0.978118 -0.207885
    outer loop
      vertex 0.550539 25.8165 45.6296
      vertex 0.531671 24.0734 37.4274
      vertex 0.525329 24.0739 37.4295
    endloop
  endfacet
  facet normal 0.0187049 0.977976 -0.207879
    outer loop
      vertex 0.531671 24.0734 37.4274
      vertex 0.550539 25.8165 45.6296
      vertex 0.550539 24.0717 37.4211
    endloop
  endfacet
  facet normal 0.0104961 -0.999477 0.0305787
    outer loop
      vertex 0.295201 23.3936 34.2096
      vertex 0.236594 23.3927 34.2003
      vertex 0.243203 23.3928 34.2013
    endloop
  endfacet
  facet normal -0.112869 0.463514 0.878871
    outer loop
      vertex 0.236594 23.3927 34.2003
      vertex 0.177698 23.3922 34.193
      vertex 0.229954 23.3926 34.1995
    endloop
  endfacet
  facet normal -0.00926506 -0.983214 -0.182219
    outer loop
      vertex 0.059329 23.3925 34.1845
      vertex 0 23.3933 34.1832
      vertex 0.0526504 23.3926 34.1843
    endloop
  endfacet
  facet normal 0.0166036 0.978013 -0.207883
    outer loop
      vertex 0.550539 16.1176 0
      vertex 0.525329 23.4016 34.2665
      vertex 0.550539 23.403 34.2751
    endloop
  endfacet
  facet normal 0.0178326 0.977992 -0.207878
    outer loop
      vertex 0.550539 16.1176 0
      vertex 0.468583 23.399 34.2494
      vertex 0.525329 23.4016 34.2665
    endloop
  endfacet
  facet normal 0.0179518 0.97799 -0.207877
    outer loop
      vertex 0.550539 16.1176 0
      vertex 0.411266 23.3968 34.2341
      vertex 0.468583 23.399 34.2494
    endloop
  endfacet
  facet normal 0.0170137 0.978005 -0.207884
    outer loop
      vertex 0.550539 16.1176 0
      vertex 0.35345 23.395 34.2209
      vertex 0.411266 23.3968 34.2341
    endloop
  endfacet
  facet normal 0.0168226 0.978008 -0.207886
    outer loop
      vertex 0.550539 16.1176 0
      vertex 0.295201 23.3936 34.2096
      vertex 0.35345 23.395 34.2209
    endloop
  endfacet
  facet normal 0.0179677 0.977991 -0.207874
    outer loop
      vertex 0.550539 16.1176 0
      vertex 0.236594 23.3927 34.2003
      vertex 0.295201 23.3936 34.2096
    endloop
  endfacet
  facet normal 0.0174634 0.977998 -0.20788
    outer loop
      vertex 0.550539 16.1176 0
      vertex 0.177698 23.3922 34.193
      vertex 0.236594 23.3927 34.2003
    endloop
  endfacet
  facet normal 0.0187235 0.977979 -0.207862
    outer loop
      vertex 0.550539 16.1176 0
      vertex 0.171037 23.3922 34.1924
      vertex 0.177698 23.3922 34.193
    endloop
  endfacet
  facet normal 0.0167639 0.978009 -0.20789
    outer loop
      vertex 0.550539 16.1176 0
      vertex 0.118586 23.3921 34.1877
      vertex 0.171037 23.3922 34.1924
    endloop
  endfacet
  facet normal 0.0178273 0.977993 -0.207873
    outer loop
      vertex 0.550539 16.1176 0
      vertex 0.059329 23.3925 34.1845
      vertex 0.118586 23.3921 34.1877
    endloop
  endfacet
  facet normal 0.0177423 0.977995 -0.207875
    outer loop
      vertex 0.550539 16.1176 0
      vertex 0 23.3933 34.1832
      vertex 0.059329 23.3925 34.1845
    endloop
  endfacet
  facet normal 0.0174091 0.977999 -0.207881
    outer loop
      vertex 0 23.3933 34.1832
      vertex 0.550539 16.1176 0
      vertex 0 16.1274 0
    endloop
  endfacet
  facet normal 0.707015 0.691745 -0.147035
    outer loop
      vertex 11.3476 21.1144 46.629
      vertex 10.9582 11.6011 0
      vertex 10.9582 21.4952 46.5481
    endloop
  endfacet
  facet normal 0.707107 0.691654 -0.147017
    outer loop
      vertex 10.9582 11.6011 0
      vertex 11.3476 21.1144 46.629
      vertex 11.3476 11.203 0
    endloop
  endfacet
  facet normal -0.681986 0.715383 -0.152059
    outer loop
      vertex -10.9582 11.6011 0
      vertex -10.5555 21.8625 46.47
      vertex -10.5555 11.985 0
    endloop
  endfacet
  facet normal -0.681986 0.715383 -0.152059
    outer loop
      vertex -10.5555 21.8625 46.47
      vertex -10.9582 11.6011 0
      vertex -10.9582 21.4952 46.5481
    endloop
  endfacet
  facet normal 0.92051 0.382182 -0.0812349
    outer loop
      vertex 14.6263 16.1759 47.6787
      vertex 14.4112 6.55961 0
      vertex 14.4112 16.6716 47.5734
    endloop
  endfacet
  facet normal 0.920533 0.382127 -0.0812239
    outer loop
      vertex 14.4112 6.55961 0
      vertex 14.6263 16.1759 47.6787
      vertex 14.6263 6.04144 0
    endloop
  endfacet
  facet normal 0.731388 0.667059 -0.141789
    outer loop
      vertex 11.7231 20.7205 46.7128
      vertex 11.3476 11.203 0
      vertex 11.3476 21.1144 46.629
    endloop
  endfacet
  facet normal 0.731296 0.667156 -0.141808
    outer loop
      vertex 11.3476 11.203 0
      vertex 11.7231 20.7205 46.7128
      vertex 11.7231 10.7914 0
    endloop
  endfacet
  facet normal -0.819085 0.561136 -0.119273
    outer loop
      vertex -12.7622 9.47946 0
      vertex -13.0781 19.0241 47.0733
      vertex -12.7622 19.4653 46.9796
    endloop
  endfacet
  facet normal -0.819087 0.561133 -0.119273
    outer loop
      vertex -13.0781 19.0241 47.0733
      vertex -12.7622 9.47946 0
      vertex -13.0781 9.01834 0
    endloop
  endfacet
  facet normal -0.629341 0.760147 -0.161574
    outer loop
      vertex -10.14 12.3543 0
      vertex -9.71206 22.5548 46.3229
      vertex -9.71206 12.7086 0
    endloop
  endfacet
  facet normal -0.629238 0.760229 -0.161593
    outer loop
      vertex -9.71206 22.5548 46.3229
      vertex -10.14 12.3543 0
      vertex -10.14 22.2159 46.3949
    endloop
  endfacet
  facet normal -0.121821 0.970864 -0.206357
    outer loop
      vertex -1.64894 23.7482 36.2684
      vertex -2.19546 25.6757 45.6595
      vertex -1.64894 25.7413 45.6455
    endloop
  endfacet
  facet normal -0.128355 0.969979 -0.206556
    outer loop
      vertex -1.6495 23.7477 36.2664
      vertex -2.19546 25.6757 45.6595
      vertex -1.64894 23.7482 36.2684
    endloop
  endfacet
  facet normal -0.125169 0.970416 -0.20646
    outer loop
      vertex -1.66285 23.734 36.2101
      vertex -2.19546 25.6757 45.6595
      vertex -1.6495 23.7477 36.2664
    endloop
  endfacet
  facet normal -0.123212 0.970678 -0.206404
    outer loop
      vertex -1.67284 23.7221 36.1601
      vertex -2.19546 25.6757 45.6595
      vertex -1.66285 23.734 36.2101
    endloop
  endfacet
  facet normal -0.0821863 0.975286 -0.205094
    outer loop
      vertex -1.67417 23.7206 36.1535
      vertex -2.19546 25.6757 45.6595
      vertex -1.67284 23.7221 36.1601
    endloop
  endfacet
  facet normal -0.121641 0.970887 -0.206353
    outer loop
      vertex -1.68346 23.7073 36.0964
      vertex -2.19546 25.6757 45.6595
      vertex -1.67417 23.7206 36.1535
    endloop
  endfacet
  facet normal -0.128403 0.969979 -0.206528
    outer loop
      vertex -1.69069 23.6941 36.0389
      vertex -2.19546 25.6757 45.6595
      vertex -1.68346 23.7073 36.0964
    endloop
  endfacet
  facet normal -0.121145 0.97095 -0.206347
    outer loop
      vertex -1.6913 23.6926 36.0322
      vertex -2.19546 25.6757 45.6595
      vertex -1.69069 23.6941 36.0389
    endloop
  endfacet
  facet normal -0.12296 0.970712 -0.206393
    outer loop
      vertex -1.69586 23.6812 35.9813
      vertex -2.19546 25.6757 45.6595
      vertex -1.6913 23.6926 36.0322
    endloop
  endfacet
  facet normal -0.120831 0.970991 -0.206341
    outer loop
      vertex -1.6986 23.67 35.9302
      vertex -2.19546 25.6757 45.6595
      vertex -1.69586 23.6812 35.9813
    endloop
  endfacet
  facet normal -0.134525 0.969122 -0.206655
    outer loop
      vertex -1.69896 23.6685 35.9234
      vertex -2.19546 25.6757 45.6595
      vertex -1.6986 23.67 35.9302
    endloop
  endfacet
  facet normal -0.1077 0.972606 -0.206005
    outer loop
      vertex -1.7 23.6561 35.8654
      vertex -2.19546 25.6757 45.6595
      vertex -1.69896 23.6685 35.9234
    endloop
  endfacet
  facet normal -0.112321 0.972058 -0.206126
    outer loop
      vertex -1.69896 23.6439 35.8073
      vertex -2.19546 25.6757 45.6595
      vertex -1.7 23.6561 35.8654
    endloop
  endfacet
  facet normal 0.992804 -0.0639046 0.101277
    outer loop
      vertex -1.69069 23.6203 35.6913
      vertex -1.69586 23.6319 35.7493
      vertex -1.6913 23.6216 35.6981
    endloop
  endfacet
  facet normal -0.121863 0.970857 -0.206362
    outer loop
      vertex -2.19546 15.9705 0
      vertex -1.64894 23.5763 35.4597
      vertex -1.64894 16.0391 0
    endloop
  endfacet
  facet normal -0.241166 0.949657 -0.199976
    outer loop
      vertex -1.64894 23.5763 35.4597
      vertex -2.19546 15.9705 0
      vertex -1.6495 23.5766 35.4618
    endloop
  endfacet
  facet normal -0.116387 0.971483 -0.206579
    outer loop
      vertex -1.6495 23.5766 35.4618
      vertex -2.19546 15.9705 0
      vertex -1.66285 23.5871 35.5187
    endloop
  endfacet
  facet normal -0.128991 0.969998 -0.206071
    outer loop
      vertex -1.66285 23.5871 35.5187
      vertex -2.19546 15.9705 0
      vertex -1.67284 23.5965 35.5692
    endloop
  endfacet
  facet normal -0.107393 0.972447 -0.206914
    outer loop
      vertex -1.67284 23.5965 35.5692
      vertex -2.19546 15.9705 0
      vertex -1.67417 23.5978 35.576
    endloop
  endfacet
  facet normal -0.118626 0.971231 -0.206488
    outer loop
      vertex -1.67417 23.5978 35.576
      vertex -2.19546 15.9705 0
      vertex -1.68236 23.6076 35.6268
    endloop
  endfacet
  facet normal -0.110688 0.972104 -0.20679
    outer loop
      vertex -1.68236 23.6076 35.6268
      vertex -2.19546 15.9705 0
      vertex -1.68346 23.6089 35.6335
    endloop
  endfacet
  facet normal -0.160619 0.965563 -0.20467
    outer loop
      vertex -1.68346 23.6089 35.6335
      vertex -2.19546 15.9705 0
      vertex -1.68431 23.6102 35.6403
    endloop
  endfacet
  facet normal -0.113712 0.971779 -0.206676
    outer loop
      vertex -1.68431 23.6102 35.6403
      vertex -2.19546 15.9705 0
      vertex -1.69069 23.6203 35.6913
    endloop
  endfacet
  facet normal -0.13451 0.969295 -0.205849
    outer loop
      vertex -1.69069 23.6203 35.6913
      vertex -2.19546 15.9705 0
      vertex -1.69586 23.6319 35.7493
    endloop
  endfacet
  facet normal -0.106917 0.972498 -0.206921
    outer loop
      vertex -1.69586 23.6319 35.7493
      vertex -2.19546 15.9705 0
      vertex -1.69896 23.6439 35.8073
    endloop
  endfacet
  facet normal -0.121907 0.970852 -0.20636
    outer loop
      vertex -1.69896 23.6439 35.8073
      vertex -2.19546 15.9705 0
      vertex -2.19546 25.6757 45.6595
    endloop
  endfacet
  facet normal 0.857161 -0.503793 0.107084
    outer loop
      vertex 13.378 -4.66866 18.2425
      vertex 13.6616 2.68045 50.5473
      vertex 13.378 2.21878 50.6454
    endloop
  endfacet
  facet normal 0.857143 -0.503823 0.107091
    outer loop
      vertex 13.6616 2.68045 50.5473
      vertex 13.5939 -4.34861 18.02
      vertex 13.6616 -4.24827 17.9502
    endloop
  endfacet
  facet normal 0.857166 -0.503785 0.107082
    outer loop
      vertex 13.6616 2.68045 50.5473
      vertex 13.378 -4.66866 18.2425
      vertex 13.5939 -4.34861 18.02
    endloop
  endfacet
  facet normal 0.224921 -0.953084 0.202585
    outer loop
      vertex 3.27981 -4.6975 52.1155
      vertex 3.81632 -12.0425 16.9645
      vertex 3.81632 -4.57635 52.0898
    endloop
  endfacet
  facet normal 0.22487 -0.953096 0.202587
    outer loop
      vertex 3.81632 -12.0425 16.9645
      vertex 3.27981 -4.6975 52.1155
      vertex 3.27981 -12.1836 16.8962
    endloop
  endfacet
  facet normal 0.682007 -0.715364 0.152055
    outer loop
      vertex 10.5555 -1.07135 51.3448
      vertex 10.9582 -7.54873 19.0649
      vertex 10.9582 -0.704028 51.2667
    endloop
  endfacet
  facet normal 0.683878 -0.713644 0.151733
    outer loop
      vertex 10.5555 -1.07135 51.3448
      vertex 10.9504 -7.5568 19.0621
      vertex 10.9582 -7.54873 19.0649
    endloop
  endfacet
  facet normal 0.682404 -0.715 0.151988
    outer loop
      vertex 10.5555 -1.07135 51.3448
      vertex 10.9242 -7.58391 19.0522
      vertex 10.9504 -7.5568 19.0621
    endloop
  endfacet
  facet normal 0.680858 -0.716416 0.152256
    outer loop
      vertex 10.5555 -1.07135 51.3448
      vertex 10.9076 -7.60111 19.0455
      vertex 10.9242 -7.58391 19.0522
    endloop
  endfacet
  facet normal 0.682985 -0.714466 0.151885
    outer loop
      vertex 10.5555 -1.07135 51.3448
      vertex 10.8986 -7.6105 19.0418
      vertex 10.9076 -7.60111 19.0455
    endloop
  endfacet
  facet normal 0.68228 -0.715114 0.152008
    outer loop
      vertex 10.5555 -1.07135 51.3448
      vertex 10.8825 -7.62737 19.0347
      vertex 10.8986 -7.6105 19.0418
    endloop
  endfacet
  facet normal 0.679461 -0.717688 0.152502
    outer loop
      vertex 10.5555 -1.07135 51.3448
      vertex 10.8737 -7.63653 19.0308
      vertex 10.8825 -7.62737 19.0347
    endloop
  endfacet
  facet normal 0.684058 -0.71348 0.151693
    outer loop
      vertex 10.5555 -1.07135 51.3448
      vertex 10.8581 -7.65306 19.0234
      vertex 10.8737 -7.63653 19.0308
    endloop
  endfacet
  facet normal 0.680487 -0.716753 0.152326
    outer loop
      vertex 10.5555 -1.07135 51.3448
      vertex 10.8496 -7.66198 19.0194
      vertex 10.8581 -7.65306 19.0234
    endloop
  endfacet
  facet normal 0.681927 -0.715437 0.15207
    outer loop
      vertex 10.8496 -7.66198 19.0194
      vertex 10.5555 -1.07135 51.3448
      vertex 10.5555 -7.97304 18.8748
    endloop
  endfacet
  facet normal -0.390748 -0.900383 0.191382
    outer loop
      vertex -6.41627 -11.0243 17.4486
      vertex -5.90942 -3.91112 51.9484
      vertex -6.41627 -3.70068 51.9036
    endloop
  endfacet
  facet normal -0.390729 -0.900391 0.191383
    outer loop
      vertex -5.90942 -3.91112 51.9484
      vertex -6.41627 -11.0243 17.4486
      vertex -5.90942 -11.2688 17.3331
    endloop
  endfacet
  facet normal 0.965927 0.253159 -0.0538106
    outer loop
      vertex 15.3064 5.16952 5.96523
      vertex 15.1639 14.6487 48.0033
      vertex 15.3064 14.1285 48.1139
    endloop
  endfacet
  facet normal 0.965931 0.253144 -0.0538072
    outer loop
      vertex 15.1639 14.6487 48.0033
      vertex 15.3064 5.16952 5.96523
      vertex 15.1639 5.33986 4.2085
    endloop
  endfacet
  facet normal 0.874628 0.474201 -0.100794
    outer loop
      vertex 13.9285 17.6397 47.3676
      vertex 13.6616 8.06371 0
      vertex 13.6616 18.1107 47.2675
    endloop
  endfacet
  facet normal 0.874654 0.474154 -0.100785
    outer loop
      vertex 13.6616 8.06371 0
      vertex 13.9285 17.6397 47.3676
      vertex 13.9285 7.57137 0
    endloop
  endfacet
  facet normal 0.754672 0.641764 -0.136411
    outer loop
      vertex 12.0844 20.314 46.7992
      vertex 11.7231 10.7914 0
      vertex 11.7231 20.7205 46.7128
    endloop
  endfacet
  facet normal 0.754699 0.641734 -0.136405
    outer loop
      vertex 11.7231 10.7914 0
      vertex 12.0844 20.314 46.7992
      vertex 12.0844 10.3665 0
    endloop
  endfacet
  facet normal 0.629238 0.760229 -0.161593
    outer loop
      vertex 10.14 12.3543 0
      vertex 9.71206 22.5548 46.3229
      vertex 10.14 22.2159 46.3949
    endloop
  endfacet
  facet normal 0.629341 0.760147 -0.161574
    outer loop
      vertex 9.71206 22.5548 46.3229
      vertex 10.14 12.3543 0
      vertex 9.71206 12.7086 0
    endloop
  endfacet
  facet normal 0.484787 0.85552 -0.181845
    outer loop
      vertex 7.8875 13.9668 0
      vertex 7.40591 24.0197 46.0115
      vertex 7.8875 23.7586 46.067
    endloop
  endfacet
  facet normal 0.484791 0.855517 -0.181845
    outer loop
      vertex 7.40591 24.0197 46.0115
      vertex 7.8875 13.9668 0
      vertex 7.40591 14.2397 0
    endloop
  endfacet
  facet normal -0.51513 0.838382 -0.178203
    outer loop
      vertex -8.35948 13.6768 0
      vertex -7.8875 23.7586 46.067
      vertex -7.8875 13.9668 0
    endloop
  endfacet
  facet normal -0.515025 0.838444 -0.178217
    outer loop
      vertex -7.8875 23.7586 46.067
      vertex -8.35948 13.6768 0
      vertex -8.35948 23.4812 46.1259
    endloop
  endfacet
  facet normal -0.60184 0.781166 -0.16604
    outer loop
      vertex -9.71206 12.7086 0
      vertex -9.27231 22.8789 46.254
      vertex -9.27231 13.0474 0
    endloop
  endfacet
  facet normal -0.601777 0.781211 -0.166051
    outer loop
      vertex -9.27231 22.8789 46.254
      vertex -9.71206 12.7086 0
      vertex -9.71206 22.5548 46.3229
    endloop
  endfacet
  facet normal -0.292401 0.935399 -0.198824
    outer loop
      vertex -4.87474 15.3381 0
      vertex -4.34818 25.2281 45.7546
      vertex -4.34818 15.5027 0
    endloop
  endfacet
  facet normal -0.292272 0.935437 -0.198834
    outer loop
      vertex -4.34818 25.2281 45.7546
      vertex -4.87474 15.3381 0
      vertex -4.87474 25.0707 45.7881
    endloop
  endfacet
  facet normal -0.0872298 0.974418 -0.207125
    outer loop
      vertex -1.10041 23.9785 37.1214
      vertex -1.64894 25.7413 45.6455
      vertex -1.10041 25.7883 45.6356
    endloop
  endfacet
  facet normal -0.0867677 0.974464 -0.207104
    outer loop
      vertex -1.13238 23.97 37.0948
      vertex -1.64894 25.7413 45.6455
      vertex -1.10041 23.9785 37.1214
    endloop
  endfacet
  facet normal -0.0918521 0.973954 -0.207306
    outer loop
      vertex -1.13752 23.9686 37.0905
      vertex -1.64894 25.7413 45.6455
      vertex -1.13238 23.97 37.0948
    endloop
  endfacet
  facet normal -0.0682183 0.9761 -0.206338
    outer loop
      vertex -1.14251 23.9673 37.086
      vertex -1.64894 25.7413 45.6455
      vertex -1.13752 23.9686 37.0905
    endloop
  endfacet
  facet normal -0.088926 0.974253 -0.20718
    outer loop
      vertex -1.18092 23.9565 37.0517
      vertex -1.64894 25.7413 45.6455
      vertex -1.14251 23.9673 37.086
    endloop
  endfacet
  facet normal -0.0867393 0.974466 -0.207105
    outer loop
      vertex -1.22288 23.9442 37.0114
      vertex -1.64894 25.7413 45.6455
      vertex -1.18092 23.9565 37.0517
    endloop
  endfacet
  facet normal -0.0875364 0.97439 -0.207129
    outer loop
      vertex -1.26335 23.9317 36.9697
      vertex -1.64894 25.7413 45.6455
      vertex -1.22288 23.9442 37.0114
    endloop
  endfacet
  facet normal -0.0877712 0.974367 -0.207135
    outer loop
      vertex -1.29777 23.9205 36.9316
      vertex -1.64894 25.7413 45.6455
      vertex -1.26335 23.9317 36.9697
    endloop
  endfacet
  facet normal -0.0737134 0.975597 -0.206825
    outer loop
      vertex -1.30227 23.9191 36.9266
      vertex -1.64894 25.7413 45.6455
      vertex -1.29777 23.9205 36.9316
    endloop
  endfacet
  facet normal -0.0932695 0.973835 -0.207234
    outer loop
      vertex -1.3066 23.9176 36.9215
      vertex -1.64894 25.7413 45.6455
      vertex -1.30227 23.9191 36.9266
    endloop
  endfacet
  facet normal -0.0869662 0.974444 -0.207114
    outer loop
      vertex -1.33962 23.9063 36.8822
      vertex -1.64894 25.7413 45.6455
      vertex -1.3066 23.9176 36.9215
    endloop
  endfacet
  facet normal -0.0868375 0.974456 -0.207112
    outer loop
      vertex -1.37119 23.8949 36.8418
      vertex -1.64894 25.7413 45.6455
      vertex -1.33962 23.9063 36.8822
    endloop
  endfacet
  facet normal -0.0878693 0.97436 -0.207125
    outer loop
      vertex -1.37533 23.8934 36.8365
      vertex -1.64894 25.7413 45.6455
      vertex -1.37119 23.8949 36.8418
    endloop
  endfacet
  facet normal -0.0868167 0.974457 -0.207112
    outer loop
      vertex -1.40936 23.8804 36.7896
      vertex -1.64894 25.7413 45.6455
      vertex -1.37533 23.8934 36.8365
    endloop
  endfacet
  facet normal -0.086739 0.974464 -0.207112
    outer loop
      vertex -1.44168 23.8673 36.7415
      vertex -1.64894 25.7413 45.6455
      vertex -1.40936 23.8804 36.7896
    endloop
  endfacet
  facet normal -0.0874362 0.974402 -0.207115
    outer loop
      vertex -1.47224 23.8541 36.6923
      vertex -1.64894 25.7413 45.6455
      vertex -1.44168 23.8673 36.7415
    endloop
  endfacet
  facet normal -0.0883068 0.974323 -0.207115
    outer loop
      vertex -1.50101 23.8408 36.642
      vertex -1.64894 25.7413 45.6455
      vertex -1.47224 23.8541 36.6923
    endloop
  endfacet
  facet normal -0.0767122 0.975301 -0.207131
    outer loop
      vertex -1.50415 23.8393 36.6361
      vertex -1.64894 25.7413 45.6455
      vertex -1.50101 23.8408 36.642
    endloop
  endfacet
  facet normal -0.0888394 0.974276 -0.20711
    outer loop
      vertex -1.52795 23.8275 36.5908
      vertex -1.64894 25.7413 45.6455
      vertex -1.50415 23.8393 36.6361
    endloop
  endfacet
  facet normal -0.0889094 0.974269 -0.207109
    outer loop
      vertex -1.5501 23.8157 36.5448
      vertex -1.64894 25.7413 45.6455
      vertex -1.52795 23.8275 36.5908
    endloop
  endfacet
  facet normal -0.0681755 0.975913 -0.207232
    outer loop
      vertex -1.55303 23.8142 36.5387
      vertex -1.64894 25.7413 45.6455
      vertex -1.5501 23.8157 36.5448
    endloop
  endfacet
  facet normal -0.0896554 0.974204 -0.207097
    outer loop
      vertex -1.57621 23.8008 36.4857
      vertex -1.64894 25.7413 45.6455
      vertex -1.55303 23.8142 36.5387
    endloop
  endfacet
  facet normal -0.0635481 0.976208 -0.207314
    outer loop
      vertex -1.5787 23.7993 36.4794
      vertex -1.64894 25.7413 45.6455
      vertex -1.57621 23.8008 36.4857
    endloop
  endfacet
  facet normal -0.0883671 0.97432 -0.207104
    outer loop
      vertex -1.59748 23.7875 36.4319
      vertex -1.64894 25.7413 45.6455
      vertex -1.5787 23.7993 36.4794
    endloop
  endfacet
  facet normal -0.0832351 0.974758 -0.207168
    outer loop
      vertex -1.61453 23.7758 36.3837
      vertex -1.64894 25.7413 45.6455
      vertex -1.59748 23.7875 36.4319
    endloop
  endfacet
  facet normal -0.102575 0.972978 -0.206862
    outer loop
      vertex -1.6168 23.7742 36.3773
      vertex -1.64894 25.7413 45.6455
      vertex -1.61453 23.7758 36.3837
    endloop
  endfacet
  facet normal -0.0880483 0.974349 -0.207103
    outer loop
      vertex -1.63414 23.7609 36.3221
      vertex -1.64894 25.7413 45.6455
      vertex -1.6168 23.7742 36.3773
    endloop
  endfacet
  facet normal -0.0639876 0.976151 -0.207448
    outer loop
      vertex -1.63595 23.7594 36.3156
      vertex -1.64894 25.7413 45.6455
      vertex -1.63414 23.7609 36.3221
    endloop
  endfacet
  facet normal -0.0875866 0.97439 -0.207106
    outer loop
      vertex -1.64894 25.7413 45.6455
      vertex -1.63595 23.7594 36.3156
      vertex -1.64894 23.7482 36.2684
    endloop
  endfacet
  facet normal -0.919218 0.220567 -0.326174
    outer loop
      vertex -1.6168 23.5557 35.3496
      vertex -1.63414 23.5661 35.4055
      vertex -1.61883 23.557 35.3562
    endloop
  endfacet
  facet normal -0.830514 0.419309 -0.366642
    outer loop
      vertex -1.59748 23.5457 35.2944
      vertex -1.6168 23.5557 35.3496
      vertex -1.61453 23.5546 35.3432
    endloop
  endfacet
  facet normal 0.906111 0.0396139 0.421182
    outer loop
      vertex -1.52795 23.5176 35.1329
      vertex -1.55303 23.5267 35.186
      vertex -1.5501 23.5256 35.1798
    endloop
  endfacet
  facet normal -0.772903 0.394181 -0.497234
    outer loop
      vertex -1.47224 23.5006 35.0294
      vertex -1.50101 23.5089 35.0807
      vertex -1.47559 23.5016 35.0354
    endloop
  endfacet
  facet normal -0.0870459 0.974435 -0.207124
    outer loop
      vertex -1.64894 16.0391 0
      vertex -1.10041 23.4398 34.5868
      vertex -1.10041 16.0881 0
    endloop
  endfacet
  facet normal -0.0878003 0.974372 -0.207099
    outer loop
      vertex -1.10041 23.4398 34.5868
      vertex -1.64894 16.0391 0
      vertex -1.13752 23.4433 34.619
    endloop
  endfacet
  facet normal -0.0872746 0.974416 -0.207116
    outer loop
      vertex -1.13752 23.4433 34.619
      vertex -1.64894 16.0391 0
      vertex -1.18092 23.448 34.6594
    endloop
  endfacet
  facet normal -0.0878784 0.974366 -0.207097
    outer loop
      vertex -1.18092 23.448 34.6594
      vertex -1.64894 16.0391 0
      vertex -1.22288 23.4531 34.7012
    endloop
  endfacet
  facet normal -0.086273 0.974499 -0.207145
    outer loop
      vertex -1.22288 23.4531 34.7012
      vertex -1.64894 16.0391 0
      vertex -1.26335 23.4587 34.7444
    endloop
  endfacet
  facet normal -0.0864563 0.974484 -0.20714
    outer loop
      vertex -1.26335 23.4587 34.7444
      vertex -1.64894 16.0391 0
      vertex -1.29777 23.464 34.7837
    endloop
  endfacet
  facet normal -0.0877501 0.974376 -0.207104
    outer loop
      vertex -1.29777 23.464 34.7837
      vertex -1.64894 16.0391 0
      vertex -1.30227 23.4647 34.7889
    endloop
  endfacet
  facet normal -0.0958092 0.973666 -0.206872
    outer loop
      vertex -1.30227 23.4647 34.7889
      vertex -1.64894 16.0391 0
      vertex -1.3066 23.4654 34.7942
    endloop
  endfacet
  facet normal -0.0858549 0.974534 -0.207155
    outer loop
      vertex -1.3066 23.4654 34.7942
      vertex -1.64894 16.0391 0
      vertex -1.33962 23.4711 34.8347
    endloop
  endfacet
  facet normal -0.0870521 0.974434 -0.207123
    outer loop
      vertex -1.33962 23.4711 34.8347
      vertex -1.64894 16.0391 0
      vertex -1.37533 23.4779 34.8817
    endloop
  endfacet
  facet normal -0.0871969 0.974422 -0.207119
    outer loop
      vertex -1.37533 23.4779 34.8817
      vertex -1.64894 16.0391 0
      vertex -1.40936 23.4851 34.9299
    endloop
  endfacet
  facet normal -0.0868776 0.974449 -0.207127
    outer loop
      vertex -1.40936 23.4851 34.9299
      vertex -1.64894 16.0391 0
      vertex -1.43792 23.4918 34.9734
    endloop
  endfacet
  facet normal -0.0808464 0.974938 -0.207268
    outer loop
      vertex -1.43792 23.4918 34.9734
      vertex -1.64894 16.0391 0
      vertex -1.44168 23.4927 34.9791
    endloop
  endfacet
  facet normal -0.0967394 0.973571 -0.206882
    outer loop
      vertex -1.44168 23.4927 34.9791
      vertex -1.64894 16.0391 0
      vertex -1.44524 23.4936 34.985
    endloop
  endfacet
  facet normal -0.0879551 0.974358 -0.207101
    outer loop
      vertex -1.44524 23.4936 34.985
      vertex -1.64894 16.0391 0
      vertex -1.47224 23.5006 35.0294
    endloop
  endfacet
  facet normal -0.0881825 0.974338 -0.207096
    outer loop
      vertex -1.47224 23.5006 35.0294
      vertex -1.64894 16.0391 0
      vertex -1.50101 23.5089 35.0807
    endloop
  endfacet
  facet normal -0.0866486 0.974469 -0.20713
    outer loop
      vertex -1.50101 23.5089 35.0807
      vertex -1.64894 16.0391 0
      vertex -1.52795 23.5176 35.1329
    endloop
  endfacet
  facet normal -0.0849901 0.974607 -0.207165
    outer loop
      vertex -1.52795 23.5176 35.1329
      vertex -1.64894 16.0391 0
      vertex -1.55303 23.5267 35.186
    endloop
  endfacet
  facet normal -0.089736 0.974203 -0.207066
    outer loop
      vertex -1.55303 23.5267 35.186
      vertex -1.64894 16.0391 0
      vertex -1.57621 23.536 35.2398
    endloop
  endfacet
  facet normal -0.0872935 0.974414 -0.207116
    outer loop
      vertex -1.57621 23.536 35.2398
      vertex -1.64894 16.0391 0
      vertex -1.59748 23.5457 35.2944
    endloop
  endfacet
  facet normal -0.0874043 0.974405 -0.207114
    outer loop
      vertex -1.59748 23.5457 35.2944
      vertex -1.64894 16.0391 0
      vertex -1.6168 23.5557 35.3496
    endloop
  endfacet
  facet normal -0.0833095 0.974747 -0.207191
    outer loop
      vertex -1.6168 23.5557 35.3496
      vertex -1.64894 16.0391 0
      vertex -1.63414 23.5661 35.4055
    endloop
  endfacet
  facet normal -0.0869479 0.974443 -0.207125
    outer loop
      vertex -1.63414 23.5661 35.4055
      vertex -1.64894 16.0391 0
      vertex -1.64894 23.5763 35.4597
    endloop
  endfacet
  facet normal 0.987671 -0.153124 0.0325476
    outer loop
      vertex 15.5353 0.242677 14.317
      vertex 15.6215 8.24811 49.3638
      vertex 15.5353 7.71615 49.4769
    endloop
  endfacet
  facet normal 0.987671 -0.153124 0.0325476
    outer loop
      vertex 15.6215 8.24811 49.3638
      vertex 15.5353 0.242677 14.317
      vertex 15.6215 0.723496 13.9633
    endloop
  endfacet
  facet normal -0.920544 -0.382101 0.0812183
    outer loop
      vertex -14.4333 -2.913 16.9057
      vertex -14.6263 4.6153 50.136
      vertex -14.6263 -2.5213 16.561
    endloop
  endfacet
  facet normal -0.921065 -0.380903 0.0809437
    outer loop
      vertex -14.4304 -2.91895 16.9107
      vertex -14.6263 4.6153 50.136
      vertex -14.4333 -2.913 16.9057
    endloop
  endfacet
  facet normal -0.920378 -0.382483 0.081306
    outer loop
      vertex -14.4179 -2.94448 16.9321
      vertex -14.6263 4.6153 50.136
      vertex -14.4304 -2.91895 16.9107
    endloop
  endfacet
  facet normal -0.918873 -0.385918 0.0820976
    outer loop
      vertex -14.4148 -2.95084 16.9369
      vertex -14.6263 4.6153 50.136
      vertex -14.4179 -2.94448 16.9321
    endloop
  endfacet
  facet normal -0.921498 -0.379903 0.0807102
    outer loop
      vertex -14.4112 -2.95834 16.9427
      vertex -14.6263 4.6153 50.136
      vertex -14.4148 -2.95084 16.9369
    endloop
  endfacet
  facet normal -0.920537 -0.382119 0.0812218
    outer loop
      vertex -14.6263 4.6153 50.136
      vertex -14.4112 -2.95834 16.9427
      vertex -14.4112 4.11952 50.2414
    endloop
  endfacet
  facet normal 0.992548 0.119195 -0.0253358
    outer loop
      vertex 15.6886 4.11803 11.4428
      vertex 15.6215 12.5431 48.4509
      vertex 15.6886 12.0085 48.5645
    endloop
  endfacet
  facet normal 0.992547 0.119202 -0.0253374
    outer loop
      vertex 15.6215 12.5431 48.4509
      vertex 15.6886 4.11803 11.4428
      vertex 15.6215 4.61136 11.1352
    endloop
  endfacet
  facet normal 0.987668 0.153141 -0.0325512
    outer loop
      vertex 15.6215 4.61136 11.1352
      vertex 15.5353 13.075 48.3378
      vertex 15.6215 12.5431 48.4509
    endloop
  endfacet
  facet normal 0.987662 0.153179 -0.0325592
    outer loop
      vertex 15.5353 13.075 48.3378
      vertex 15.5815 4.84073 11
      vertex 15.5353 4.89589 9.85806
    endloop
  endfacet
  facet normal 0.98768 0.153065 -0.0325341
    outer loop
      vertex 15.5353 13.075 48.3378
      vertex 15.6215 4.61136 11.1352
      vertex 15.5815 4.84073 11
    endloop
  endfacet
  facet normal 0.945567 0.318315 -0.06766
    outer loop
      vertex 15.0029 5.53229 2.58115
      vertex 14.8237 15.6731 47.7856
      vertex 15.0029 15.1638 47.8939
    endloop
  endfacet
  facet normal 0.945555 0.318349 -0.0676676
    outer loop
      vertex 14.8237 15.6731 47.7856
      vertex 15.0029 5.53229 2.58115
      vertex 14.8237 5.74656 1.08515
    endloop
  endfacet
  facet normal 0.956302 0.285992 -0.0607892
    outer loop
      vertex 15.1639 5.33986 4.2085
      vertex 15.0029 15.1638 47.8939
      vertex 15.1639 14.6487 48.0033
    endloop
  endfacet
  facet normal 0.956299 0.286001 -0.0607914
    outer loop
      vertex 15.0029 15.1638 47.8939
      vertex 15.1639 5.33986 4.2085
      vertex 15.0029 5.53229 2.58115
    endloop
  endfacet
  facet normal 0.798685 0.5886 -0.125111
    outer loop
      vertex 12.7622 19.4653 46.9796
      vertex 12.4309 9.92903 0
      vertex 12.4309 19.8954 46.8881
    endloop
  endfacet
  facet normal 0.798699 0.588582 -0.125107
    outer loop
      vertex 12.4309 9.92903 0
      vertex 12.7622 19.4653 46.9796
      vertex 12.7622 9.47946 0
    endloop
  endfacet
  facet normal 0.857186 0.503753 -0.107076
    outer loop
      vertex 13.6616 18.1107 47.2675
      vertex 13.378 8.54623 0
      vertex 13.378 18.5724 47.1693
    endloop
  endfacet
  facet normal 0.857161 0.503794 -0.107084
    outer loop
      vertex 13.378 8.54623 0
      vertex 13.6616 18.1107 47.2675
      vertex 13.6616 8.06371 0
    endloop
  endfacet
  facet normal 0.890994 0.444093 -0.0943952
    outer loop
      vertex 14.1785 17.1598 47.4696
      vertex 13.9285 7.57137 0
      vertex 13.9285 17.6397 47.3676
    endloop
  endfacet
  facet normal 0.89099 0.444101 -0.0943968
    outer loop
      vertex 13.9285 7.57137 0
      vertex 14.1785 17.1598 47.4696
      vertex 14.1785 7.0698 0
    endloop
  endfacet
  facet normal 0.121821 0.970864 -0.206357
    outer loop
      vertex 2.19546 25.6757 45.6595
      vertex 1.64894 23.7482 36.2684
      vertex 1.64894 25.7413 45.6455
    endloop
  endfacet
  facet normal 0.128355 0.969979 -0.206556
    outer loop
      vertex 2.19546 25.6757 45.6595
      vertex 1.6495 23.7477 36.2664
      vertex 1.64894 23.7482 36.2684
    endloop
  endfacet
  facet normal 0.125169 0.970416 -0.20646
    outer loop
      vertex 2.19546 25.6757 45.6595
      vertex 1.66285 23.734 36.2101
      vertex 1.6495 23.7477 36.2664
    endloop
  endfacet
  facet normal 0.123212 0.970678 -0.206404
    outer loop
      vertex 2.19546 25.6757 45.6595
      vertex 1.67284 23.7221 36.1601
      vertex 1.66285 23.734 36.2101
    endloop
  endfacet
  facet normal 0.0821863 0.975286 -0.205094
    outer loop
      vertex 2.19546 25.6757 45.6595
      vertex 1.67417 23.7206 36.1535
      vertex 1.67284 23.7221 36.1601
    endloop
  endfacet
  facet normal 0.121641 0.970887 -0.206353
    outer loop
      vertex 2.19546 25.6757 45.6595
      vertex 1.68346 23.7073 36.0964
      vertex 1.67417 23.7206 36.1535
    endloop
  endfacet
  facet normal 0.128403 0.969979 -0.206528
    outer loop
      vertex 2.19546 25.6757 45.6595
      vertex 1.69069 23.6941 36.0389
      vertex 1.68346 23.7073 36.0964
    endloop
  endfacet
  facet normal 0.121145 0.97095 -0.206347
    outer loop
      vertex 2.19546 25.6757 45.6595
      vertex 1.6913 23.6926 36.0322
      vertex 1.69069 23.6941 36.0389
    endloop
  endfacet
  facet normal 0.12296 0.970712 -0.206393
    outer loop
      vertex 2.19546 25.6757 45.6595
      vertex 1.69586 23.6812 35.9813
      vertex 1.6913 23.6926 36.0322
    endloop
  endfacet
  facet normal 0.120831 0.970991 -0.206341
    outer loop
      vertex 2.19546 25.6757 45.6595
      vertex 1.6986 23.67 35.9302
      vertex 1.69586 23.6812 35.9813
    endloop
  endfacet
  facet normal 0.134525 0.969122 -0.206655
    outer loop
      vertex 2.19546 25.6757 45.6595
      vertex 1.69896 23.6685 35.9234
      vertex 1.6986 23.67 35.9302
    endloop
  endfacet
  facet normal 0.1077 0.972606 -0.206005
    outer loop
      vertex 2.19546 25.6757 45.6595
      vertex 1.7 23.6561 35.8654
      vertex 1.69896 23.6685 35.9234
    endloop
  endfacet
  facet normal 0.112321 0.972058 -0.206126
    outer loop
      vertex 2.19546 25.6757 45.6595
      vertex 1.69896 23.6439 35.8073
      vertex 1.7 23.6561 35.8654
    endloop
  endfacet
  facet normal -0.992804 -0.0639046 0.101277
    outer loop
      vertex 1.69586 23.6319 35.7493
      vertex 1.69069 23.6203 35.6913
      vertex 1.6913 23.6216 35.6981
    endloop
  endfacet
  facet normal 0.121907 0.970852 -0.20636
    outer loop
      vertex 2.19546 15.9705 0
      vertex 1.69896 23.6439 35.8073
      vertex 2.19546 25.6757 45.6595
    endloop
  endfacet
  facet normal 0.106917 0.972498 -0.206921
    outer loop
      vertex 2.19546 15.9705 0
      vertex 1.69586 23.6319 35.7493
      vertex 1.69896 23.6439 35.8073
    endloop
  endfacet
  facet normal 0.13451 0.969295 -0.205849
    outer loop
      vertex 2.19546 15.9705 0
      vertex 1.69069 23.6203 35.6913
      vertex 1.69586 23.6319 35.7493
    endloop
  endfacet
  facet normal 0.113712 0.971779 -0.206676
    outer loop
      vertex 2.19546 15.9705 0
      vertex 1.68431 23.6102 35.6403
      vertex 1.69069 23.6203 35.6913
    endloop
  endfacet
  facet normal 0.160619 0.965563 -0.20467
    outer loop
      vertex 2.19546 15.9705 0
      vertex 1.68346 23.6089 35.6335
      vertex 1.68431 23.6102 35.6403
    endloop
  endfacet
  facet normal 0.110688 0.972104 -0.20679
    outer loop
      vertex 2.19546 15.9705 0
      vertex 1.68236 23.6076 35.6268
      vertex 1.68346 23.6089 35.6335
    endloop
  endfacet
  facet normal 0.118626 0.971231 -0.206488
    outer loop
      vertex 2.19546 15.9705 0
      vertex 1.67417 23.5978 35.576
      vertex 1.68236 23.6076 35.6268
    endloop
  endfacet
  facet normal 0.107393 0.972447 -0.206914
    outer loop
      vertex 2.19546 15.9705 0
      vertex 1.67284 23.5965 35.5692
      vertex 1.67417 23.5978 35.576
    endloop
  endfacet
  facet normal 0.128991 0.969998 -0.206071
    outer loop
      vertex 2.19546 15.9705 0
      vertex 1.66285 23.5871 35.5187
      vertex 1.67284 23.5965 35.5692
    endloop
  endfacet
  facet normal 0.116387 0.971483 -0.206579
    outer loop
      vertex 2.19546 15.9705 0
      vertex 1.6495 23.5766 35.4618
      vertex 1.66285 23.5871 35.5187
    endloop
  endfacet
  facet normal 0.241166 0.949657 -0.199976
    outer loop
      vertex 2.19546 15.9705 0
      vertex 1.64894 23.5763 35.4597
      vertex 1.6495 23.5766 35.4618
    endloop
  endfacet
  facet normal 0.121863 0.970857 -0.206362
    outer loop
      vertex 1.64894 23.5763 35.4597
      vertex 2.19546 15.9705 0
      vertex 1.64894 16.0391 0
    endloop
  endfacet
  facet normal 0.292272 0.935437 -0.198834
    outer loop
      vertex 4.87474 15.3381 0
      vertex 4.34818 25.2281 45.7546
      vertex 4.87474 25.0707 45.7881
    endloop
  endfacet
  facet normal 0.292401 0.935399 -0.198824
    outer loop
      vertex 4.34818 25.2281 45.7546
      vertex 4.87474 15.3381 0
      vertex 4.34818 15.5027 0
    endloop
  endfacet
  facet normal 0.258813 0.94482 -0.200827
    outer loop
      vertex 4.34818 15.5027 0
      vertex 3.81632 25.3675 45.725
      vertex 4.34818 25.2281 45.7546
    endloop
  endfacet
  facet normal 0.258827 0.944816 -0.200826
    outer loop
      vertex 3.81632 25.3675 45.725
      vertex 4.34818 15.5027 0
      vertex 3.81632 15.6484 0
    endloop
  endfacet
  facet normal 0.156512 0.966093 -0.205349
    outer loop
      vertex 2.7393 15.8824 0
      vertex 2.19546 25.6757 45.6595
      vertex 2.7393 25.5914 45.6774
    endloop
  endfacet
  facet normal 0.156504 0.966094 -0.205349
    outer loop
      vertex 2.19546 25.6757 45.6595
      vertex 2.7393 15.8824 0
      vertex 2.19546 15.9705 0
    endloop
  endfacet
  facet normal 0.0872298 0.974418 -0.207125
    outer loop
      vertex 1.64894 25.7413 45.6455
      vertex 1.10041 23.9785 37.1214
      vertex 1.10041 25.7883 45.6356
    endloop
  endfacet
  facet normal 0.0867677 0.974464 -0.207104
    outer loop
      vertex 1.64894 25.7413 45.6455
      vertex 1.13238 23.97 37.0948
      vertex 1.10041 23.9785 37.1214
    endloop
  endfacet
  facet normal 0.0918521 0.973954 -0.207306
    outer loop
      vertex 1.64894 25.7413 45.6455
      vertex 1.13752 23.9686 37.0905
      vertex 1.13238 23.97 37.0948
    endloop
  endfacet
  facet normal 0.0682183 0.9761 -0.206338
    outer loop
      vertex 1.64894 25.7413 45.6455
      vertex 1.14251 23.9673 37.086
      vertex 1.13752 23.9686 37.0905
    endloop
  endfacet
  facet normal 0.088926 0.974253 -0.20718
    outer loop
      vertex 1.64894 25.7413 45.6455
      vertex 1.18092 23.9565 37.0517
      vertex 1.14251 23.9673 37.086
    endloop
  endfacet
  facet normal 0.0867393 0.974466 -0.207105
    outer loop
      vertex 1.64894 25.7413 45.6455
      vertex 1.22288 23.9442 37.0114
      vertex 1.18092 23.9565 37.0517
    endloop
  endfacet
  facet normal 0.0875364 0.97439 -0.207129
    outer loop
      vertex 1.64894 25.7413 45.6455
      vertex 1.26335 23.9317 36.9697
      vertex 1.22288 23.9442 37.0114
    endloop
  endfacet
  facet normal 0.0877712 0.974367 -0.207135
    outer loop
      vertex 1.64894 25.7413 45.6455
      vertex 1.29777 23.9205 36.9316
      vertex 1.26335 23.9317 36.9697
    endloop
  endfacet
  facet normal 0.0737134 0.975597 -0.206825
    outer loop
      vertex 1.64894 25.7413 45.6455
      vertex 1.30227 23.9191 36.9266
      vertex 1.29777 23.9205 36.9316
    endloop
  endfacet
  facet normal 0.0932695 0.973835 -0.207234
    outer loop
      vertex 1.64894 25.7413 45.6455
      vertex 1.3066 23.9176 36.9215
      vertex 1.30227 23.9191 36.9266
    endloop
  endfacet
  facet normal 0.0869662 0.974444 -0.207114
    outer loop
      vertex 1.64894 25.7413 45.6455
      vertex 1.33962 23.9063 36.8822
      vertex 1.3066 23.9176 36.9215
    endloop
  endfacet
  facet normal 0.0868375 0.974456 -0.207112
    outer loop
      vertex 1.64894 25.7413 45.6455
      vertex 1.37119 23.8949 36.8418
      vertex 1.33962 23.9063 36.8822
    endloop
  endfacet
  facet normal 0.0878693 0.97436 -0.207125
    outer loop
      vertex 1.64894 25.7413 45.6455
      vertex 1.37533 23.8934 36.8365
      vertex 1.37119 23.8949 36.8418
    endloop
  endfacet
  facet normal 0.0868167 0.974457 -0.207112
    outer loop
      vertex 1.64894 25.7413 45.6455
      vertex 1.40936 23.8804 36.7896
      vertex 1.37533 23.8934 36.8365
    endloop
  endfacet
  facet normal 0.086739 0.974464 -0.207112
    outer loop
      vertex 1.64894 25.7413 45.6455
      vertex 1.44168 23.8673 36.7415
      vertex 1.40936 23.8804 36.7896
    endloop
  endfacet
  facet normal 0.0874362 0.974402 -0.207115
    outer loop
      vertex 1.64894 25.7413 45.6455
      vertex 1.47224 23.8541 36.6923
      vertex 1.44168 23.8673 36.7415
    endloop
  endfacet
  facet normal 0.0883068 0.974323 -0.207115
    outer loop
      vertex 1.64894 25.7413 45.6455
      vertex 1.50101 23.8408 36.642
      vertex 1.47224 23.8541 36.6923
    endloop
  endfacet
  facet normal 0.0767122 0.975301 -0.207131
    outer loop
      vertex 1.64894 25.7413 45.6455
      vertex 1.50415 23.8393 36.6361
      vertex 1.50101 23.8408 36.642
    endloop
  endfacet
  facet normal 0.0888394 0.974276 -0.20711
    outer loop
      vertex 1.64894 25.7413 45.6455
      vertex 1.52795 23.8275 36.5908
      vertex 1.50415 23.8393 36.6361
    endloop
  endfacet
  facet normal 0.0889094 0.974269 -0.207109
    outer loop
      vertex 1.64894 25.7413 45.6455
      vertex 1.5501 23.8157 36.5448
      vertex 1.52795 23.8275 36.5908
    endloop
  endfacet
  facet normal 0.0681755 0.975913 -0.207232
    outer loop
      vertex 1.64894 25.7413 45.6455
      vertex 1.55303 23.8142 36.5387
      vertex 1.5501 23.8157 36.5448
    endloop
  endfacet
  facet normal 0.0896554 0.974204 -0.207097
    outer loop
      vertex 1.64894 25.7413 45.6455
      vertex 1.57621 23.8008 36.4857
      vertex 1.55303 23.8142 36.5387
    endloop
  endfacet
  facet normal 0.0635481 0.976208 -0.207314
    outer loop
      vertex 1.64894 25.7413 45.6455
      vertex 1.5787 23.7993 36.4794
      vertex 1.57621 23.8008 36.4857
    endloop
  endfacet
  facet normal 0.0883671 0.97432 -0.207104
    outer loop
      vertex 1.64894 25.7413 45.6455
      vertex 1.59748 23.7875 36.4319
      vertex 1.5787 23.7993 36.4794
    endloop
  endfacet
  facet normal 0.0832351 0.974758 -0.207168
    outer loop
      vertex 1.64894 25.7413 45.6455
      vertex 1.61453 23.7758 36.3837
      vertex 1.59748 23.7875 36.4319
    endloop
  endfacet
  facet normal 0.102575 0.972978 -0.206862
    outer loop
      vertex 1.64894 25.7413 45.6455
      vertex 1.6168 23.7742 36.3773
      vertex 1.61453 23.7758 36.3837
    endloop
  endfacet
  facet normal 0.0880483 0.974349 -0.207103
    outer loop
      vertex 1.64894 25.7413 45.6455
      vertex 1.63414 23.7609 36.3221
      vertex 1.6168 23.7742 36.3773
    endloop
  endfacet
  facet normal 0.0639876 0.976151 -0.207448
    outer loop
      vertex 1.64894 25.7413 45.6455
      vertex 1.63595 23.7594 36.3156
      vertex 1.63414 23.7609 36.3221
    endloop
  endfacet
  facet normal 0.0875866 0.97439 -0.207106
    outer loop
      vertex 1.63595 23.7594 36.3156
      vertex 1.64894 25.7413 45.6455
      vertex 1.64894 23.7482 36.2684
    endloop
  endfacet
  facet normal 0.919218 0.220567 -0.326174
    outer loop
      vertex 1.63414 23.5661 35.4055
      vertex 1.6168 23.5557 35.3496
      vertex 1.61883 23.557 35.3562
    endloop
  endfacet
  facet normal 0.830514 0.419309 -0.366642
    outer loop
      vertex 1.6168 23.5557 35.3496
      vertex 1.59748 23.5457 35.2944
      vertex 1.61453 23.5546 35.3432
    endloop
  endfacet
  facet normal -0.906111 0.0396139 0.421182
    outer loop
      vertex 1.55303 23.5267 35.186
      vertex 1.52795 23.5176 35.1329
      vertex 1.5501 23.5256 35.1798
    endloop
  endfacet
  facet normal 0.772903 0.394181 -0.497234
    outer loop
      vertex 1.50101 23.5089 35.0807
      vertex 1.47224 23.5006 35.0294
      vertex 1.47559 23.5016 35.0354
    endloop
  endfacet
  facet normal 0.0869479 0.974443 -0.207125
    outer loop
      vertex 1.64894 16.0391 0
      vertex 1.63414 23.5661 35.4055
      vertex 1.64894 23.5763 35.4597
    endloop
  endfacet
  facet normal 0.0833095 0.974747 -0.207191
    outer loop
      vertex 1.64894 16.0391 0
      vertex 1.6168 23.5557 35.3496
      vertex 1.63414 23.5661 35.4055
    endloop
  endfacet
  facet normal 0.0874043 0.974405 -0.207114
    outer loop
      vertex 1.64894 16.0391 0
      vertex 1.59748 23.5457 35.2944
      vertex 1.6168 23.5557 35.3496
    endloop
  endfacet
  facet normal 0.0872935 0.974414 -0.207116
    outer loop
      vertex 1.64894 16.0391 0
      vertex 1.57621 23.536 35.2398
      vertex 1.59748 23.5457 35.2944
    endloop
  endfacet
  facet normal 0.089736 0.974203 -0.207066
    outer loop
      vertex 1.64894 16.0391 0
      vertex 1.55303 23.5267 35.186
      vertex 1.57621 23.536 35.2398
    endloop
  endfacet
  facet normal 0.0849901 0.974607 -0.207165
    outer loop
      vertex 1.64894 16.0391 0
      vertex 1.52795 23.5176 35.1329
      vertex 1.55303 23.5267 35.186
    endloop
  endfacet
  facet normal 0.0866486 0.974469 -0.20713
    outer loop
      vertex 1.64894 16.0391 0
      vertex 1.50101 23.5089 35.0807
      vertex 1.52795 23.5176 35.1329
    endloop
  endfacet
  facet normal 0.0881825 0.974338 -0.207096
    outer loop
      vertex 1.64894 16.0391 0
      vertex 1.47224 23.5006 35.0294
      vertex 1.50101 23.5089 35.0807
    endloop
  endfacet
  facet normal 0.0879551 0.974358 -0.207101
    outer loop
      vertex 1.64894 16.0391 0
      vertex 1.44524 23.4936 34.985
      vertex 1.47224 23.5006 35.0294
    endloop
  endfacet
  facet normal 0.0967394 0.973571 -0.206882
    outer loop
      vertex 1.64894 16.0391 0
      vertex 1.44168 23.4927 34.9791
      vertex 1.44524 23.4936 34.985
    endloop
  endfacet
  facet normal 0.0808464 0.974938 -0.207268
    outer loop
      vertex 1.64894 16.0391 0
      vertex 1.43792 23.4918 34.9734
      vertex 1.44168 23.4927 34.9791
    endloop
  endfacet
  facet normal 0.0868776 0.974449 -0.207127
    outer loop
      vertex 1.64894 16.0391 0
      vertex 1.40936 23.4851 34.9299
      vertex 1.43792 23.4918 34.9734
    endloop
  endfacet
  facet normal 0.0871969 0.974422 -0.207119
    outer loop
      vertex 1.64894 16.0391 0
      vertex 1.37533 23.4779 34.8817
      vertex 1.40936 23.4851 34.9299
    endloop
  endfacet
  facet normal 0.0870521 0.974434 -0.207123
    outer loop
      vertex 1.64894 16.0391 0
      vertex 1.33962 23.4711 34.8347
      vertex 1.37533 23.4779 34.8817
    endloop
  endfacet
  facet normal 0.0858549 0.974534 -0.207155
    outer loop
      vertex 1.64894 16.0391 0
      vertex 1.3066 23.4654 34.7942
      vertex 1.33962 23.4711 34.8347
    endloop
  endfacet
  facet normal 0.0958092 0.973666 -0.206872
    outer loop
      vertex 1.64894 16.0391 0
      vertex 1.30227 23.4647 34.7889
      vertex 1.3066 23.4654 34.7942
    endloop
  endfacet
  facet normal 0.0877501 0.974376 -0.207104
    outer loop
      vertex 1.64894 16.0391 0
      vertex 1.29777 23.464 34.7837
      vertex 1.30227 23.4647 34.7889
    endloop
  endfacet
  facet normal 0.0864563 0.974484 -0.20714
    outer loop
      vertex 1.64894 16.0391 0
      vertex 1.26335 23.4587 34.7444
      vertex 1.29777 23.464 34.7837
    endloop
  endfacet
  facet normal 0.086273 0.974499 -0.207145
    outer loop
      vertex 1.64894 16.0391 0
      vertex 1.22288 23.4531 34.7012
      vertex 1.26335 23.4587 34.7444
    endloop
  endfacet
  facet normal 0.0878784 0.974366 -0.207097
    outer loop
      vertex 1.64894 16.0391 0
      vertex 1.18092 23.448 34.6594
      vertex 1.22288 23.4531 34.7012
    endloop
  endfacet
  facet normal 0.0872746 0.974416 -0.207116
    outer loop
      vertex 1.64894 16.0391 0
      vertex 1.13752 23.4433 34.619
      vertex 1.18092 23.448 34.6594
    endloop
  endfacet
  facet normal 0.0878003 0.974372 -0.207099
    outer loop
      vertex 1.64894 16.0391 0
      vertex 1.10041 23.4398 34.5868
      vertex 1.13752 23.4433 34.619
    endloop
  endfacet
  facet normal 0.0870459 0.974435 -0.207124
    outer loop
      vertex 1.10041 23.4398 34.5868
      vertex 1.64894 16.0391 0
      vertex 1.10041 16.0881 0
    endloop
  endfacet
  facet normal 0.390806 0.900359 -0.191377
    outer loop
      vertex 6.41627 14.7331 0
      vertex 5.90942 24.7023 45.8664
      vertex 6.41627 24.4918 45.9111
    endloop
  endfacet
  facet normal 0.390804 0.900359 -0.191377
    outer loop
      vertex 5.90942 24.7023 45.8664
      vertex 6.41627 14.7331 0
      vertex 5.90942 14.9531 0
    endloop
  endfacet
  facet normal 0.515025 0.838444 -0.178217
    outer loop
      vertex 8.35948 13.6768 0
      vertex 7.8875 23.7586 46.067
      vertex 8.35948 23.4812 46.1259
    endloop
  endfacet
  facet normal 0.51513 0.838382 -0.178203
    outer loop
      vertex 7.8875 23.7586 46.067
      vertex 8.35948 13.6768 0
      vertex 7.8875 13.9668 0
    endloop
  endfacet
  facet normal 0.601777 0.781211 -0.166051
    outer loop
      vertex 9.71206 12.7086 0
      vertex 9.27231 22.8789 46.254
      vertex 9.71206 22.5548 46.3229
    endloop
  endfacet
  facet normal 0.60184 0.781166 -0.16604
    outer loop
      vertex 9.27231 22.8789 46.254
      vertex 9.71206 12.7086 0
      vertex 9.27231 13.0474 0
    endloop
  endfacet
  facet normal 0.656165 0.738127 -0.156894
    outer loop
      vertex 10.5555 11.985 0
      vertex 10.14 22.2159 46.3949
      vertex 10.5555 21.8625 46.47
    endloop
  endfacet
  facet normal 0.656102 0.738181 -0.156906
    outer loop
      vertex 10.14 22.2159 46.3949
      vertex 10.5555 11.985 0
      vertex 10.14 12.3543 0
    endloop
  endfacet
  facet normal -0.992547 0.119202 -0.0253374
    outer loop
      vertex -15.6886 4.11803 11.4428
      vertex -15.6215 12.5431 48.4509
      vertex -15.6215 4.61136 11.1352
    endloop
  endfacet
  facet normal -0.992548 0.119195 -0.0253358
    outer loop
      vertex -15.6215 12.5431 48.4509
      vertex -15.6886 4.11803 11.4428
      vertex -15.6886 12.0085 48.5645
    endloop
  endfacet
  facet normal -0.707015 0.691745 -0.147035
    outer loop
      vertex -10.9582 11.6011 0
      vertex -11.3476 21.1144 46.629
      vertex -10.9582 21.4952 46.5481
    endloop
  endfacet
  facet normal -0.707107 0.691654 -0.147017
    outer loop
      vertex -11.3476 21.1144 46.629
      vertex -10.9582 11.6011 0
      vertex -11.3476 11.203 0
    endloop
  endfacet
  facet normal -0.777178 0.61553 -0.130835
    outer loop
      vertex -12.0844 10.3665 0
      vertex -12.4309 19.8954 46.8881
      vertex -12.0844 20.314 46.7992
    endloop
  endfacet
  facet normal -0.777159 0.615552 -0.13084
    outer loop
      vertex -12.4309 19.8954 46.8881
      vertex -12.0844 10.3665 0
      vertex -12.4309 9.92903 0
    endloop
  endfacet
  facet normal -0.857186 0.503753 -0.107076
    outer loop
      vertex -13.378 8.54623 0
      vertex -13.6616 18.1107 47.2675
      vertex -13.378 18.5724 47.1693
    endloop
  endfacet
  facet normal -0.857161 0.503794 -0.107084
    outer loop
      vertex -13.6616 18.1107 47.2675
      vertex -13.378 8.54623 0
      vertex -13.6616 8.06371 0
    endloop
  endfacet
  facet normal -0.906336 0.413324 -0.087855
    outer loop
      vertex -14.1785 7.0698 0
      vertex -14.4112 16.6716 47.5734
      vertex -14.1785 17.1598 47.4696
    endloop
  endfacet
  facet normal -0.906312 0.413373 -0.0878648
    outer loop
      vertex -14.4112 16.6716 47.5734
      vertex -14.1785 7.0698 0
      vertex -14.4112 6.55961 0
    endloop
  endfacet
  facet normal -0.874628 0.474201 -0.100794
    outer loop
      vertex -13.6616 8.06371 0
      vertex -13.9285 17.6397 47.3676
      vertex -13.6616 18.1107 47.2675
    endloop
  endfacet
  facet normal -0.874654 0.474154 -0.100785
    outer loop
      vertex -13.9285 17.6397 47.3676
      vertex -13.6616 8.06371 0
      vertex -13.9285 7.57137 0
    endloop
  endfacet
  facet normal -0.945555 0.318349 -0.0676676
    outer loop
      vertex -15.0029 5.53229 2.58115
      vertex -14.8237 15.6731 47.7856
      vertex -14.8237 5.74656 1.08515
    endloop
  endfacet
  facet normal -0.945567 0.318315 -0.06766
    outer loop
      vertex -14.8237 15.6731 47.7856
      vertex -15.0029 5.53229 2.58115
      vertex -15.0029 15.1638 47.8939
    endloop
  endfacet
  facet normal -0.956299 0.286001 -0.0607914
    outer loop
      vertex -15.1639 5.33986 4.2085
      vertex -15.0029 15.1638 47.8939
      vertex -15.0029 5.53229 2.58115
    endloop
  endfacet
  facet normal -0.956302 0.285992 -0.0607892
    outer loop
      vertex -15.0029 15.1638 47.8939
      vertex -15.1639 5.33986 4.2085
      vertex -15.1639 14.6487 48.0033
    endloop
  endfacet
  facet normal -0.981649 0.186531 -0.0396483
    outer loop
      vertex -15.5353 4.89589 9.85806
      vertex -15.4303 13.6037 48.2255
      vertex -15.4303 5.02147 7.84918
    endloop
  endfacet
  facet normal -0.981648 0.186534 -0.039649
    outer loop
      vertex -15.4303 13.6037 48.2255
      vertex -15.5353 4.89589 9.85806
      vertex -15.5353 13.075 48.3378
    endloop
  endfacet
  facet normal -0.996193 0.085267 -0.0181241
    outer loop
      vertex -15.7366 3.62604 11.7665
      vertex -15.6886 12.0085 48.5645
      vertex -15.6886 4.11803 11.4428
    endloop
  endfacet
  facet normal -0.996194 0.0852583 -0.0181221
    outer loop
      vertex -15.6886 12.0085 48.5645
      vertex -15.7366 3.62604 11.7665
      vertex -15.7366 11.4719 48.6786
    endloop
  endfacet
  facet normal -0.390804 0.900359 -0.191377
    outer loop
      vertex -6.41627 14.7331 0
      vertex -5.90942 24.7023 45.8664
      vertex -5.90942 14.9531 0
    endloop
  endfacet
  facet normal -0.390806 0.900359 -0.191377
    outer loop
      vertex -5.90942 24.7023 45.8664
      vertex -6.41627 14.7331 0
      vertex -6.41627 24.4918 45.9111
    endloop
  endfacet
  facet normal -0.453902 0.87158 -0.18526
    outer loop
      vertex -7.40591 14.2397 0
      vertex -6.9153 24.2642 45.9595
      vertex -6.9153 14.4952 0
    endloop
  endfacet
  facet normal -0.453976 0.871543 -0.185251
    outer loop
      vertex -6.9153 24.2642 45.9595
      vertex -7.40591 14.2397 0
      vertex -7.40591 24.0197 46.0115
    endloop
  endfacet
  facet normal -0.484791 0.855517 -0.181845
    outer loop
      vertex -7.8875 13.9668 0
      vertex -7.40591 24.0197 46.0115
      vertex -7.40591 14.2397 0
    endloop
  endfacet
  facet normal -0.484787 0.85552 -0.181845
    outer loop
      vertex -7.40591 24.0197 46.0115
      vertex -7.8875 13.9668 0
      vertex -7.8875 23.7586 46.067
    endloop
  endfacet
  facet normal -0.544652 0.820335 -0.174368
    outer loop
      vertex -8.82127 13.3702 0
      vertex -8.35948 23.4812 46.1259
      vertex -8.35948 13.6768 0
    endloop
  endfacet
  facet normal -0.544606 0.820364 -0.174375
    outer loop
      vertex -8.35948 23.4812 46.1259
      vertex -8.82127 13.3702 0
      vertex -8.82127 23.1879 46.1883
    endloop
  endfacet
  facet normal -0.358316 0.913199 -0.194107
    outer loop
      vertex -5.90942 14.9531 0
      vertex -5.39537 24.8953 45.8254
      vertex -5.39537 15.1548 0
    endloop
  endfacet
  facet normal -0.358339 0.91319 -0.194105
    outer loop
      vertex -5.39537 24.8953 45.8254
      vertex -5.90942 14.9531 0
      vertex -5.90942 24.7023 45.8664
    endloop
  endfacet
  facet normal -0.190789 0.96018 -0.204092
    outer loop
      vertex -3.27981 15.775 0
      vertex -2.7393 25.5914 45.6774
      vertex -2.7393 15.8824 0
    endloop
  endfacet
  facet normal -0.190676 0.960201 -0.204098
    outer loop
      vertex -2.7393 25.5914 45.6774
      vertex -3.27981 15.775 0
      vertex -3.27981 25.4887 45.6992
    endloop
  endfacet
  facet normal -0.258827 0.944816 -0.200826
    outer loop
      vertex -4.34818 15.5027 0
      vertex -3.81632 25.3675 45.725
      vertex -3.81632 15.6484 0
    endloop
  endfacet
  facet normal -0.258813 0.94482 -0.200827
    outer loop
      vertex -3.81632 25.3675 45.725
      vertex -4.34818 15.5027 0
      vertex -4.34818 25.2281 45.7546
    endloop
  endfacet
  facet normal -0.156504 0.966094 -0.205349
    outer loop
      vertex -2.7393 15.8824 0
      vertex -2.19546 25.6757 45.6595
      vertex -2.19546 15.9705 0
    endloop
  endfacet
  facet normal -0.156512 0.966093 -0.205349
    outer loop
      vertex -2.19546 25.6757 45.6595
      vertex -2.7393 15.8824 0
      vertex -2.7393 25.5914 45.6774
    endloop
  endfacet
  facet normal -0.0523608 0.976805 -0.20763
    outer loop
      vertex -0.550539 24.0717 37.4211
      vertex -1.10041 25.7883 45.6356
      vertex -0.550539 25.8165 45.6296
    endloop
  endfacet
  facet normal -0.0522713 0.976811 -0.207625
    outer loop
      vertex -0.581433 24.0679 37.411
      vertex -1.10041 25.7883 45.6356
      vertex -0.550539 24.0717 37.4211
    endloop
  endfacet
  facet normal -0.0516264 0.976852 -0.207593
    outer loop
      vertex -0.630554 24.0615 37.3931
      vertex -1.10041 25.7883 45.6356
      vertex -0.581433 24.0679 37.411
    endloop
  endfacet
  facet normal -0.0636992 0.976029 -0.208109
    outer loop
      vertex -0.63683 24.0606 37.3908
      vertex -1.10041 25.7883 45.6356
      vertex -0.630554 24.0615 37.3931
    endloop
  endfacet
  facet normal -0.0426238 0.977369 -0.207204
    outer loop
      vertex -0.643021 24.0598 37.3883
      vertex -1.10041 25.7883 45.6356
      vertex -0.63683 24.0606 37.3908
    endloop
  endfacet
  facet normal -0.0531037 0.976759 -0.207658
    outer loop
      vertex -0.691452 24.053 37.3687
      vertex -1.10041 25.7883 45.6356
      vertex -0.643021 24.0598 37.3883
    endloop
  endfacet
  facet normal -0.0530164 0.976764 -0.207655
    outer loop
      vertex -0.745231 24.045 37.3448
      vertex -1.10041 25.7883 45.6356
      vertex -0.691452 24.053 37.3687
    endloop
  endfacet
  facet normal -0.0507449 0.9769 -0.207586
    outer loop
      vertex -0.792086 24.0377 37.3219
      vertex -1.10041 25.7883 45.6356
      vertex -0.745231 24.045 37.3448
    endloop
  endfacet
  facet normal -0.0620789 0.976187 -0.207856
    outer loop
      vertex -0.798101 24.0367 37.319
      vertex -1.10041 25.7883 45.6356
      vertex -0.792086 24.0377 37.3219
    endloop
  endfacet
  facet normal -0.0514643 0.976857 -0.207611
    outer loop
      vertex -0.849999 24.0281 37.2914
      vertex -1.10041 25.7883 45.6356
      vertex -0.798101 24.0367 37.319
    endloop
  endfacet
  facet normal -0.0503483 0.976919 -0.207591
    outer loop
      vertex -0.855796 24.0271 37.2881
      vertex -1.10041 25.7883 45.6356
      vertex -0.849999 24.0281 37.2914
    endloop
  endfacet
  facet normal -0.0535881 0.976735 -0.207647
    outer loop
      vertex -0.900863 24.0191 37.2621
      vertex -1.10041 25.7883 45.6356
      vertex -0.855796 24.0271 37.2881
    endloop
  endfacet
  facet normal -0.0405916 0.977397 -0.207477
    outer loop
      vertex -0.906541 24.0181 37.2585
      vertex -1.10041 25.7883 45.6356
      vertex -0.900863 24.0191 37.2621
    endloop
  endfacet
  facet normal -0.0521769 0.976816 -0.207623
    outer loop
      vertex -0.950627 24.0099 37.231
      vertex -1.10041 25.7883 45.6356
      vertex -0.906541 24.0181 37.2585
    endloop
  endfacet
  facet normal -0.0529955 0.976771 -0.207628
    outer loop
      vertex -0.993675 24.0014 37.202
      vertex -1.10041 25.7883 45.6356
      vertex -0.950627 24.0099 37.231
    endloop
  endfacet
  facet normal -0.0550626 0.976657 -0.20763
    outer loop
      vertex -0.999234 24.0003 37.1983
      vertex -1.10041 25.7883 45.6356
      vertex -0.993675 24.0014 37.202
    endloop
  endfacet
  facet normal -0.0450451 0.977172 -0.207619
    outer loop
      vertex -1.00466 23.9992 37.1943
      vertex -1.10041 25.7883 45.6356
      vertex -0.999234 24.0003 37.1983
    endloop
  endfacet
  facet normal -0.0539233 0.976721 -0.207624
    outer loop
      vertex -1.04662 23.9904 37.1638
      vertex -1.10041 25.7883 45.6356
      vertex -1.00466 23.9992 37.1943
    endloop
  endfacet
  facet normal -0.0518468 0.976832 -0.207634
    outer loop
      vertex -1.09274 23.9803 37.1278
      vertex -1.10041 25.7883 45.6356
      vertex -1.04662 23.9904 37.1638
    endloop
  endfacet
  facet normal -0.0559738 0.976613 -0.207591
    outer loop
      vertex -1.10041 25.7883 45.6356
      vertex -1.09274 23.9803 37.1278
      vertex -1.10041 23.9785 37.1214
    endloop
  endfacet
  facet normal -0.354648 0.735718 -0.577013
    outer loop
      vertex -0.999234 23.4284 34.5077
      vertex -1.04662 23.4334 34.5432
      vertex -1.00466 23.429 34.5118
    endloop
  endfacet
  facet normal -0.242422 -0.911005 -0.33362
    outer loop
      vertex -0.798101 23.4126 34.3826
      vertex -0.849999 23.4159 34.4113
      vertex -0.804008 23.413 34.3858
    endloop
  endfacet
  facet normal -0.23777 0.744391 -0.623977
    outer loop
      vertex -0.63683 23.4052 34.3073
      vertex -0.691452 23.4072 34.3305
      vertex -0.685255 23.407 34.3279
    endloop
  endfacet
  facet normal -0.0524045 0.976804 -0.207626
    outer loop
      vertex -1.10041 16.0881 0
      vertex -0.550539 23.403 34.2751
      vertex -0.550539 16.1176 0
    endloop
  endfacet
  facet normal -0.0536018 0.976745 -0.207594
    outer loop
      vertex -0.550539 23.403 34.2751
      vertex -1.10041 16.0881 0
      vertex -0.581433 23.4036 34.2859
    endloop
  endfacet
  facet normal -0.051997 0.976823 -0.207635
    outer loop
      vertex -0.581433 23.4036 34.2859
      vertex -1.10041 16.0881 0
      vertex -0.63683 23.4052 34.3073
    endloop
  endfacet
  facet normal -0.0524203 0.976803 -0.207625
    outer loop
      vertex -0.63683 23.4052 34.3073
      vertex -1.10041 16.0881 0
      vertex -0.691452 23.4072 34.3305
    endloop
  endfacet
  facet normal -0.0518861 0.976829 -0.207637
    outer loop
      vertex -0.691452 23.4072 34.3305
      vertex -1.10041 16.0881 0
      vertex -0.745231 23.4097 34.3557
    endloop
  endfacet
  facet normal -0.0520629 0.97682 -0.207634
    outer loop
      vertex -0.745231 23.4097 34.3557
      vertex -1.10041 16.0881 0
      vertex -0.798101 23.4126 34.3826
    endloop
  endfacet
  facet normal -0.0527058 0.976788 -0.207621
    outer loop
      vertex -0.798101 23.4126 34.3826
      vertex -1.10041 16.0881 0
      vertex -0.849999 23.4159 34.4113
    endloop
  endfacet
  facet normal -0.0530325 0.976772 -0.207615
    outer loop
      vertex -0.849999 23.4159 34.4113
      vertex -1.10041 16.0881 0
      vertex -0.900863 23.4196 34.4417
    endloop
  endfacet
  facet normal -0.0519076 0.976828 -0.207634
    outer loop
      vertex -0.900863 23.4196 34.4417
      vertex -1.10041 16.0881 0
      vertex -0.950627 23.4238 34.4739
    endloop
  endfacet
  facet normal -0.0511854 0.976864 -0.207645
    outer loop
      vertex -0.950627 23.4238 34.4739
      vertex -1.10041 16.0881 0
      vertex -0.993675 23.4279 34.5038
    endloop
  endfacet
  facet normal -0.0577779 0.976517 -0.20755
    outer loop
      vertex -0.993675 23.4279 34.5038
      vertex -1.10041 16.0881 0
      vertex -0.999234 23.4284 34.5077
    endloop
  endfacet
  facet normal -0.052478 0.9768 -0.207626
    outer loop
      vertex -0.999234 23.4284 34.5077
      vertex -1.10041 16.0881 0
      vertex -1.04662 23.4334 34.5432
    endloop
  endfacet
  facet normal -0.0522006 0.976814 -0.207629
    outer loop
      vertex -1.04662 23.4334 34.5432
      vertex -1.10041 16.0881 0
      vertex -1.09274 23.4388 34.5802
    endloop
  endfacet
  facet normal -0.0513115 0.976859 -0.207639
    outer loop
      vertex -1.09274 23.4388 34.5802
      vertex -1.10041 16.0881 0
      vertex -1.10041 23.4398 34.5868
    endloop
  endfacet
  facet normal 0.325578 -0.924854 0.196582
    outer loop
      vertex 4.87474 -4.27948 52.0267
      vertex 5.39537 -11.4931 17.2268
      vertex 5.39537 -4.10413 51.9894
    endloop
  endfacet
  facet normal 0.325618 -0.92484 0.19658
    outer loop
      vertex 5.39537 -11.4931 17.2268
      vertex 4.87474 -4.27948 52.0267
      vertex 4.87474 -11.697 17.1299
    endloop
  endfacet
  facet normal 0.601811 -0.781186 0.166046
    outer loop
      vertex 9.27231 -2.08777 51.5608
      vertex 9.71206 -8.77604 18.5011
      vertex 9.71206 -1.76364 51.4919
    endloop
  endfacet
  facet normal 0.601815 -0.781183 0.166045
    outer loop
      vertex 9.71206 -8.77604 18.5011
      vertex 9.27231 -2.08777 51.5608
      vertex 9.27231 -9.15208 18.3258
    endloop
  endfacet
  facet normal 0.515052 -0.838428 0.178213
    outer loop
      vertex 7.8875 -2.96743 51.7478
      vertex 8.35948 -9.85094 17.9994
      vertex 8.35948 -2.69003 51.6888
    endloop
  endfacet
  facet normal 0.515035 -0.838438 0.178215
    outer loop
      vertex 8.35948 -9.85094 17.9994
      vertex 7.8875 -2.96743 51.7478
      vertex 7.8875 -10.1729 17.8487
    endloop
  endfacet
  facet normal 0.798693 -0.58859 0.125109
    outer loop
      vertex 12.4309 -5.90432 18.9348
      vertex 12.7622 1.32589 50.8352
      vertex 12.4309 0.895757 50.9266
    endloop
  endfacet
  facet normal 0.798902 -0.588318 0.125051
    outer loop
      vertex 12.7622 1.32589 50.8352
      vertex 12.6722 -5.60299 18.8123
      vertex 12.7622 -5.4944 18.7482
    endloop
  endfacet
  facet normal 0.797892 -0.589626 0.125336
    outer loop
      vertex 12.7622 1.32589 50.8352
      vertex 12.6655 -5.6111 18.8168
      vertex 12.6722 -5.60299 18.8123
    endloop
  endfacet
  facet normal 0.798882 -0.588343 0.125056
    outer loop
      vertex 12.7622 1.32589 50.8352
      vertex 12.6519 -5.62759 18.8261
      vertex 12.6655 -5.6111 18.8168
    endloop
  endfacet
  facet normal 0.798016 -0.589466 0.125302
    outer loop
      vertex 12.7622 1.32589 50.8352
      vertex 12.6449 -5.63611 18.8306
      vertex 12.6519 -5.62759 18.8261
    endloop
  endfacet
  facet normal 0.798218 -0.589204 0.125245
    outer loop
      vertex 12.7622 1.32589 50.8352
      vertex 12.6308 -5.65332 18.8395
      vertex 12.6449 -5.63611 18.8306
    endloop
  endfacet
  facet normal 0.799314 -0.587784 0.12493
    outer loop
      vertex 12.7622 1.32589 50.8352
      vertex 12.6091 -5.68013 18.8522
      vertex 12.6308 -5.65332 18.8395
    endloop
  endfacet
  facet normal 0.79764 -0.589951 0.125413
    outer loop
      vertex 12.7622 1.32589 50.8352
      vertex 12.6016 -5.68942 18.8562
      vertex 12.6091 -5.68013 18.8522
    endloop
  endfacet
  facet normal 0.797801 -0.589744 0.125367
    outer loop
      vertex 12.7622 1.32589 50.8352
      vertex 12.5866 -5.70799 18.8643
      vertex 12.6016 -5.68942 18.8562
    endloop
  endfacet
  facet normal 0.799805 -0.587147 0.124785
    outer loop
      vertex 12.7622 1.32589 50.8352
      vertex 12.5789 -5.71765 18.8682
      vertex 12.5866 -5.70799 18.8643
    endloop
  endfacet
  facet normal 0.797698 -0.589876 0.125398
    outer loop
      vertex 12.7622 1.32589 50.8352
      vertex 12.5635 -5.73686 18.8758
      vertex 12.5789 -5.71765 18.8682
    endloop
  endfacet
  facet normal 0.798575 -0.588742 0.125142
    outer loop
      vertex 12.7622 1.32589 50.8352
      vertex 12.5398 -5.76669 18.8867
      vertex 12.5635 -5.73686 18.8758
    endloop
  endfacet
  facet normal 0.798851 -0.588385 0.125061
    outer loop
      vertex 12.7622 1.32589 50.8352
      vertex 12.4309 -5.90432 18.9348
      vertex 12.5398 -5.76669 18.8867
    endloop
  endfacet
  facet normal 0.90631 -0.413378 0.0878661
    outer loop
      vertex 14.1785 -3.3971 17.2787
      vertex 14.4112 4.11952 50.2414
      vertex 14.1785 3.6314 50.3452
    endloop
  endfacet
  facet normal 0.905859 -0.414323 0.0880671
    outer loop
      vertex 14.4112 4.11952 50.2414
      vertex 14.401 -2.97741 16.9579
      vertex 14.4112 -2.95834 16.9427
    endloop
  endfacet
  facet normal 0.906373 -0.413246 0.0878372
    outer loop
      vertex 14.4112 4.11952 50.2414
      vertex 14.2724 -3.22004 17.1434
      vertex 14.401 -2.97741 16.9579
    endloop
  endfacet
  facet normal 0.90627 -0.413463 0.0878859
    outer loop
      vertex 14.4112 4.11952 50.2414
      vertex 14.1785 -3.3971 17.2787
      vertex 14.2724 -3.22004 17.1434
    endloop
  endfacet
  facet normal 0.945554 -0.318354 0.0676683
    outer loop
      vertex 14.8237 -2.07534 16.1866
      vertex 15.0029 5.62737 49.9209
      vertex 14.8237 5.11812 50.0291
    endloop
  endfacet
  facet normal 0.945556 -0.318346 0.0676666
    outer loop
      vertex 15.0029 5.62737 49.9209
      vertex 14.8237 -2.07534 16.1866
      vertex 15.0029 -1.62047 15.8225
    endloop
  endfacet
  facet normal 0.965932 -0.253141 0.0538068
    outer loop
      vertex 15.1639 -1.161 15.4515
      vertex 15.3064 6.66266 49.7008
      vertex 15.1639 6.14242 49.8114
    endloop
  endfacet
  facet normal 0.965932 -0.253141 0.0538068
    outer loop
      vertex 15.3064 6.66266 49.7008
      vertex 15.1639 -1.161 15.4515
      vertex 15.3064 -0.700148 15.0615
    endloop
  endfacet
  facet normal -0.121836 -0.970861 0.206363
    outer loop
      vertex -2.19546 -12.4019 16.7889
      vertex -1.64894 -4.95016 52.1692
      vertex -2.19546 -4.88453 52.1553
    endloop
  endfacet
  facet normal -0.121919 -0.97085 0.206362
    outer loop
      vertex -1.64894 -4.95016 52.1692
      vertex -2.19546 -12.4019 16.7889
      vertex -1.64894 -12.4788 16.75
    endloop
  endfacet
  facet normal -0.70707 -0.691691 0.147024
    outer loop
      vertex -11.3476 -7.13255 19.1502
      vertex -10.9582 -0.704028 51.2667
      vertex -11.3476 -0.323187 51.1857
    endloop
  endfacet
  facet normal -0.707853 -0.69092 0.146879
    outer loop
      vertex -11.3347 -7.146 19.1491
      vertex -10.9582 -0.704028 51.2667
      vertex -11.3476 -7.13255 19.1502
    endloop
  endfacet
  facet normal -0.705116 -0.693606 0.147385
    outer loop
      vertex -11.3234 -7.1577 19.1481
      vertex -10.9582 -0.704028 51.2667
      vertex -11.3347 -7.146 19.1491
    endloop
  endfacet
  facet normal -0.707601 -0.691169 0.146924
    outer loop
      vertex -11.3039 -7.17811 19.146
      vertex -10.9582 -0.704028 51.2667
      vertex -11.3234 -7.1577 19.1481
    endloop
  endfacet
  facet normal -0.706018 -0.692722 0.14722
    outer loop
      vertex -11.2927 -7.18978 19.1448
      vertex -10.9582 -0.704028 51.2667
      vertex -11.3039 -7.17811 19.146
    endloop
  endfacet
  facet normal -0.707399 -0.691368 0.146961
    outer loop
      vertex -11.2733 -7.21014 19.1424
      vertex -10.9582 -0.704028 51.2667
      vertex -11.2927 -7.18978 19.1448
    endloop
  endfacet
  facet normal -0.706 -0.69274 0.147225
    outer loop
      vertex -11.2622 -7.22175 19.141
      vertex -10.9582 -0.704028 51.2667
      vertex -11.2733 -7.21014 19.1424
    endloop
  endfacet
  facet normal -0.708287 -0.690494 0.146791
    outer loop
      vertex -11.243 -7.24204 19.1382
      vertex -10.9582 -0.704028 51.2667
      vertex -11.2622 -7.22175 19.141
    endloop
  endfacet
  facet normal -0.705981 -0.692758 0.147231
    outer loop
      vertex -11.232 -7.25359 19.1366
      vertex -10.9582 -0.704028 51.2667
      vertex -11.243 -7.24204 19.1382
    endloop
  endfacet
  facet normal -0.706982 -0.691777 0.14704
    outer loop
      vertex -11.2129 -7.27379 19.1334
      vertex -10.9582 -0.704028 51.2667
      vertex -11.232 -7.25359 19.1366
    endloop
  endfacet
  facet normal -0.708575 -0.690211 0.146732
    outer loop
      vertex -11.2021 -7.28526 19.1316
      vertex -10.9582 -0.704028 51.2667
      vertex -11.2129 -7.27379 19.1334
    endloop
  endfacet
  facet normal -0.707541 -0.691229 0.146933
    outer loop
      vertex -11.1832 -7.30535 19.1281
      vertex -10.9582 -0.704028 51.2667
      vertex -11.2021 -7.28526 19.1316
    endloop
  endfacet
  facet normal -0.704331 -0.694366 0.147555
    outer loop
      vertex -11.1724 -7.31673 19.1261
      vertex -10.9582 -0.704028 51.2667
      vertex -11.1832 -7.30535 19.1281
    endloop
  endfacet
  facet normal -0.707167 -0.691596 0.147004
    outer loop
      vertex -11.1537 -7.33668 19.1222
      vertex -10.9582 -0.704028 51.2667
      vertex -11.1724 -7.31673 19.1261
    endloop
  endfacet
  facet normal -0.709649 -0.689153 0.146515
    outer loop
      vertex -11.1432 -7.34796 19.12
      vertex -10.9582 -0.704028 51.2667
      vertex -11.1537 -7.33668 19.1222
    endloop
  endfacet
  facet normal -0.706597 -0.692154 0.147118
    outer loop
      vertex -11.1247 -7.36776 19.1157
      vertex -10.9582 -0.704028 51.2667
      vertex -11.1432 -7.34796 19.12
    endloop
  endfacet
  facet normal -0.707687 -0.691085 0.146902
    outer loop
      vertex -11.1143 -7.37892 19.1133
      vertex -10.9582 -0.704028 51.2667
      vertex -11.1247 -7.36776 19.1157
    endloop
  endfacet
  facet normal -0.706037 -0.692702 0.147229
    outer loop
      vertex -11.096 -7.39855 19.1087
      vertex -10.9582 -0.704028 51.2667
      vertex -11.1143 -7.37892 19.1133
    endloop
  endfacet
  facet normal -0.708439 -0.690347 0.146749
    outer loop
      vertex -11.0858 -7.40957 19.1061
      vertex -10.9582 -0.704028 51.2667
      vertex -11.096 -7.39855 19.1087
    endloop
  endfacet
  facet normal -0.70656 -0.69219 0.147126
    outer loop
      vertex -11.0577 -7.43989 19.0984
      vertex -10.9582 -0.704028 51.2667
      vertex -11.0858 -7.40957 19.1061
    endloop
  endfacet
  facet normal -0.706848 -0.691908 0.147068
    outer loop
      vertex -11.04 -7.45912 19.093
      vertex -10.9582 -0.704028 51.2667
      vertex -11.0577 -7.43989 19.0984
    endloop
  endfacet
  facet normal -0.710071 -0.68874 0.146411
    outer loop
      vertex -11.0302 -7.46984 19.0901
      vertex -10.9582 -0.704028 51.2667
      vertex -11.04 -7.45912 19.093
    endloop
  endfacet
  facet normal -0.706902 -0.691855 0.147059
    outer loop
      vertex -11.0128 -7.48883 19.0844
      vertex -10.9582 -0.704028 51.2667
      vertex -11.0302 -7.46984 19.0901
    endloop
  endfacet
  facet normal -0.70543 -0.693291 0.147359
    outer loop
      vertex -11.0031 -7.49938 19.0812
      vertex -10.9582 -0.704028 51.2667
      vertex -11.0128 -7.48883 19.0844
    endloop
  endfacet
  facet normal -0.706756 -0.691998 0.147088
    outer loop
      vertex -10.986 -7.51812 19.0752
      vertex -10.9582 -0.704028 51.2667
      vertex -11.0031 -7.49938 19.0812
    endloop
  endfacet
  facet normal -0.708886 -0.68991 0.146648
    outer loop
      vertex -10.9766 -7.52848 19.0719
      vertex -10.9582 -0.704028 51.2667
      vertex -10.986 -7.51812 19.0752
    endloop
  endfacet
  facet normal -0.707655 -0.691117 0.146903
    outer loop
      vertex -10.9599 -7.54694 19.0655
      vertex -10.9582 -0.704028 51.2667
      vertex -10.9766 -7.52848 19.0719
    endloop
  endfacet
  facet normal -0.691234 -0.70684 0.150243
    outer loop
      vertex -10.9582 -0.704028 51.2667
      vertex -10.9599 -7.54694 19.0655
      vertex -10.9582 -7.54873 19.0649
    endloop
  endfacet
  facet normal -0.484801 -0.855512 0.181845
    outer loop
      vertex -7.8875 -10.1729 17.8487
      vertex -7.40591 -3.22854 51.8033
      vertex -7.8875 -2.96743 51.7478
    endloop
  endfacet
  facet normal -0.484757 -0.855536 0.181849
    outer loop
      vertex -7.40591 -3.22854 51.8033
      vertex -7.8875 -10.1729 17.8487
      vertex -7.40591 -10.476 17.7065
    endloop
  endfacet
  facet normal -0.292351 -0.935413 0.198828
    outer loop
      vertex -4.87474 -11.697 17.1299
      vertex -4.34818 -4.43695 52.0601
      vertex -4.87474 -4.27948 52.0267
    endloop
  endfacet
  facet normal -0.292403 -0.935398 0.198825
    outer loop
      vertex -4.34818 -4.43695 52.0601
      vertex -4.87474 -11.697 17.1299
      vertex -4.34818 -11.8802 17.0424
    endloop
  endfacet
  facet normal -0.190832 -0.960172 0.204091
    outer loop
      vertex -3.27981 -12.1836 16.8962
      vertex -2.7393 -4.80027 52.1374
      vertex -3.27981 -4.6975 52.1155
    endloop
  endfacet
  facet normal -0.190811 -0.960176 0.204092
    outer loop
      vertex -2.78602 -12.2931 16.8427
      vertex -2.7393 -4.80027 52.1374
      vertex -3.27981 -12.1836 16.8962
    endloop
  endfacet
  facet normal -0.191435 -0.960057 0.204067
    outer loop
      vertex -2.7393 -4.80027 52.1374
      vertex -2.78602 -12.2931 16.8427
      vertex -2.7393 -12.3035 16.8376
    endloop
  endfacet
  facet normal -0.0871792 -0.974423 0.207122
    outer loop
      vertex -1.64894 -12.4788 16.75
      vertex -1.10041 -4.99711 52.1792
      vertex -1.64894 -4.95016 52.1692
    endloop
  endfacet
  facet normal -0.0871091 -0.974429 0.207122
    outer loop
      vertex -1.10041 -4.99711 52.1792
      vertex -1.64894 -12.4788 16.75
      vertex -1.10041 -12.534 16.721
    endloop
  endfacet
  facet normal -0.798902 -0.588318 0.125051
    outer loop
      vertex -12.6722 -5.60299 18.8123
      vertex -12.7622 1.32589 50.8352
      vertex -12.7622 -5.4944 18.7482
    endloop
  endfacet
  facet normal -0.797892 -0.589626 0.125336
    outer loop
      vertex -12.6655 -5.6111 18.8168
      vertex -12.7622 1.32589 50.8352
      vertex -12.6722 -5.60299 18.8123
    endloop
  endfacet
  facet normal -0.798882 -0.588343 0.125056
    outer loop
      vertex -12.6519 -5.62759 18.8261
      vertex -12.7622 1.32589 50.8352
      vertex -12.6655 -5.6111 18.8168
    endloop
  endfacet
  facet normal -0.798016 -0.589466 0.125302
    outer loop
      vertex -12.6449 -5.63611 18.8306
      vertex -12.7622 1.32589 50.8352
      vertex -12.6519 -5.62759 18.8261
    endloop
  endfacet
  facet normal -0.798218 -0.589204 0.125245
    outer loop
      vertex -12.6308 -5.65332 18.8395
      vertex -12.7622 1.32589 50.8352
      vertex -12.6449 -5.63611 18.8306
    endloop
  endfacet
  facet normal -0.799314 -0.587784 0.12493
    outer loop
      vertex -12.6091 -5.68013 18.8522
      vertex -12.7622 1.32589 50.8352
      vertex -12.6308 -5.65332 18.8395
    endloop
  endfacet
  facet normal -0.79764 -0.589951 0.125413
    outer loop
      vertex -12.6016 -5.68942 18.8562
      vertex -12.7622 1.32589 50.8352
      vertex -12.6091 -5.68013 18.8522
    endloop
  endfacet
  facet normal -0.797801 -0.589744 0.125367
    outer loop
      vertex -12.5866 -5.70799 18.8643
      vertex -12.7622 1.32589 50.8352
      vertex -12.6016 -5.68942 18.8562
    endloop
  endfacet
  facet normal -0.799805 -0.587147 0.124785
    outer loop
      vertex -12.5789 -5.71765 18.8682
      vertex -12.7622 1.32589 50.8352
      vertex -12.5866 -5.70799 18.8643
    endloop
  endfacet
  facet normal -0.797698 -0.589876 0.125398
    outer loop
      vertex -12.5635 -5.73686 18.8758
      vertex -12.7622 1.32589 50.8352
      vertex -12.5789 -5.71765 18.8682
    endloop
  endfacet
  facet normal -0.798575 -0.588742 0.125142
    outer loop
      vertex -12.5398 -5.76669 18.8867
      vertex -12.7622 1.32589 50.8352
      vertex -12.5635 -5.73686 18.8758
    endloop
  endfacet
  facet normal -0.798851 -0.588385 0.125061
    outer loop
      vertex -12.4309 -5.90432 18.9348
      vertex -12.7622 1.32589 50.8352
      vertex -12.5398 -5.76669 18.8867
    endloop
  endfacet
  facet normal -0.798693 -0.58859 0.125109
    outer loop
      vertex -12.7622 1.32589 50.8352
      vertex -12.4309 -5.90432 18.9348
      vertex -12.4309 0.895757 50.9266
    endloop
  endfacet
  facet normal -0.769937 -0.624176 0.132673
    outer loop
      vertex -12.4284 -5.90717 18.9359
      vertex -12.4309 0.895757 50.9266
      vertex -12.4309 -5.90432 18.9348
    endloop
  endfacet
  facet normal -0.777157 -0.615555 0.130839
    outer loop
      vertex -12.2092 -6.16332 19.0328
      vertex -12.4309 0.895757 50.9266
      vertex -12.4284 -5.90717 18.9359
    endloop
  endfacet
  facet normal -0.779258 -0.613016 0.130263
    outer loop
      vertex -12.201 -6.173 19.0363
      vertex -12.4309 0.895757 50.9266
      vertex -12.2092 -6.16332 19.0328
    endloop
  endfacet
  facet normal -0.777175 -0.615533 0.130835
    outer loop
      vertex -12.1858 -6.19081 19.0428
      vertex -12.4309 0.895757 50.9266
      vertex -12.201 -6.173 19.0363
    endloop
  endfacet
  facet normal -0.776005 -0.616939 0.131157
    outer loop
      vertex -12.1773 -6.2008 19.0461
      vertex -12.4309 0.895757 50.9266
      vertex -12.1858 -6.19081 19.0428
    endloop
  endfacet
  facet normal -0.7779 -0.61466 0.130635
    outer loop
      vertex -12.1618 -6.21912 19.0522
      vertex -12.4309 0.895757 50.9266
      vertex -12.1773 -6.2008 19.0461
    endloop
  endfacet
  facet normal -0.776453 -0.616401 0.131035
    outer loop
      vertex -12.1531 -6.22942 19.0553
      vertex -12.4309 0.895757 50.9266
      vertex -12.1618 -6.21912 19.0522
    endloop
  endfacet
  facet normal -0.776194 -0.616712 0.131107
    outer loop
      vertex -12.1372 -6.24822 19.061
      vertex -12.4309 0.895757 50.9266
      vertex -12.1531 -6.22942 19.0553
    endloop
  endfacet
  facet normal -0.776606 -0.616218 0.130993
    outer loop
      vertex -12.1283 -6.25882 19.0639
      vertex -12.4309 0.895757 50.9266
      vertex -12.1372 -6.24822 19.061
    endloop
  endfacet
  facet normal -0.778379 -0.614082 0.130496
    outer loop
      vertex -12.1122 -6.27808 19.0693
      vertex -12.4309 0.895757 50.9266
      vertex -12.1283 -6.25882 19.0639
    endloop
  endfacet
  facet normal -0.775944 -0.617011 0.13118
    outer loop
      vertex -12.1031 -6.28895 19.072
      vertex -12.4309 0.895757 50.9266
      vertex -12.1122 -6.27808 19.0693
    endloop
  endfacet
  facet normal -0.777691 -0.614912 0.130689
    outer loop
      vertex -12.0867 -6.30865 19.0769
      vertex -12.4309 0.895757 50.9266
      vertex -12.1031 -6.28895 19.072
    endloop
  endfacet
  facet normal -0.777167 -0.615543 0.130837
    outer loop
      vertex -12.4309 0.895757 50.9266
      vertex -12.0867 -6.30865 19.0769
      vertex -12.0844 0.477194 51.0156
    endloop
  endfacet
  facet normal -0.781857 -0.609834 0.129624
    outer loop
      vertex -12.0844 0.477194 51.0156
      vertex -12.0867 -6.30865 19.0769
      vertex -12.0844 -6.31145 19.0776
    endloop
  endfacet
  facet normal -0.874587 -0.474272 0.10081
    outer loop
      vertex -13.7832 -4.05257 17.8152
      vertex -13.9285 3.15151 50.4472
      vertex -13.9285 -3.82546 17.6231
    endloop
  endfacet
  facet normal -0.877395 -0.469295 0.0996983
    outer loop
      vertex -13.7778 -4.0612 17.8221
      vertex -13.9285 3.15151 50.4472
      vertex -13.7832 -4.05257 17.8152
    endloop
  endfacet
  facet normal -0.874357 -0.474677 0.100902
    outer loop
      vertex -13.7611 -4.08754 17.8429
      vertex -13.9285 3.15151 50.4472
      vertex -13.7778 -4.0612 17.8221
    endloop
  endfacet
  facet normal -0.873125 -0.476838 0.101388
    outer loop
      vertex -13.7552 -4.09694 17.8495
      vertex -13.9285 3.15151 50.4472
      vertex -13.7611 -4.08754 17.8429
    endloop
  endfacet
  facet normal -0.874202 -0.47495 0.100963
    outer loop
      vertex -13.7375 -4.12531 17.8693
      vertex -13.9285 3.15151 50.4472
      vertex -13.7552 -4.09694 17.8495
    endloop
  endfacet
  facet normal -0.874867 -0.47378 0.100697
    outer loop
      vertex -13.6616 -4.24827 17.9502
      vertex -13.9285 3.15151 50.4472
      vertex -13.7375 -4.12531 17.8693
    endloop
  endfacet
  facet normal -0.874653 -0.474157 0.100785
    outer loop
      vertex -13.9285 3.15151 50.4472
      vertex -13.6616 -4.24827 17.9502
      vertex -13.6616 2.68045 50.5473
    endloop
  endfacet
  facet normal -0.965932 -0.253141 0.0538068
    outer loop
      vertex -15.1639 -1.161 15.4515
      vertex -15.3064 6.66266 49.7008
      vertex -15.3064 -0.700148 15.0615
    endloop
  endfacet
  facet normal -0.965932 -0.253141 0.0538068
    outer loop
      vertex -15.3064 6.66266 49.7008
      vertex -15.1639 -1.161 15.4515
      vertex -15.1639 6.14242 49.8114
    endloop
  endfacet
  facet normal -0.956358 -0.285812 0.0607513
    outer loop
      vertex -15.1159 -1.29617 15.5712
      vertex -15.1639 6.14242 49.8114
      vertex -15.1639 -1.161 15.4515
    endloop
  endfacet
  facet normal -0.954254 -0.292456 0.0621974
    outer loop
      vertex -15.1144 -1.30032 15.5747
      vertex -15.1639 6.14242 49.8114
      vertex -15.1159 -1.29617 15.5712
    endloop
  endfacet
  facet normal -0.956041 -0.286825 0.0609709
    outer loop
      vertex -15.1041 -1.32938 15.5995
      vertex -15.1639 6.14242 49.8114
      vertex -15.1144 -1.30032 15.5747
    endloop
  endfacet
  facet normal -0.957371 -0.282554 0.0600357
    outer loop
      vertex -15.1026 -1.33374 15.6029
      vertex -15.1639 6.14242 49.8114
      vertex -15.1041 -1.32938 15.5995
    endloop
  endfacet
  facet normal -0.95674 -0.284588 0.0604815
    outer loop
      vertex -15.0921 -1.36396 15.6268
      vertex -15.1639 6.14242 49.8114
      vertex -15.1026 -1.33374 15.6029
    endloop
  endfacet
  facet normal -0.956258 -0.28613 0.0608211
    outer loop
      vertex -15.0071 -1.60839 15.8133
      vertex -15.1639 6.14242 49.8114
      vertex -15.0921 -1.36396 15.6268
    endloop
  endfacet
  facet normal -0.956253 -0.286148 0.0608252
    outer loop
      vertex -15.0029 -1.62047 15.8225
      vertex -15.1639 6.14242 49.8114
      vertex -15.0071 -1.60839 15.8133
    endloop
  endfacet
  facet normal -0.956298 -0.286006 0.0607924
    outer loop
      vertex -15.1639 6.14242 49.8114
      vertex -15.0029 -1.62047 15.8225
      vertex -15.0029 5.62737 49.9209
    endloop
  endfacet
  facet normal -0.992765 -0.117447 0.0249642
    outer loop
      vertex -15.6866 1.19294 13.6228
      vertex -15.6886 8.78268 49.2502
      vertex -15.6886 1.20721 13.6104
    endloop
  endfacet
  facet normal -0.992268 -0.121403 0.0258069
    outer loop
      vertex -15.686 1.18878 13.6263
      vertex -15.6886 8.78268 49.2502
      vertex -15.6866 1.19294 13.6228
    endloop
  endfacet
  facet normal -0.992433 -0.120102 0.0255295
    outer loop
      vertex -15.6766 1.12269 13.6808
      vertex -15.6886 8.78268 49.2502
      vertex -15.686 1.18878 13.6263
    endloop
  endfacet
  facet normal -0.993091 -0.114785 0.0243844
    outer loop
      vertex -15.676 1.1182 13.6841
      vertex -15.6886 8.78268 49.2502
      vertex -15.6766 1.12269 13.6808
    endloop
  endfacet
  facet normal -0.9926 -0.11878 0.0252455
    outer loop
      vertex -15.6664 1.04888 13.7354
      vertex -15.6886 8.78268 49.2502
      vertex -15.676 1.1182 13.6841
    endloop
  endfacet
  facet normal -0.992524 -0.119386 0.0253773
    outer loop
      vertex -15.6405 0.861468 13.8667
      vertex -15.6886 8.78268 49.2502
      vertex -15.6664 1.04888 13.7354
    endloop
  endfacet
  facet normal -0.992574 -0.118982 0.0252869
    outer loop
      vertex -15.6215 0.723496 13.9633
      vertex -15.6886 8.78268 49.2502
      vertex -15.6405 0.861468 13.8667
    endloop
  endfacet
  facet normal -0.992547 -0.119202 0.0253371
    outer loop
      vertex -15.6886 8.78268 49.2502
      vertex -15.6215 0.723496 13.9633
      vertex -15.6215 8.24811 49.3638
    endloop
  endfacet
  facet normal -0.987671 -0.153124 0.0325476
    outer loop
      vertex -15.5353 0.242677 14.317
      vertex -15.6215 8.24811 49.3638
      vertex -15.6215 0.723496 13.9633
    endloop
  endfacet
  facet normal -0.987671 -0.153124 0.0325476
    outer loop
      vertex -15.6215 8.24811 49.3638
      vertex -15.5353 0.242677 14.317
      vertex -15.5353 7.71615 49.4769
    endloop
  endfacet
  facet normal 0.996194 0.0852583 -0.0181221
    outer loop
      vertex 15.7366 3.62604 11.7665
      vertex 15.6886 12.0085 48.5645
      vertex 15.7366 11.4719 48.6786
    endloop
  endfacet
  facet normal 0.996193 0.085267 -0.0181241
    outer loop
      vertex 15.6886 12.0085 48.5645
      vertex 15.7366 3.62604 11.7665
      vertex 15.6886 4.11803 11.4428
    endloop
  endfacet
  facet normal 0.998631 0.0511667 -0.0108758
    outer loop
      vertex 15.7654 3.136 12.1058
      vertex 15.7366 11.4719 48.6786
      vertex 15.7654 10.9341 48.7929
    endloop
  endfacet
  facet normal 0.998631 0.0511608 -0.0108745
    outer loop
      vertex 15.7366 11.4719 48.6786
      vertex 15.7654 3.136 12.1058
      vertex 15.7366 3.62604 11.7665
    endloop
  endfacet
  facet normal 0.974358 0.220088 -0.046781
    outer loop
      vertex 15.4303 5.02147 7.84918
      vertex 15.3064 14.1285 48.1139
      vertex 15.4303 13.6037 48.2255
    endloop
  endfacet
  facet normal 0.974355 0.220098 -0.0467832
    outer loop
      vertex 15.3064 14.1285 48.1139
      vertex 15.4303 5.02147 7.84918
      vertex 15.3064 5.16952 5.96523
    endloop
  endfacet
  facet normal 0.981648 0.186534 -0.039649
    outer loop
      vertex 15.5353 4.89589 9.85806
      vertex 15.4303 13.6037 48.2255
      vertex 15.5353 13.075 48.3378
    endloop
  endfacet
  facet normal 0.981649 0.186531 -0.0396483
    outer loop
      vertex 15.4303 13.6037 48.2255
      vertex 15.5353 4.89589 9.85806
      vertex 15.4303 5.02147 7.84918
    endloop
  endfacet
  facet normal 0.933532 0.350659 -0.0745353
    outer loop
      vertex 14.8237 5.74656 1.08515
      vertex 14.6263 16.1759 47.6787
      vertex 14.8237 15.6731 47.7856
    endloop
  endfacet
  facet normal 0.933536 0.350651 -0.0745334
    outer loop
      vertex 14.6263 16.1759 47.6787
      vertex 14.8237 5.74656 1.08515
      vertex 14.6263 6.04144 0
    endloop
  endfacet
  facet normal 0.933638 0.350385 -0.0745006
    outer loop
      vertex 14.6263 6.04144 0
      vertex 14.6743 5.92502 0.0539965
      vertex 14.6667 5.93379 0
    endloop
  endfacet
  facet normal 0.93365 0.350324 -0.074643
    outer loop
      vertex 14.6263 6.04144 0
      vertex 14.8237 5.74656 1.08515
      vertex 14.6743 5.92502 0.0539965
    endloop
  endfacet
  facet normal 0.777178 0.61553 -0.130835
    outer loop
      vertex 12.4309 19.8954 46.8881
      vertex 12.0844 10.3665 0
      vertex 12.0844 20.314 46.7992
    endloop
  endfacet
  facet normal 0.777159 0.615552 -0.13084
    outer loop
      vertex 12.0844 10.3665 0
      vertex 12.4309 19.8954 46.8881
      vertex 12.4309 9.92903 0
    endloop
  endfacet
  facet normal 0.819085 0.561136 -0.119273
    outer loop
      vertex 13.0781 19.0241 47.0733
      vertex 12.7622 9.47946 0
      vertex 12.7622 19.4653 46.9796
    endloop
  endfacet
  facet normal 0.819087 0.561133 -0.119273
    outer loop
      vertex 12.7622 9.47946 0
      vertex 13.0781 19.0241 47.0733
      vertex 13.0781 9.01834 0
    endloop
  endfacet
  facet normal 0.838662 0.532751 -0.11324
    outer loop
      vertex 13.378 18.5724 47.1693
      vertex 13.0781 9.01834 0
      vertex 13.0781 19.0241 47.0733
    endloop
  endfacet
  facet normal 0.838664 0.532747 -0.113239
    outer loop
      vertex 13.0781 9.01834 0
      vertex 13.378 18.5724 47.1693
      vertex 13.378 8.54623 0
    endloop
  endfacet
  facet normal 0.906336 0.413324 -0.087855
    outer loop
      vertex 14.4112 16.6716 47.5734
      vertex 14.1785 7.0698 0
      vertex 14.1785 17.1598 47.4696
    endloop
  endfacet
  facet normal 0.906312 0.413373 -0.0878648
    outer loop
      vertex 14.1785 7.0698 0
      vertex 14.4112 16.6716 47.5734
      vertex 14.4112 6.55961 0
    endloop
  endfacet
  facet normal 0.325657 0.924827 -0.196578
    outer loop
      vertex 5.39537 15.1548 0
      vertex 4.87474 25.0707 45.7881
      vertex 5.39537 24.8953 45.8254
    endloop
  endfacet
  facet normal 0.325612 0.924842 -0.196582
    outer loop
      vertex 4.87474 25.0707 45.7881
      vertex 5.39537 15.1548 0
      vertex 4.87474 15.3381 0
    endloop
  endfacet
  facet normal 0.358339 0.91319 -0.194105
    outer loop
      vertex 5.90942 14.9531 0
      vertex 5.39537 24.8953 45.8254
      vertex 5.90942 24.7023 45.8664
    endloop
  endfacet
  facet normal 0.358316 0.913199 -0.194107
    outer loop
      vertex 5.39537 24.8953 45.8254
      vertex 5.90942 14.9531 0
      vertex 5.39537 15.1548 0
    endloop
  endfacet
  facet normal 0.190676 0.960201 -0.204098
    outer loop
      vertex 3.27981 15.775 0
      vertex 2.7393 25.5914 45.6774
      vertex 3.27981 25.4887 45.6992
    endloop
  endfacet
  facet normal 0.190789 0.96018 -0.204092
    outer loop
      vertex 2.7393 25.5914 45.6774
      vertex 3.27981 15.775 0
      vertex 2.7393 15.8824 0
    endloop
  endfacet
  facet normal 0.225042 0.953057 -0.202578
    outer loop
      vertex 3.81632 15.6484 0
      vertex 3.27981 25.4887 45.6992
      vertex 3.81632 25.3675 45.725
    endloop
  endfacet
  facet normal 0.2249 0.953089 -0.202586
    outer loop
      vertex 3.27981 25.4887 45.6992
      vertex 3.81632 15.6484 0
      vertex 3.27981 15.775 0
    endloop
  endfacet
  facet normal 0.0523608 0.976805 -0.20763
    outer loop
      vertex 1.10041 25.7883 45.6356
      vertex 0.550539 24.0717 37.4211
      vertex 0.550539 25.8165 45.6296
    endloop
  endfacet
  facet normal 0.0522713 0.976811 -0.207625
    outer loop
      vertex 1.10041 25.7883 45.6356
      vertex 0.581433 24.0679 37.411
      vertex 0.550539 24.0717 37.4211
    endloop
  endfacet
  facet normal 0.0516264 0.976852 -0.207593
    outer loop
      vertex 1.10041 25.7883 45.6356
      vertex 0.630554 24.0615 37.3931
      vertex 0.581433 24.0679 37.411
    endloop
  endfacet
  facet normal 0.0636992 0.976029 -0.208109
    outer loop
      vertex 1.10041 25.7883 45.6356
      vertex 0.63683 24.0606 37.3908
      vertex 0.630554 24.0615 37.3931
    endloop
  endfacet
  facet normal 0.0426238 0.977369 -0.207204
    outer loop
      vertex 1.10041 25.7883 45.6356
      vertex 0.643021 24.0598 37.3883
      vertex 0.63683 24.0606 37.3908
    endloop
  endfacet
  facet normal 0.0531037 0.976759 -0.207658
    outer loop
      vertex 1.10041 25.7883 45.6356
      vertex 0.691452 24.053 37.3687
      vertex 0.643021 24.0598 37.3883
    endloop
  endfacet
  facet normal 0.0530164 0.976764 -0.207655
    outer loop
      vertex 1.10041 25.7883 45.6356
      vertex 0.745231 24.045 37.3448
      vertex 0.691452 24.053 37.3687
    endloop
  endfacet
  facet normal 0.0507449 0.9769 -0.207586
    outer loop
      vertex 1.10041 25.7883 45.6356
      vertex 0.792086 24.0377 37.3219
      vertex 0.745231 24.045 37.3448
    endloop
  endfacet
  facet normal 0.0620789 0.976187 -0.207856
    outer loop
      vertex 1.10041 25.7883 45.6356
      vertex 0.798101 24.0367 37.319
      vertex 0.792086 24.0377 37.3219
    endloop
  endfacet
  facet normal 0.0514643 0.976857 -0.207611
    outer loop
      vertex 1.10041 25.7883 45.6356
      vertex 0.849999 24.0281 37.2914
      vertex 0.798101 24.0367 37.319
    endloop
  endfacet
  facet normal 0.0503483 0.976919 -0.207591
    outer loop
      vertex 1.10041 25.7883 45.6356
      vertex 0.855796 24.0271 37.2881
      vertex 0.849999 24.0281 37.2914
    endloop
  endfacet
  facet normal 0.0535881 0.976735 -0.207647
    outer loop
      vertex 1.10041 25.7883 45.6356
      vertex 0.900863 24.0191 37.2621
      vertex 0.855796 24.0271 37.2881
    endloop
  endfacet
  facet normal 0.0405916 0.977397 -0.207477
    outer loop
      vertex 1.10041 25.7883 45.6356
      vertex 0.906541 24.0181 37.2585
      vertex 0.900863 24.0191 37.2621
    endloop
  endfacet
  facet normal 0.0521769 0.976816 -0.207623
    outer loop
      vertex 1.10041 25.7883 45.6356
      vertex 0.950627 24.0099 37.231
      vertex 0.906541 24.0181 37.2585
    endloop
  endfacet
  facet normal 0.0529955 0.976771 -0.207628
    outer loop
      vertex 1.10041 25.7883 45.6356
      vertex 0.993675 24.0014 37.202
      vertex 0.950627 24.0099 37.231
    endloop
  endfacet
  facet normal 0.0550626 0.976657 -0.20763
    outer loop
      vertex 1.10041 25.7883 45.6356
      vertex 0.999234 24.0003 37.1983
      vertex 0.993675 24.0014 37.202
    endloop
  endfacet
  facet normal 0.0450451 0.977172 -0.207619
    outer loop
      vertex 1.10041 25.7883 45.6356
      vertex 1.00466 23.9992 37.1943
      vertex 0.999234 24.0003 37.1983
    endloop
  endfacet
  facet normal 0.0539233 0.976721 -0.207624
    outer loop
      vertex 1.10041 25.7883 45.6356
      vertex 1.04662 23.9904 37.1638
      vertex 1.00466 23.9992 37.1943
    endloop
  endfacet
  facet normal 0.0518468 0.976832 -0.207634
    outer loop
      vertex 1.10041 25.7883 45.6356
      vertex 1.09274 23.9803 37.1278
      vertex 1.04662 23.9904 37.1638
    endloop
  endfacet
  facet normal 0.0559738 0.976613 -0.207591
    outer loop
      vertex 1.09274 23.9803 37.1278
      vertex 1.10041 25.7883 45.6356
      vertex 1.10041 23.9785 37.1214
    endloop
  endfacet
  facet normal 0.354648 0.735718 -0.577013
    outer loop
      vertex 1.04662 23.4334 34.5432
      vertex 0.999234 23.4284 34.5077
      vertex 1.00466 23.429 34.5118
    endloop
  endfacet
  facet normal 0.242422 -0.911005 -0.33362
    outer loop
      vertex 0.849999 23.4159 34.4113
      vertex 0.798101 23.4126 34.3826
      vertex 0.804008 23.413 34.3858
    endloop
  endfacet
  facet normal 0.23777 0.744391 -0.623977
    outer loop
      vertex 0.691452 23.4072 34.3305
      vertex 0.63683 23.4052 34.3073
      vertex 0.685255 23.407 34.3279
    endloop
  endfacet
  facet normal 0.0513115 0.976859 -0.207639
    outer loop
      vertex 1.10041 16.0881 0
      vertex 1.09274 23.4388 34.5802
      vertex 1.10041 23.4398 34.5868
    endloop
  endfacet
  facet normal 0.0522006 0.976814 -0.207629
    outer loop
      vertex 1.10041 16.0881 0
      vertex 1.04662 23.4334 34.5432
      vertex 1.09274 23.4388 34.5802
    endloop
  endfacet
  facet normal 0.052478 0.9768 -0.207626
    outer loop
      vertex 1.10041 16.0881 0
      vertex 0.999234 23.4284 34.5077
      vertex 1.04662 23.4334 34.5432
    endloop
  endfacet
  facet normal 0.0577779 0.976517 -0.20755
    outer loop
      vertex 1.10041 16.0881 0
      vertex 0.993675 23.4279 34.5038
      vertex 0.999234 23.4284 34.5077
    endloop
  endfacet
  facet normal 0.0511854 0.976864 -0.207645
    outer loop
      vertex 1.10041 16.0881 0
      vertex 0.950627 23.4238 34.4739
      vertex 0.993675 23.4279 34.5038
    endloop
  endfacet
  facet normal 0.0519076 0.976828 -0.207634
    outer loop
      vertex 1.10041 16.0881 0
      vertex 0.900863 23.4196 34.4417
      vertex 0.950627 23.4238 34.4739
    endloop
  endfacet
  facet normal 0.0530325 0.976772 -0.207615
    outer loop
      vertex 1.10041 16.0881 0
      vertex 0.849999 23.4159 34.4113
      vertex 0.900863 23.4196 34.4417
    endloop
  endfacet
  facet normal 0.0527058 0.976788 -0.207621
    outer loop
      vertex 1.10041 16.0881 0
      vertex 0.798101 23.4126 34.3826
      vertex 0.849999 23.4159 34.4113
    endloop
  endfacet
  facet normal 0.0520629 0.97682 -0.207634
    outer loop
      vertex 1.10041 16.0881 0
      vertex 0.745231 23.4097 34.3557
      vertex 0.798101 23.4126 34.3826
    endloop
  endfacet
  facet normal 0.0518861 0.976829 -0.207637
    outer loop
      vertex 1.10041 16.0881 0
      vertex 0.691452 23.4072 34.3305
      vertex 0.745231 23.4097 34.3557
    endloop
  endfacet
  facet normal 0.0524203 0.976803 -0.207625
    outer loop
      vertex 1.10041 16.0881 0
      vertex 0.63683 23.4052 34.3073
      vertex 0.691452 23.4072 34.3305
    endloop
  endfacet
  facet normal 0.051997 0.976823 -0.207635
    outer loop
      vertex 1.10041 16.0881 0
      vertex 0.581433 23.4036 34.2859
      vertex 0.63683 23.4052 34.3073
    endloop
  endfacet
  facet normal 0.0536018 0.976745 -0.207594
    outer loop
      vertex 1.10041 16.0881 0
      vertex 0.550539 23.403 34.2751
      vertex 0.581433 23.4036 34.2859
    endloop
  endfacet
  facet normal 0.0524045 0.976804 -0.207626
    outer loop
      vertex 0.550539 23.403 34.2751
      vertex 1.10041 16.0881 0
      vertex 0.550539 16.1176 0
    endloop
  endfacet
  facet normal 0.4226 0.886511 -0.188434
    outer loop
      vertex 6.9153 14.4952 0
      vertex 6.41627 24.4918 45.9111
      vertex 6.9153 24.2642 45.9595
    endloop
  endfacet
  facet normal 0.422618 0.886503 -0.188432
    outer loop
      vertex 6.41627 24.4918 45.9111
      vertex 6.9153 14.4952 0
      vertex 6.41627 14.7331 0
    endloop
  endfacet
  facet normal 0.544606 0.820364 -0.174375
    outer loop
      vertex 8.82127 13.3702 0
      vertex 8.35948 23.4812 46.1259
      vertex 8.82127 23.1879 46.1883
    endloop
  endfacet
  facet normal 0.544652 0.820335 -0.174368
    outer loop
      vertex 8.35948 23.4812 46.1259
      vertex 8.82127 13.3702 0
      vertex 8.35948 13.6768 0
    endloop
  endfacet
  facet normal 0.573681 0.80118 -0.170295
    outer loop
      vertex 9.27231 13.0474 0
      vertex 8.82127 23.1879 46.1883
      vertex 9.27231 22.8789 46.254
    endloop
  endfacet
  facet normal 0.573484 0.801315 -0.170326
    outer loop
      vertex 8.82127 23.1879 46.1883
      vertex 9.27231 13.0474 0
      vertex 8.82127 13.3702 0
    endloop
  endfacet
  facet normal 0.681986 0.715383 -0.152059
    outer loop
      vertex 10.9582 11.6011 0
      vertex 10.5555 21.8625 46.47
      vertex 10.9582 21.4952 46.5481
    endloop
  endfacet
  facet normal 0.681986 0.715383 -0.152059
    outer loop
      vertex 10.5555 21.8625 46.47
      vertex 10.9582 11.6011 0
      vertex 10.5555 11.985 0
    endloop
  endfacet
  facet normal -0.798685 0.5886 -0.125111
    outer loop
      vertex -12.4309 9.92903 0
      vertex -12.7622 19.4653 46.9796
      vertex -12.4309 19.8954 46.8881
    endloop
  endfacet
  facet normal -0.798699 0.588582 -0.125107
    outer loop
      vertex -12.7622 19.4653 46.9796
      vertex -12.4309 9.92903 0
      vertex -12.7622 9.47946 0
    endloop
  endfacet
  facet normal -0.731388 0.667059 -0.141789
    outer loop
      vertex -11.3476 11.203 0
      vertex -11.7231 20.7205 46.7128
      vertex -11.3476 21.1144 46.629
    endloop
  endfacet
  facet normal -0.731296 0.667156 -0.141808
    outer loop
      vertex -11.7231 20.7205 46.7128
      vertex -11.3476 11.203 0
      vertex -11.7231 10.7914 0
    endloop
  endfacet
  facet normal -0.838662 0.532751 -0.11324
    outer loop
      vertex -13.0781 9.01834 0
      vertex -13.378 18.5724 47.1693
      vertex -13.0781 19.0241 47.0733
    endloop
  endfacet
  facet normal -0.838664 0.532747 -0.113239
    outer loop
      vertex -13.378 18.5724 47.1693
      vertex -13.0781 9.01834 0
      vertex -13.378 8.54623 0
    endloop
  endfacet
  facet normal -0.890994 0.444093 -0.0943952
    outer loop
      vertex -13.9285 7.57137 0
      vertex -14.1785 17.1598 47.4696
      vertex -13.9285 17.6397 47.3676
    endloop
  endfacet
  facet normal -0.89099 0.444101 -0.0943968
    outer loop
      vertex -14.1785 17.1598 47.4696
      vertex -13.9285 7.57137 0
      vertex -14.1785 7.0698 0
    endloop
  endfacet
  facet normal -0.933536 0.350651 -0.0745334
    outer loop
      vertex -14.8237 5.74656 1.08515
      vertex -14.6263 16.1759 47.6787
      vertex -14.6263 6.04144 0
    endloop
  endfacet
  facet normal -0.933638 0.350385 -0.0745006
    outer loop
      vertex -14.6743 5.92502 0.0539965
      vertex -14.6263 6.04144 0
      vertex -14.6667 5.93379 0
    endloop
  endfacet
  facet normal -0.93365 0.350324 -0.074643
    outer loop
      vertex -14.8237 5.74656 1.08515
      vertex -14.6263 6.04144 0
      vertex -14.6743 5.92502 0.0539965
    endloop
  endfacet
  facet normal -0.933532 0.350659 -0.0745353
    outer loop
      vertex -14.6263 16.1759 47.6787
      vertex -14.8237 5.74656 1.08515
      vertex -14.8237 15.6731 47.7856
    endloop
  endfacet
  facet normal -0.92051 0.382182 -0.0812349
    outer loop
      vertex -14.4112 6.55961 0
      vertex -14.6263 16.1759 47.6787
      vertex -14.4112 16.6716 47.5734
    endloop
  endfacet
  facet normal -0.920533 0.382127 -0.0812239
    outer loop
      vertex -14.6263 16.1759 47.6787
      vertex -14.4112 6.55961 0
      vertex -14.6263 6.04144 0
    endloop
  endfacet
  facet normal -0.974355 0.220098 -0.0467832
    outer loop
      vertex -15.4303 5.02147 7.84918
      vertex -15.3064 14.1285 48.1139
      vertex -15.3064 5.16952 5.96523
    endloop
  endfacet
  facet normal -0.974358 0.220088 -0.046781
    outer loop
      vertex -15.3064 14.1285 48.1139
      vertex -15.4303 5.02147 7.84918
      vertex -15.4303 13.6037 48.2255
    endloop
  endfacet
  facet normal -0.965931 0.253144 -0.0538072
    outer loop
      vertex -15.3064 5.16952 5.96523
      vertex -15.1639 14.6487 48.0033
      vertex -15.1639 5.33986 4.2085
    endloop
  endfacet
  facet normal -0.965927 0.253159 -0.0538106
    outer loop
      vertex -15.1639 14.6487 48.0033
      vertex -15.3064 5.16952 5.96523
      vertex -15.3064 14.1285 48.1139
    endloop
  endfacet
  facet normal -0.987662 0.153179 -0.0325592
    outer loop
      vertex -15.5815 4.84073 11
      vertex -15.5353 13.075 48.3378
      vertex -15.5353 4.89589 9.85806
    endloop
  endfacet
  facet normal -0.98768 0.153065 -0.0325341
    outer loop
      vertex -15.6215 4.61136 11.1352
      vertex -15.5353 13.075 48.3378
      vertex -15.5815 4.84073 11
    endloop
  endfacet
  facet normal -0.987668 0.153141 -0.0325512
    outer loop
      vertex -15.5353 13.075 48.3378
      vertex -15.6215 4.61136 11.1352
      vertex -15.6215 12.5431 48.4509
    endloop
  endfacet
  facet normal -0.998631 0.0511608 -0.0108745
    outer loop
      vertex -15.7654 3.136 12.1058
      vertex -15.7366 11.4719 48.6786
      vertex -15.7366 3.62604 11.7665
    endloop
  endfacet
  facet normal -0.998631 0.0511667 -0.0108758
    outer loop
      vertex -15.7366 11.4719 48.6786
      vertex -15.7654 3.136 12.1058
      vertex -15.7654 10.9341 48.7929
    endloop
  endfacet
  facet normal -0 0.207978 0.978133
    outer loop
      vertex 9.775 10.3956 48.9074
      vertex 15.775 10.3956 48.9074
      vertex 15.7654 10.9341 48.7929
    endloop
  endfacet
  facet normal 1.1941e-05 0.20789 0.978152
    outer loop
      vertex 9.76904 10.7293 48.8365
      vertex 15.7654 10.9341 48.7929
      vertex 15.7366 11.4719 48.6786
    endloop
  endfacet
  facet normal 0 0.207797 0.978172
    outer loop
      vertex 15.775 10.3956 48.9074
      vertex 9.775 10.3956 48.9074
      vertex 15.7654 9.85708 49.0218
    endloop
  endfacet
  facet normal -5.12462e-06 0.207985 0.978132
    outer loop
      vertex 9.75119 11.0626 48.7656
      vertex 15.7366 11.4719 48.6786
      vertex 15.6886 12.0085 48.5645
    endloop
  endfacet
  facet normal 2.82769e-06 0.207827 0.978166
    outer loop
      vertex 9.76904 10.0619 48.9783
      vertex 15.7654 9.85708 49.0218
      vertex 9.775 10.3956 48.9074
    endloop
  endfacet
  facet normal 5.52167e-06 0.207855 0.97816
    outer loop
      vertex 9.72145 11.395 48.6949
      vertex 15.6886 12.0085 48.5645
      vertex 15.6215 12.5431 48.4509
    endloop
  endfacet
  facet normal 1.04432e-05 0.20804 0.97812
    outer loop
      vertex 15.7654 9.85708 49.0218
      vertex 9.76904 10.0619 48.9783
      vertex 15.7366 9.31922 49.1362
    endloop
  endfacet
  facet normal -1.27884e-05 0.207982 0.978133
    outer loop
      vertex 9.67987 11.7263 48.6245
      vertex 15.6215 12.5431 48.4509
      vertex 15.5353 13.075 48.3378
    endloop
  endfacet
  facet normal -2.10904e-05 0.207798 0.978172
    outer loop
      vertex 9.75119 9.72862 49.0491
      vertex 15.7366 9.31922 49.1362
      vertex 9.76904 10.0619 48.9783
    endloop
  endfacet
  facet normal 3.76498e-05 0.20778 0.978176
    outer loop
      vertex 9.6265 12.0559 48.5545
      vertex 15.5353 13.075 48.3378
      vertex 15.4303 13.6037 48.2255
    endloop
  endfacet
  facet normal -1.84773e-05 0.207835 0.978164
    outer loop
      vertex 15.7366 9.31922 49.1362
      vertex 9.75119 9.72862 49.0491
      vertex 15.6886 8.78268 49.2502
    endloop
  endfacet
  facet normal -2.83584e-05 0.207995 0.97813
    outer loop
      vertex 9.56139 12.3835 48.4848
      vertex 15.4303 13.6037 48.2255
      vertex 15.3064 14.1285 48.1139
    endloop
  endfacet
  facet normal 8.91148e-06 0.207999 0.978129
    outer loop
      vertex 9.72145 9.39615 49.1198
      vertex 15.6886 8.78268 49.2502
      vertex 9.75119 9.72862 49.0491
    endloop
  endfacet
  facet normal -1.01483e-05 0.20796 0.978137
    outer loop
      vertex 9.48464 12.7087 48.4157
      vertex 15.3064 14.1285 48.1139
      vertex 15.1639 14.6487 48.0033
    endloop
  endfacet
  facet normal -5.36938e-06 0.207866 0.978157
    outer loop
      vertex 15.6886 8.78268 49.2502
      vertex 9.72145 9.39615 49.1198
      vertex 15.6215 8.24811 49.3638
    endloop
  endfacet
  facet normal 5.37175e-05 0.207768 0.978178
    outer loop
      vertex 9.39633 13.0311 48.3472
      vertex 15.1639 14.6487 48.0033
      vertex 15.0029 15.1638 47.8939
    endloop
  endfacet
  facet normal -1.45785e-06 0.207885 0.978153
    outer loop
      vertex 9.67987 9.0649 49.1902
      vertex 15.6215 8.24811 49.3638
      vertex 9.72145 9.39615 49.1198
    endloop
  endfacet
  facet normal -2.35298e-05 0.207986 0.978132
    outer loop
      vertex 9.29658 13.3502 48.2794
      vertex 15.0029 15.1638 47.8939
      vertex 14.8237 15.6731 47.7856
    endloop
  endfacet
  facet normal 9.29151e-06 0.20796 0.978137
    outer loop
      vertex 15.6215 8.24811 49.3638
      vertex 9.67987 9.0649 49.1902
      vertex 15.5353 7.71615 49.4769
    endloop
  endfacet
  facet normal -1.078e-05 0.207957 0.978138
    outer loop
      vertex 9.18549 13.6658 48.2123
      vertex 14.8237 15.6731 47.7856
      vertex 14.6263 16.1759 47.6787
    endloop
  endfacet
  facet normal 2.07408e-05 0.208008 0.978127
    outer loop
      vertex 9.6265 8.73527 49.2603
      vertex 15.5353 7.71615 49.4769
      vertex 9.67987 9.0649 49.1902
    endloop
  endfacet
  facet normal 5.37752e-05 0.207813 0.978169
    outer loop
      vertex 9.06322 13.9773 48.1461
      vertex 14.6263 16.1759 47.6787
      vertex 14.4112 16.6716 47.5734
    endloop
  endfacet
  facet normal 9.88981e-06 0.207948 0.97814
    outer loop
      vertex 15.5353 7.71615 49.4769
      vertex 9.6265 8.73527 49.2603
      vertex 15.4303 7.18745 49.5893
    endloop
  endfacet
  facet normal -1.75321e-05 0.207961 0.978137
    outer loop
      vertex 8.92991 14.2846 48.0808
      vertex 14.4112 16.6716 47.5734
      vertex 14.1785 17.1598 47.4696
    endloop
  endfacet
  facet normal -2.70748e-05 0.207815 0.978168
    outer loop
      vertex 9.56139 8.40766 49.3299
      vertex 15.4303 7.18745 49.5893
      vertex 9.6265 8.73527 49.2603
    endloop
  endfacet
  facet normal 9.59925e-06 0.207905 0.978149
    outer loop
      vertex 8.78571 14.587 48.0165
      vertex 14.1785 17.1598 47.4696
      vertex 13.9285 17.6397 47.3676
    endloop
  endfacet
  facet normal -2.33439e-05 0.207832 0.978165
    outer loop
      vertex 15.4303 7.18745 49.5893
      vertex 9.56139 8.40766 49.3299
      vertex 15.3064 6.66266 49.7008
    endloop
  endfacet
  facet normal 1.79153e-05 0.207893 0.978152
    outer loop
      vertex 8.63081 14.8844 47.9533
      vertex 13.9285 17.6397 47.3676
      vertex 13.6616 18.1107 47.2675
    endloop
  endfacet
  facet normal -1.63524e-05 0.207854 0.97816
    outer loop
      vertex 9.48464 8.08247 49.399
      vertex 15.3064 6.66266 49.7008
      vertex 9.56139 8.40766 49.3299
    endloop
  endfacet
  facet normal -5.92668e-05 0.208004 0.978128
    outer loop
      vertex 8.4654 15.1763 47.8912
      vertex 13.6616 18.1107 47.2675
      vertex 13.378 18.5724 47.1693
    endloop
  endfacet
  facet normal 6.82784e-06 0.207945 0.97814
    outer loop
      vertex 15.3064 6.66266 49.7008
      vertex 9.48464 8.08247 49.399
      vertex 15.1639 6.14242 49.8114
    endloop
  endfacet
  facet normal 1.49154e-05 0.207897 0.978151
    outer loop
      vertex 8.28967 15.4623 47.8304
      vertex 13.378 18.5724 47.1693
      vertex 13.0781 19.0241 47.0733
    endloop
  endfacet
  facet normal 7.14079e-05 0.208126 0.978102
    outer loop
      vertex 9.39633 7.76011 49.4676
      vertex 15.1639 6.14242 49.8114
      vertex 9.48464 8.08247 49.399
    endloop
  endfacet
  facet normal 8.08505e-05 0.207797 0.978172
    outer loop
      vertex 8.10384 15.7422 47.7709
      vertex 13.0781 19.0241 47.0733
      vertex 12.7622 19.4653 46.9796
    endloop
  endfacet
  facet normal 1.90313e-05 0.207947 0.97814
    outer loop
      vertex 15.1639 6.14242 49.8114
      vertex 9.39633 7.76011 49.4676
      vertex 15.0029 5.62737 49.9209
    endloop
  endfacet
  facet normal -9.02943e-05 0.208018 0.978125
    outer loop
      vertex 7.90814 16.0156 47.7128
      vertex 12.7622 19.4653 46.9796
      vertex 12.4309 19.8954 46.8881
    endloop
  endfacet
  facet normal -3.68651e-05 0.207807 0.97817
    outer loop
      vertex 9.29658 7.44095 49.5354
      vertex 15.0029 5.62737 49.9209
      vertex 9.39633 7.76011 49.4676
    endloop
  endfacet
  facet normal 8.21369e-05 0.207806 0.97817
    outer loop
      vertex 7.7028 16.2822 47.6561
      vertex 12.4309 19.8954 46.8881
      vertex 12.0844 20.314 46.7992
    endloop
  endfacet
  facet normal -2.61935e-05 0.207839 0.978163
    outer loop
      vertex 15.0029 5.62737 49.9209
      vertex 9.29658 7.44095 49.5354
      vertex 14.8237 5.11812 50.0291
    endloop
  endfacet
  facet normal -3.72322e-06 0.207899 0.97815
    outer loop
      vertex 7.48808 16.5415 47.601
      vertex 12.0844 20.314 46.7992
      vertex 11.7231 20.7205 46.7128
    endloop
  endfacet
  facet normal 3.65717e-05 0.207982 0.978133
    outer loop
      vertex 9.18549 7.1254 49.6025
      vertex 14.8237 5.11812 50.0291
      vertex 9.29658 7.44095 49.5354
    endloop
  endfacet
  facet normal -9.16227e-05 0.208004 0.978128
    outer loop
      vertex 7.26424 16.7934 47.5475
      vertex 11.7231 20.7205 46.7128
      vertex 11.3476 21.1144 46.629
    endloop
  endfacet
  facet normal 2.27701e-05 0.207945 0.978141
    outer loop
      vertex 14.8237 5.11812 50.0291
      vertex 9.18549 7.1254 49.6025
      vertex 14.6263 4.6153 50.136
    endloop
  endfacet
  facet normal 5.4513e-05 0.207863 0.978158
    outer loop
      vertex 7.03155 17.0375 47.4956
      vertex 11.3476 21.1144 46.629
      vertex 10.9582 21.4952 46.5481
    endloop
  endfacet
  facet normal -2.89762e-05 0.207837 0.978163
    outer loop
      vertex 9.06322 6.81382 49.6687
      vertex 14.6263 4.6153 50.136
      vertex 9.18549 7.1254 49.6025
    endloop
  endfacet
  facet normal -4.13181e-05 0.20794 0.978142
    outer loop
      vertex 6.79029 17.2735 47.4454
      vertex 10.9582 21.4952 46.5481
      vertex 10.5555 21.8625 46.47
    endloop
  endfacet
  facet normal 1.39303e-05 0.207941 0.978141
    outer loop
      vertex 14.6263 4.6153 50.136
      vertex 9.06322 6.81382 49.6687
      vertex 14.4112 4.11952 50.2414
    endloop
  endfacet
  facet normal 2.90632e-05 0.207898 0.97815
    outer loop
      vertex 6.54075 17.5011 47.3971
      vertex 10.5555 21.8625 46.47
      vertex 10.14 22.2159 46.3949
    endloop
  endfacet
  facet normal 2.12526e-06 0.207919 0.978146
    outer loop
      vertex 8.92991 6.50662 49.734
      vertex 14.4112 4.11952 50.2414
      vertex 9.06322 6.81382 49.6687
    endloop
  endfacet
  facet normal 3.29652e-05 0.207987 0.978132
    outer loop
      vertex 14.4112 4.11952 50.2414
      vertex 8.92991 6.50662 49.734
      vertex 14.1785 3.6314 50.3452
    endloop
  endfacet
  facet normal 1.41678e-05 0.207827 0.978166
    outer loop
      vertex 15.7654 10.9341 48.7929
      vertex 9.76904 10.7293 48.8365
      vertex 9.775 10.3956 48.9074
    endloop
  endfacet
  facet normal -1.08791e-05 0.208065 0.978115
    outer loop
      vertex 15.7366 11.4719 48.6786
      vertex 9.75119 11.0626 48.7656
      vertex 9.76904 10.7293 48.8365
    endloop
  endfacet
  facet normal -1.44099e-05 0.208041 0.97812
    outer loop
      vertex 15.6886 12.0085 48.5645
      vertex 9.72145 11.395 48.6949
      vertex 9.75119 11.0626 48.7656
    endloop
  endfacet
  facet normal 4.48174e-05 0.207868 0.978157
    outer loop
      vertex 6.28325 17.72 47.3505
      vertex 10.14 22.2159 46.3949
      vertex 9.71206 22.5548 46.3229
    endloop
  endfacet
  facet normal 5.35382e-06 0.207856 0.978159
    outer loop
      vertex 15.6215 12.5431 48.4509
      vertex 9.67987 11.7263 48.6245
      vertex 9.72145 11.395 48.6949
    endloop
  endfacet
  facet normal 4.26662e-05 0.207752 0.978182
    outer loop
      vertex 15.5353 13.075 48.3378
      vertex 9.6265 12.0559 48.5545
      vertex 9.67987 11.7263 48.6245
    endloop
  endfacet
  facet normal -4.94697e-05 0.208092 0.978109
    outer loop
      vertex 15.4303 13.6037 48.2255
      vertex 9.56139 12.3835 48.4848
      vertex 9.6265 12.0559 48.5545
    endloop
  endfacet
  facet normal 1.8164e-05 0.207848 0.978161
    outer loop
      vertex 15.3064 14.1285 48.1139
      vertex 9.48464 12.7087 48.4157
      vertex 9.56139 12.3835 48.4848
    endloop
  endfacet
  facet normal 3.31019e-05 0.207838 0.978163
    outer loop
      vertex 15.1639 14.6487 48.0033
      vertex 9.39633 13.0311 48.3472
      vertex 9.48464 12.7087 48.4157
    endloop
  endfacet
  facet normal 2.49061e-05 0.207841 0.978163
    outer loop
      vertex 15.0029 15.1638 47.8939
      vertex 9.29658 13.3502 48.2794
      vertex 9.39633 13.0311 48.3472
    endloop
  endfacet
  facet normal -1.56004e-05 0.207922 0.978146
    outer loop
      vertex 6.01809 17.9301 47.3059
      vertex 9.71206 22.5548 46.3229
      vertex 9.27231 22.8789 46.254
    endloop
  endfacet
  facet normal -1.13865e-05 0.207959 0.978138
    outer loop
      vertex 14.8237 15.6731 47.7856
      vertex 9.18549 13.6658 48.2123
      vertex 9.29658 13.3502 48.2794
    endloop
  endfacet
  facet normal 2.3348e-05 0.207886 0.978153
    outer loop
      vertex 14.6263 16.1759 47.6787
      vertex 9.06322 13.9773 48.1461
      vertex 9.18549 13.6658 48.2123
    endloop
  endfacet
  facet normal 2.58483e-05 0.207866 0.978157
    outer loop
      vertex 14.4112 16.6716 47.5734
      vertex 8.92991 14.2846 48.0808
      vertex 9.06322 13.9773 48.1461
    endloop
  endfacet
  facet normal -3.05132e-05 0.20793 0.978144
    outer loop
      vertex 5.7456 18.1309 47.2632
      vertex 9.27231 22.8789 46.254
      vertex 8.82127 23.1879 46.1883
    endloop
  endfacet
  facet normal -2.36889e-05 0.207972 0.978135
    outer loop
      vertex 14.1785 17.1598 47.4696
      vertex 8.78571 14.587 48.0165
      vertex 8.92991 14.2846 48.0808
    endloop
  endfacet
  facet normal 2.55099e-05 0.207879 0.978154
    outer loop
      vertex 13.9285 17.6397 47.3676
      vertex 8.63081 14.8844 47.9533
      vertex 8.78571 14.587 48.0165
    endloop
  endfacet
  facet normal -8.21764e-05 0.208043 0.97812
    outer loop
      vertex 13.6616 18.1107 47.2675
      vertex 8.4654 15.1763 47.8912
      vertex 8.63081 14.8844 47.9533
    endloop
  endfacet
  facet normal -8.5548e-05 0.207965 0.978136
    outer loop
      vertex 5.46611 18.3223 47.2225
      vertex 8.82127 23.1879 46.1883
      vertex 8.35948 23.4812 46.1259
    endloop
  endfacet
  facet normal -9.51854e-06 0.207935 0.978143
    outer loop
      vertex 13.378 18.5724 47.1693
      vertex 8.28967 15.4623 47.8304
      vertex 8.4654 15.1763 47.8912
    endloop
  endfacet
  facet normal -7.23531e-06 0.207925 0.978145
    outer loop
      vertex 13.0781 19.0241 47.0733
      vertex 8.10384 15.7422 47.7709
      vertex 8.28967 15.4623 47.8304
    endloop
  endfacet
  facet normal 1.43191e-05 0.207877 0.978155
    outer loop
      vertex 12.7622 19.4653 46.9796
      vertex 7.90814 16.0156 47.7128
      vertex 8.10384 15.7422 47.7709
    endloop
  endfacet
  facet normal 0.000102327 0.207865 0.978158
    outer loop
      vertex 5.17996 18.5041 47.1839
      vertex 8.35948 23.4812 46.1259
      vertex 7.8875 23.7586 46.067
    endloop
  endfacet
  facet normal -5.84404e-05 0.207982 0.978133
    outer loop
      vertex 12.4309 19.8954 46.8881
      vertex 7.7028 16.2822 47.6561
      vertex 7.90814 16.0156 47.7128
    endloop
  endfacet
  facet normal 2.05173e-05 0.20787 0.978156
    outer loop
      vertex 12.0844 20.314 46.7992
      vertex 7.48808 16.5415 47.601
      vertex 7.7028 16.2822 47.6561
    endloop
  endfacet
  facet normal -5.44016e-06 0.207907 0.978149
    outer loop
      vertex 4.8875 18.676 47.1473
      vertex 7.8875 23.7586 46.067
      vertex 7.40591 24.0197 46.0115
    endloop
  endfacet
  facet normal 7.86939e-05 0.207819 0.978167
    outer loop
      vertex 11.7231 20.7205 46.7128
      vertex 7.26424 16.7934 47.5475
      vertex 7.48808 16.5415 47.601
    endloop
  endfacet
  facet normal -2.64052e-05 0.207945 0.978141
    outer loop
      vertex 11.3476 21.1144 46.629
      vertex 7.03155 17.0375 47.4956
      vertex 7.26424 16.7934 47.5475
    endloop
  endfacet
  facet normal -5.04056e-05 0.207929 0.978144
    outer loop
      vertex 4.58908 18.8378 47.1129
      vertex 7.40591 24.0197 46.0115
      vertex 6.9153 24.2642 45.9595
    endloop
  endfacet
  facet normal -8.13616e-05 0.207977 0.978134
    outer loop
      vertex 10.9582 21.4952 46.5481
      vertex 6.79029 17.2735 47.4454
      vertex 7.03155 17.0375 47.4956
    endloop
  endfacet
  facet normal 0.000172145 0.207772 0.978177
    outer loop
      vertex 10.5555 21.8625 46.47
      vertex 6.54075 17.5011 47.3971
      vertex 6.79029 17.2735 47.4454
    endloop
  endfacet
  facet normal -3.63409e-05 0.207926 0.978144
    outer loop
      vertex 4.28508 18.9893 47.0807
      vertex 6.9153 24.2642 45.9595
      vertex 6.41627 24.4918 45.9111
    endloop
  endfacet
  facet normal -0.000160306 0.208036 0.978121
    outer loop
      vertex 10.14 22.2159 46.3949
      vertex 6.28325 17.72 47.3505
      vertex 6.54075 17.5011 47.3971
    endloop
  endfacet
  facet normal 0.000130273 0.20781 0.978169
    outer loop
      vertex 9.71206 22.5548 46.3229
      vertex 6.01809 17.9301 47.3059
      vertex 6.28325 17.72 47.3505
    endloop
  endfacet
  facet normal 6.99967e-05 0.207881 0.978154
    outer loop
      vertex 3.97585 19.1304 47.0507
      vertex 6.41627 24.4918 45.9111
      vertex 5.90942 24.7023 45.8664
    endloop
  endfacet
  facet normal -4.5068e-05 0.20794 0.978142
    outer loop
      vertex 9.27231 22.8789 46.254
      vertex 5.7456 18.1309 47.2632
      vertex 6.01809 17.9301 47.3059
    endloop
  endfacet
  facet normal -4.10592e-05 0.207936 0.978142
    outer loop
      vertex 8.82127 23.1879 46.1883
      vertex 5.46611 18.3223 47.2225
      vertex 5.7456 18.1309 47.2632
    endloop
  endfacet
  facet normal 3.70251e-05 0.207892 0.978152
    outer loop
      vertex 3.66178 19.2608 47.023
      vertex 5.90942 24.7023 45.8664
      vertex 5.39537 24.8953 45.8254
    endloop
  endfacet
  facet normal 0.000111552 0.207859 0.978159
    outer loop
      vertex 8.35948 23.4812 46.1259
      vertex 5.17996 18.5041 47.1839
      vertex 5.46611 18.3223 47.2225
    endloop
  endfacet
  facet normal -0.000156132 0.207992 0.97813
    outer loop
      vertex 7.8875 23.7586 46.067
      vertex 4.8875 18.676 47.1473
      vertex 5.17996 18.5041 47.1839
    endloop
  endfacet
  facet normal -3.08444e-05 0.207918 0.978146
    outer loop
      vertex 3.34325 19.3804 46.9976
      vertex 5.39537 24.8953 45.8254
      vertex 4.87474 25.0707 45.7881
    endloop
  endfacet
  facet normal -2.48378e-05 0.207916 0.978147
    outer loop
      vertex 7.40591 24.0197 46.0115
      vertex 4.58908 18.8378 47.1129
      vertex 4.8875 18.676 47.1473
    endloop
  endfacet
  facet normal -7.49562e-05 0.207931 0.978143
    outer loop
      vertex 3.02064 19.489 46.9745
      vertex 4.87474 25.0707 45.7881
      vertex 4.34818 25.2281 45.7546
    endloop
  endfacet
  facet normal 4.89551e-06 0.207907 0.978149
    outer loop
      vertex 6.9153 24.2642 45.9595
      vertex 4.28508 18.9893 47.0807
      vertex 4.58908 18.8378 47.1129
    endloop
  endfacet
  facet normal -2.171e-05 0.207921 0.978146
    outer loop
      vertex 6.41627 24.4918 45.9111
      vertex 3.97585 19.1304 47.0507
      vertex 4.28508 18.9893 47.0807
    endloop
  endfacet
  facet normal 5.45167e-05 0.207907 0.978149
    outer loop
      vertex 2.69436 19.5866 46.9538
      vertex 4.34818 25.2281 45.7546
      vertex 3.81632 25.3675 45.725
    endloop
  endfacet
  facet normal 4.45031e-05 0.20789 0.978152
    outer loop
      vertex 5.90942 24.7023 45.8664
      vertex 3.66178 19.2608 47.023
      vertex 3.97585 19.1304 47.0507
    endloop
  endfacet
  facet normal 5.6996e-05 0.207887 0.978153
    outer loop
      vertex 5.39537 24.8953 45.8254
      vertex 3.34325 19.3804 46.9976
      vertex 3.66178 19.2608 47.023
    endloop
  endfacet
  facet normal -6.588e-05 0.207927 0.978144
    outer loop
      vertex 2.36479 19.673 46.9354
      vertex 3.81632 25.3675 45.725
      vertex 3.27981 25.4887 45.6992
    endloop
  endfacet
  facet normal -4.60377e-05 0.207922 0.978145
    outer loop
      vertex 4.87474 25.0707 45.7881
      vertex 3.02064 19.489 46.9745
      vertex 3.34325 19.3804 46.9976
    endloop
  endfacet
  facet normal 5.37508e-05 0.207913 0.978147
    outer loop
      vertex 2.03234 19.748 46.9195
      vertex 3.27981 25.4887 45.6992
      vertex 2.7393 25.5914 45.6774
    endloop
  endfacet
  facet normal 0.000128427 0.207886 0.978153
    outer loop
      vertex 4.34818 25.2281 45.7546
      vertex 2.69436 19.5866 46.9538
      vertex 3.02064 19.489 46.9745
    endloop
  endfacet
  facet normal -9.78265e-05 0.207935 0.978143
    outer loop
      vertex 3.81632 25.3675 45.725
      vertex 2.36479 19.673 46.9354
      vertex 2.69436 19.5866 46.9538
    endloop
  endfacet
  facet normal 3.20655e-05 0.207904 0.978149
    outer loop
      vertex 1.69741 19.8117 46.9059
      vertex 2.7393 25.5914 45.6774
      vertex 2.19546 25.6757 45.6595
    endloop
  endfacet
  facet normal 0.000119881 0.207899 0.97815
    outer loop
      vertex 3.27981 25.4887 45.6992
      vertex 2.03234 19.748 46.9195
      vertex 2.36479 19.673 46.9354
    endloop
  endfacet
  facet normal -0.000170242 0.207939 0.978142
    outer loop
      vertex 2.7393 25.5914 45.6774
      vertex 1.69741 19.8117 46.9059
      vertex 2.03234 19.748 46.9195
    endloop
  endfacet
  facet normal -9.97568e-05 0.20792 0.978146
    outer loop
      vertex 1.36042 19.8639 46.8948
      vertex 2.19546 25.6757 45.6595
      vertex 1.64894 25.7413 45.6455
    endloop
  endfacet
  facet normal -1.3836e-05 0.207908 0.978148
    outer loop
      vertex 2.19546 25.6757 45.6595
      vertex 1.36042 19.8639 46.8948
      vertex 1.69741 19.8117 46.9059
    endloop
  endfacet
  facet normal 0.000160317 0.207907 0.978149
    outer loop
      vertex 1.02177 19.9046 46.8862
      vertex 1.64894 25.7413 45.6455
      vertex 1.10041 25.7883 45.6356
    endloop
  endfacet
  facet normal 0.000146992 0.207908 0.978148
    outer loop
      vertex 1.64894 25.7413 45.6455
      vertex 1.02177 19.9046 46.8862
      vertex 1.36042 19.8639 46.8948
    endloop
  endfacet
  facet normal -4.22495e-05 0.207909 0.978148
    outer loop
      vertex 1.10041 25.7883 45.6356
      vertex 0.68187 19.9337 46.88
      vertex 1.02177 19.9046 46.8862
    endloop
  endfacet
  facet normal -1.0753e-05 0.207907 0.978149
    outer loop
      vertex 0.550539 25.8165 45.6296
      vertex 0.68187 19.9337 46.88
      vertex 1.10041 25.7883 45.6356
    endloop
  endfacet
  facet normal 5.64962e-05 0.207908 0.978148
    outer loop
      vertex 0.550539 25.8165 45.6296
      vertex 0.341142 19.9512 46.8763
      vertex 0.68187 19.9337 46.88
    endloop
  endfacet
  facet normal -3.51777e-06 0.207911 0.978148
    outer loop
      vertex 0 25.8259 45.6276
      vertex 0.341142 19.9512 46.8763
      vertex 0.550539 25.8165 45.6296
    endloop
  endfacet
  facet normal -0.000192808 0.2079 0.97815
    outer loop
      vertex 0 25.8259 45.6276
      vertex 0 19.957 46.875
      vertex 0.341142 19.9512 46.8763
    endloop
  endfacet
  facet normal 0.000192808 0.2079 0.97815
    outer loop
      vertex 0 25.8259 45.6276
      vertex -0.341142 19.9512 46.8763
      vertex 0 19.957 46.875
    endloop
  endfacet
  facet normal 3.51777e-06 0.207911 0.978148
    outer loop
      vertex -0.550539 25.8165 45.6296
      vertex -0.341142 19.9512 46.8763
      vertex 0 25.8259 45.6276
    endloop
  endfacet
  facet normal -5.64962e-05 0.207908 0.978148
    outer loop
      vertex -0.550539 25.8165 45.6296
      vertex -0.68187 19.9337 46.88
      vertex -0.341142 19.9512 46.8763
    endloop
  endfacet
  facet normal 1.0753e-05 0.207907 0.978149
    outer loop
      vertex -1.10041 25.7883 45.6356
      vertex -0.68187 19.9337 46.88
      vertex -0.550539 25.8165 45.6296
    endloop
  endfacet
  facet normal 4.22495e-05 0.207909 0.978148
    outer loop
      vertex -0.68187 19.9337 46.88
      vertex -1.10041 25.7883 45.6356
      vertex -1.02177 19.9046 46.8862
    endloop
  endfacet
  facet normal -0.000160317 0.207907 0.978149
    outer loop
      vertex -1.64894 25.7413 45.6455
      vertex -1.02177 19.9046 46.8862
      vertex -1.10041 25.7883 45.6356
    endloop
  endfacet
  facet normal -0.000146992 0.207908 0.978148
    outer loop
      vertex -1.02177 19.9046 46.8862
      vertex -1.64894 25.7413 45.6455
      vertex -1.36042 19.8639 46.8948
    endloop
  endfacet
  facet normal 9.97568e-05 0.20792 0.978146
    outer loop
      vertex -2.19546 25.6757 45.6595
      vertex -1.36042 19.8639 46.8948
      vertex -1.64894 25.7413 45.6455
    endloop
  endfacet
  facet normal 1.3836e-05 0.207908 0.978148
    outer loop
      vertex -1.36042 19.8639 46.8948
      vertex -2.19546 25.6757 45.6595
      vertex -1.69741 19.8117 46.9059
    endloop
  endfacet
  facet normal -3.20655e-05 0.207904 0.978149
    outer loop
      vertex -2.7393 25.5914 45.6774
      vertex -1.69741 19.8117 46.9059
      vertex -2.19546 25.6757 45.6595
    endloop
  endfacet
  facet normal 0.000170242 0.207939 0.978142
    outer loop
      vertex -1.69741 19.8117 46.9059
      vertex -2.7393 25.5914 45.6774
      vertex -2.03234 19.748 46.9195
    endloop
  endfacet
  facet normal -5.37508e-05 0.207913 0.978147
    outer loop
      vertex -3.27981 25.4887 45.6992
      vertex -2.03234 19.748 46.9195
      vertex -2.7393 25.5914 45.6774
    endloop
  endfacet
  facet normal -0.000119881 0.207899 0.97815
    outer loop
      vertex -2.03234 19.748 46.9195
      vertex -3.27981 25.4887 45.6992
      vertex -2.36479 19.673 46.9354
    endloop
  endfacet
  facet normal 6.588e-05 0.207927 0.978144
    outer loop
      vertex -3.81632 25.3675 45.725
      vertex -2.36479 19.673 46.9354
      vertex -3.27981 25.4887 45.6992
    endloop
  endfacet
  facet normal 9.78265e-05 0.207935 0.978143
    outer loop
      vertex -2.36479 19.673 46.9354
      vertex -3.81632 25.3675 45.725
      vertex -2.69436 19.5866 46.9538
    endloop
  endfacet
  facet normal -5.45167e-05 0.207907 0.978149
    outer loop
      vertex -4.34818 25.2281 45.7546
      vertex -2.69436 19.5866 46.9538
      vertex -3.81632 25.3675 45.725
    endloop
  endfacet
  facet normal -0.000128427 0.207886 0.978153
    outer loop
      vertex -2.69436 19.5866 46.9538
      vertex -4.34818 25.2281 45.7546
      vertex -3.02064 19.489 46.9745
    endloop
  endfacet
  facet normal 7.49562e-05 0.207931 0.978143
    outer loop
      vertex -4.87474 25.0707 45.7881
      vertex -3.02064 19.489 46.9745
      vertex -4.34818 25.2281 45.7546
    endloop
  endfacet
  facet normal 4.60377e-05 0.207922 0.978145
    outer loop
      vertex -3.02064 19.489 46.9745
      vertex -4.87474 25.0707 45.7881
      vertex -3.34325 19.3804 46.9976
    endloop
  endfacet
  facet normal 3.08444e-05 0.207918 0.978146
    outer loop
      vertex -5.39537 24.8953 45.8254
      vertex -3.34325 19.3804 46.9976
      vertex -4.87474 25.0707 45.7881
    endloop
  endfacet
  facet normal -5.6996e-05 0.207887 0.978153
    outer loop
      vertex -3.34325 19.3804 46.9976
      vertex -5.39537 24.8953 45.8254
      vertex -3.66178 19.2608 47.023
    endloop
  endfacet
  facet normal -3.70251e-05 0.207892 0.978152
    outer loop
      vertex -5.90942 24.7023 45.8664
      vertex -3.66178 19.2608 47.023
      vertex -5.39537 24.8953 45.8254
    endloop
  endfacet
  facet normal -4.45031e-05 0.20789 0.978152
    outer loop
      vertex -3.66178 19.2608 47.023
      vertex -5.90942 24.7023 45.8664
      vertex -3.97585 19.1304 47.0507
    endloop
  endfacet
  facet normal -6.99967e-05 0.207881 0.978154
    outer loop
      vertex -6.41627 24.4918 45.9111
      vertex -3.97585 19.1304 47.0507
      vertex -5.90942 24.7023 45.8664
    endloop
  endfacet
  facet normal 2.171e-05 0.207921 0.978146
    outer loop
      vertex -3.97585 19.1304 47.0507
      vertex -6.41627 24.4918 45.9111
      vertex -4.28508 18.9893 47.0807
    endloop
  endfacet
  facet normal 3.63409e-05 0.207926 0.978144
    outer loop
      vertex -6.9153 24.2642 45.9595
      vertex -4.28508 18.9893 47.0807
      vertex -6.41627 24.4918 45.9111
    endloop
  endfacet
  facet normal -4.89551e-06 0.207907 0.978149
    outer loop
      vertex -4.28508 18.9893 47.0807
      vertex -6.9153 24.2642 45.9595
      vertex -4.58908 18.8378 47.1129
    endloop
  endfacet
  facet normal 5.04056e-05 0.207929 0.978144
    outer loop
      vertex -7.40591 24.0197 46.0115
      vertex -4.58908 18.8378 47.1129
      vertex -6.9153 24.2642 45.9595
    endloop
  endfacet
  facet normal 2.48378e-05 0.207916 0.978147
    outer loop
      vertex -4.58908 18.8378 47.1129
      vertex -7.40591 24.0197 46.0115
      vertex -4.8875 18.676 47.1473
    endloop
  endfacet
  facet normal 5.44016e-06 0.207907 0.978149
    outer loop
      vertex -7.8875 23.7586 46.067
      vertex -4.8875 18.676 47.1473
      vertex -7.40591 24.0197 46.0115
    endloop
  endfacet
  facet normal 0.000156132 0.207992 0.97813
    outer loop
      vertex -4.8875 18.676 47.1473
      vertex -7.8875 23.7586 46.067
      vertex -5.17996 18.5041 47.1839
    endloop
  endfacet
  facet normal -0.000102327 0.207865 0.978158
    outer loop
      vertex -8.35948 23.4812 46.1259
      vertex -5.17996 18.5041 47.1839
      vertex -7.8875 23.7586 46.067
    endloop
  endfacet
  facet normal -0.000111552 0.207859 0.978159
    outer loop
      vertex -5.17996 18.5041 47.1839
      vertex -8.35948 23.4812 46.1259
      vertex -5.46611 18.3223 47.2225
    endloop
  endfacet
  facet normal 8.5548e-05 0.207965 0.978136
    outer loop
      vertex -8.82127 23.1879 46.1883
      vertex -5.46611 18.3223 47.2225
      vertex -8.35948 23.4812 46.1259
    endloop
  endfacet
  facet normal 4.10592e-05 0.207936 0.978142
    outer loop
      vertex -5.46611 18.3223 47.2225
      vertex -8.82127 23.1879 46.1883
      vertex -5.7456 18.1309 47.2632
    endloop
  endfacet
  facet normal 3.05132e-05 0.20793 0.978144
    outer loop
      vertex -9.27231 22.8789 46.254
      vertex -5.7456 18.1309 47.2632
      vertex -8.82127 23.1879 46.1883
    endloop
  endfacet
  facet normal 4.5068e-05 0.20794 0.978142
    outer loop
      vertex -5.7456 18.1309 47.2632
      vertex -9.27231 22.8789 46.254
      vertex -6.01809 17.9301 47.3059
    endloop
  endfacet
  facet normal 1.56004e-05 0.207922 0.978146
    outer loop
      vertex -9.71206 22.5548 46.3229
      vertex -6.01809 17.9301 47.3059
      vertex -9.27231 22.8789 46.254
    endloop
  endfacet
  facet normal -0.000130273 0.20781 0.978169
    outer loop
      vertex -6.01809 17.9301 47.3059
      vertex -9.71206 22.5548 46.3229
      vertex -6.28325 17.72 47.3505
    endloop
  endfacet
  facet normal -4.48174e-05 0.207868 0.978157
    outer loop
      vertex -10.14 22.2159 46.3949
      vertex -6.28325 17.72 47.3505
      vertex -9.71206 22.5548 46.3229
    endloop
  endfacet
  facet normal 0.000160306 0.208036 0.978121
    outer loop
      vertex -6.28325 17.72 47.3505
      vertex -10.14 22.2159 46.3949
      vertex -6.54075 17.5011 47.3971
    endloop
  endfacet
  facet normal -2.90632e-05 0.207898 0.97815
    outer loop
      vertex -10.5555 21.8625 46.47
      vertex -6.54075 17.5011 47.3971
      vertex -10.14 22.2159 46.3949
    endloop
  endfacet
  facet normal -0.000172145 0.207772 0.978177
    outer loop
      vertex -6.54075 17.5011 47.3971
      vertex -10.5555 21.8625 46.47
      vertex -6.79029 17.2735 47.4454
    endloop
  endfacet
  facet normal 4.13181e-05 0.20794 0.978142
    outer loop
      vertex -10.9582 21.4952 46.5481
      vertex -6.79029 17.2735 47.4454
      vertex -10.5555 21.8625 46.47
    endloop
  endfacet
  facet normal 8.13616e-05 0.207977 0.978134
    outer loop
      vertex -6.79029 17.2735 47.4454
      vertex -10.9582 21.4952 46.5481
      vertex -7.03155 17.0375 47.4956
    endloop
  endfacet
  facet normal -5.4513e-05 0.207863 0.978158
    outer loop
      vertex -11.3476 21.1144 46.629
      vertex -7.03155 17.0375 47.4956
      vertex -10.9582 21.4952 46.5481
    endloop
  endfacet
  facet normal 2.64052e-05 0.207945 0.978141
    outer loop
      vertex -7.03155 17.0375 47.4956
      vertex -11.3476 21.1144 46.629
      vertex -7.26424 16.7934 47.5475
    endloop
  endfacet
  facet normal 9.16227e-05 0.208004 0.978128
    outer loop
      vertex -11.7231 20.7205 46.7128
      vertex -7.26424 16.7934 47.5475
      vertex -11.3476 21.1144 46.629
    endloop
  endfacet
  facet normal -7.86939e-05 0.207819 0.978167
    outer loop
      vertex -7.26424 16.7934 47.5475
      vertex -11.7231 20.7205 46.7128
      vertex -7.48808 16.5415 47.601
    endloop
  endfacet
  facet normal 3.72322e-06 0.207899 0.97815
    outer loop
      vertex -12.0844 20.314 46.7992
      vertex -7.48808 16.5415 47.601
      vertex -11.7231 20.7205 46.7128
    endloop
  endfacet
  facet normal -2.05173e-05 0.20787 0.978156
    outer loop
      vertex -7.48808 16.5415 47.601
      vertex -12.0844 20.314 46.7992
      vertex -7.7028 16.2822 47.6561
    endloop
  endfacet
  facet normal -8.21369e-05 0.207806 0.97817
    outer loop
      vertex -12.4309 19.8954 46.8881
      vertex -7.7028 16.2822 47.6561
      vertex -12.0844 20.314 46.7992
    endloop
  endfacet
  facet normal 5.84404e-05 0.207982 0.978133
    outer loop
      vertex -7.7028 16.2822 47.6561
      vertex -12.4309 19.8954 46.8881
      vertex -7.90814 16.0156 47.7128
    endloop
  endfacet
  facet normal 9.02943e-05 0.208018 0.978125
    outer loop
      vertex -12.7622 19.4653 46.9796
      vertex -7.90814 16.0156 47.7128
      vertex -12.4309 19.8954 46.8881
    endloop
  endfacet
  facet normal -1.43191e-05 0.207877 0.978155
    outer loop
      vertex -7.90814 16.0156 47.7128
      vertex -12.7622 19.4653 46.9796
      vertex -8.10384 15.7422 47.7709
    endloop
  endfacet
  facet normal -8.08505e-05 0.207797 0.978172
    outer loop
      vertex -13.0781 19.0241 47.0733
      vertex -8.10384 15.7422 47.7709
      vertex -12.7622 19.4653 46.9796
    endloop
  endfacet
  facet normal 7.23531e-06 0.207925 0.978145
    outer loop
      vertex -8.10384 15.7422 47.7709
      vertex -13.0781 19.0241 47.0733
      vertex -8.28967 15.4623 47.8304
    endloop
  endfacet
  facet normal -1.49154e-05 0.207897 0.978151
    outer loop
      vertex -13.378 18.5724 47.1693
      vertex -8.28967 15.4623 47.8304
      vertex -13.0781 19.0241 47.0733
    endloop
  endfacet
  facet normal 9.51854e-06 0.207935 0.978143
    outer loop
      vertex -8.28967 15.4623 47.8304
      vertex -13.378 18.5724 47.1693
      vertex -8.4654 15.1763 47.8912
    endloop
  endfacet
  facet normal 5.92668e-05 0.208004 0.978128
    outer loop
      vertex -13.6616 18.1107 47.2675
      vertex -8.4654 15.1763 47.8912
      vertex -13.378 18.5724 47.1693
    endloop
  endfacet
  facet normal 8.21764e-05 0.208043 0.97812
    outer loop
      vertex -8.4654 15.1763 47.8912
      vertex -13.6616 18.1107 47.2675
      vertex -8.63081 14.8844 47.9533
    endloop
  endfacet
  facet normal -1.79153e-05 0.207893 0.978152
    outer loop
      vertex -13.9285 17.6397 47.3676
      vertex -8.63081 14.8844 47.9533
      vertex -13.6616 18.1107 47.2675
    endloop
  endfacet
  facet normal -2.55099e-05 0.207879 0.978154
    outer loop
      vertex -8.63081 14.8844 47.9533
      vertex -13.9285 17.6397 47.3676
      vertex -8.78571 14.587 48.0165
    endloop
  endfacet
  facet normal -9.59925e-06 0.207905 0.978149
    outer loop
      vertex -14.1785 17.1598 47.4696
      vertex -8.78571 14.587 48.0165
      vertex -13.9285 17.6397 47.3676
    endloop
  endfacet
  facet normal 2.36889e-05 0.207972 0.978135
    outer loop
      vertex -8.78571 14.587 48.0165
      vertex -14.1785 17.1598 47.4696
      vertex -8.92991 14.2846 48.0808
    endloop
  endfacet
  facet normal 3.41103e-06 0.207935 0.978143
    outer loop
      vertex 8.78571 6.20415 49.7983
      vertex 14.1785 3.6314 50.3452
      vertex 8.92991 6.50662 49.734
    endloop
  endfacet
  facet normal -9.48774e-06 0.207909 0.978148
    outer loop
      vertex 14.1785 3.6314 50.3452
      vertex 8.78571 6.20415 49.7983
      vertex 13.9285 3.15151 50.4472
    endloop
  endfacet
  facet normal -1.78539e-05 0.207896 0.978151
    outer loop
      vertex 8.63081 5.90678 49.8615
      vertex 13.9285 3.15151 50.4472
      vertex 8.78571 6.20415 49.7983
    endloop
  endfacet
  facet normal -2.9462e-05 0.207874 0.978156
    outer loop
      vertex 13.9285 3.15151 50.4472
      vertex 8.63081 5.90678 49.8615
      vertex 13.6616 2.68045 50.5473
    endloop
  endfacet
  facet normal -7.11857e-05 0.207812 0.978169
    outer loop
      vertex 8.4654 5.61489 49.9235
      vertex 13.6616 2.68045 50.5473
      vertex 8.63081 5.90678 49.8615
    endloop
  endfacet
  facet normal -3.66852e-05 0.20787 0.978156
    outer loop
      vertex 13.6616 2.68045 50.5473
      vertex 8.4654 5.61489 49.9235
      vertex 13.378 2.21878 50.6454
    endloop
  endfacet
  facet normal 0.000151036 0.20813 0.978101
    outer loop
      vertex 8.28967 5.32882 49.9844
      vertex 13.378 2.21878 50.6454
      vertex 8.4654 5.61489 49.9235
    endloop
  endfacet
  facet normal -2.98492e-06 0.207889 0.978152
    outer loop
      vertex 13.378 2.21878 50.6454
      vertex 8.28967 5.32882 49.9844
      vertex 13.0781 1.76708 50.7414
    endloop
  endfacet
  facet normal -0.000154849 0.207694 0.978194
    outer loop
      vertex 8.10384 5.04892 50.0438
      vertex 13.0781 1.76708 50.7414
      vertex 8.28967 5.32882 49.9844
    endloop
  endfacet
  facet normal 1.89034e-05 0.207946 0.97814
    outer loop
      vertex 13.0781 1.76708 50.7414
      vertex 8.10384 5.04892 50.0438
      vertex 12.7622 1.32589 50.8352
    endloop
  endfacet
  facet normal 0.000159955 0.208115 0.978104
    outer loop
      vertex 7.90814 4.77554 50.102
      vertex 12.7622 1.32589 50.8352
      vertex 8.10384 5.04892 50.0438
    endloop
  endfacet
  facet normal -2.28604e-05 0.207869 0.978157
    outer loop
      vertex 12.7622 1.32589 50.8352
      vertex 7.90814 4.77554 50.102
      vertex 12.4309 0.895757 50.9266
    endloop
  endfacet
  facet normal -9.43726e-05 0.207789 0.978174
    outer loop
      vertex 7.7028 4.509 50.1586
      vertex 12.4309 0.895757 50.9266
      vertex 7.90814 4.77554 50.102
    endloop
  endfacet
  facet normal 3.70074e-05 0.207953 0.978139
    outer loop
      vertex 12.4309 0.895757 50.9266
      vertex 7.7028 4.509 50.1586
      vertex 12.0844 0.477194 51.0156
    endloop
  endfacet
  facet normal -5.81434e-05 0.207854 0.97816
    outer loop
      vertex 7.48808 4.24964 50.2137
      vertex 12.0844 0.477194 51.0156
      vertex 7.7028 4.509 50.1586
    endloop
  endfacet
  facet normal -5.16357e-06 0.207916 0.978147
    outer loop
      vertex 12.0844 0.477194 51.0156
      vertex 7.48808 4.24964 50.2137
      vertex 11.7231 0.0707139 51.102
    endloop
  endfacet
  facet normal 0.000119905 0.208037 0.978121
    outer loop
      vertex 7.26424 3.99776 50.2673
      vertex 11.7231 0.0707139 51.102
      vertex 7.48808 4.24964 50.2137
    endloop
  endfacet
  facet normal -2.88585e-05 0.207876 0.978155
    outer loop
      vertex 11.7231 0.0707139 51.102
      vertex 7.26424 3.99776 50.2673
      vertex 11.3476 -0.323187 51.1857
    endloop
  endfacet
  facet normal 4.5962e-05 0.207943 0.978141
    outer loop
      vertex 7.03155 3.75368 50.3192
      vertex 11.3476 -0.323187 51.1857
      vertex 7.26424 3.99776 50.2673
    endloop
  endfacet
  facet normal 6.88667e-05 0.207967 0.978136
    outer loop
      vertex 11.3476 -0.323187 51.1857
      vertex 7.03155 3.75368 50.3192
      vertex 10.9582 -0.704028 51.2667
    endloop
  endfacet
  facet normal -0.000131598 0.207798 0.978172
    outer loop
      vertex 6.79029 3.51769 50.3693
      vertex 10.9582 -0.704028 51.2667
      vertex 7.03155 3.75368 50.3192
    endloop
  endfacet
  facet normal 2.46463e-05 0.207945 0.97814
    outer loop
      vertex 10.9582 -0.704028 51.2667
      vertex 6.79029 3.51769 50.3693
      vertex 10.5555 -1.07135 51.3448
    endloop
  endfacet
  facet normal 4.18866e-05 0.207959 0.978138
    outer loop
      vertex 6.54075 3.29009 50.4177
      vertex 10.5555 -1.07135 51.3448
      vertex 6.79029 3.51769 50.3693
    endloop
  endfacet
  facet normal -1.13142e-05 0.207912 0.978148
    outer loop
      vertex 10.5555 -1.07135 51.3448
      vertex 6.54075 3.29009 50.4177
      vertex 10.14 -1.42469 51.4199
    endloop
  endfacet
  facet normal -9.98814e-05 0.207847 0.978161
    outer loop
      vertex 6.28325 3.07113 50.4642
      vertex 10.14 -1.42469 51.4199
      vertex 6.54075 3.29009 50.4177
    endloop
  endfacet
  facet normal -7.12838e-05 0.207871 0.978156
    outer loop
      vertex 10.14 -1.42469 51.4199
      vertex 6.28325 3.07113 50.4642
      vertex 9.71206 -1.76364 51.4919
    endloop
  endfacet
  facet normal 0.000130141 0.208007 0.978127
    outer loop
      vertex 6.01809 2.8611 50.5089
      vertex 9.71206 -1.76364 51.4919
      vertex 6.28325 3.07113 50.4642
    endloop
  endfacet
  facet normal 7.50657e-06 0.207914 0.978147
    outer loop
      vertex 9.71206 -1.76364 51.4919
      vertex 6.01809 2.8611 50.5089
      vertex 9.27231 -2.08777 51.5608
    endloop
  endfacet
  facet normal 2.59685e-05 0.207925 0.978145
    outer loop
      vertex 5.7456 2.66026 50.5516
      vertex 9.27231 -2.08777 51.5608
      vertex 6.01809 2.8611 50.5089
    endloop
  endfacet
  facet normal 5.24981e-05 0.207944 0.978141
    outer loop
      vertex 9.27231 -2.08777 51.5608
      vertex 5.7456 2.66026 50.5516
      vertex 8.82127 -2.3967 51.6265
    endloop
  endfacet
  facet normal 2.4508e-05 0.207928 0.978144
    outer loop
      vertex 5.46611 2.46883 50.5923
      vertex 8.82127 -2.3967 51.6265
      vertex 5.7456 2.66026 50.5516
    endloop
  endfacet
  facet normal -7.24658e-05 0.207864 0.978158
    outer loop
      vertex 8.82127 -2.3967 51.6265
      vertex 5.46611 2.46883 50.5923
      vertex 8.35948 -2.69003 51.6888
    endloop
  endfacet
  facet normal -8.73586e-05 0.207856 0.978159
    outer loop
      vertex 5.17996 2.28706 50.6309
      vertex 8.35948 -2.69003 51.6888
      vertex 5.46611 2.46883 50.5923
    endloop
  endfacet
  facet normal 5.65648e-05 0.207944 0.978141
    outer loop
      vertex 8.35948 -2.69003 51.6888
      vertex 5.17996 2.28706 50.6309
      vertex 7.8875 -2.96743 51.7478
    endloop
  endfacet
  facet normal -8.98408e-05 0.207872 0.978156
    outer loop
      vertex 4.8875 2.11518 50.6674
      vertex 7.8875 -2.96743 51.7478
      vertex 5.17996 2.28706 50.6309
    endloop
  endfacet
  facet normal -5.56694e-06 0.207919 0.978146
    outer loop
      vertex 7.8875 -2.96743 51.7478
      vertex 4.8875 2.11518 50.6674
      vertex 7.40591 -3.22854 51.8033
    endloop
  endfacet
  facet normal 1.72691e-05 0.20793 0.978144
    outer loop
      vertex 4.58908 1.95338 50.7018
      vertex 7.40591 -3.22854 51.8033
      vertex 4.8875 2.11518 50.6674
    endloop
  endfacet
  facet normal 3.66485e-05 0.20794 0.978142
    outer loop
      vertex 7.40591 -3.22854 51.8033
      vertex 4.58908 1.95338 50.7018
      vertex 6.9153 -3.47306 51.8553
    endloop
  endfacet
  facet normal -2.29388e-05 0.207915 0.978147
    outer loop
      vertex 4.28508 1.80186 50.734
      vertex 6.9153 -3.47306 51.8553
      vertex 4.58908 1.95338 50.7018
    endloop
  endfacet
  facet normal -0.000136738 0.207861 0.978158
    outer loop
      vertex 6.9153 -3.47306 51.8553
      vertex 4.28508 1.80186 50.734
      vertex 6.41627 -3.70068 51.9036
    endloop
  endfacet
  facet normal 5.6582e-05 0.207932 0.978143
    outer loop
      vertex 3.97585 1.66082 50.764
      vertex 6.41627 -3.70068 51.9036
      vertex 4.28508 1.80186 50.734
    endloop
  endfacet
  facet normal 0.000114365 0.207958 0.978138
    outer loop
      vertex 6.41627 -3.70068 51.9036
      vertex 3.97585 1.66082 50.764
      vertex 5.90942 -3.91112 51.9484
    endloop
  endfacet
  facet normal -5.03322e-05 0.207903 0.978149
    outer loop
      vertex 3.66178 1.53042 50.7917
      vertex 5.90942 -3.91112 51.9484
      vertex 3.97585 1.66082 50.764
    endloop
  endfacet
  facet normal -4.58725e-05 0.207905 0.978149
    outer loop
      vertex 5.90942 -3.91112 51.9484
      vertex 3.66178 1.53042 50.7917
      vertex 5.39537 -4.10413 51.9894
    endloop
  endfacet
  facet normal 0.000213059 0.207981 0.978133
    outer loop
      vertex 3.34325 1.41082 50.8172
      vertex 5.39537 -4.10413 51.9894
      vertex 3.66178 1.53042 50.7917
    endloop
  endfacet
  facet normal 4.91527e-05 0.207923 0.978145
    outer loop
      vertex 5.39537 -4.10413 51.9894
      vertex 3.34325 1.41082 50.8172
      vertex 4.87474 -4.27948 52.0267
    endloop
  endfacet
  facet normal -0.00026742 0.207841 0.978163
    outer loop
      vertex 3.02064 1.30216 50.8402
      vertex 4.87474 -4.27948 52.0267
      vertex 3.34325 1.41082 50.8172
    endloop
  endfacet
  facet normal -0.00012454 0.207886 0.978153
    outer loop
      vertex 4.87474 -4.27948 52.0267
      vertex 3.02064 1.30216 50.8402
      vertex 4.34818 -4.43695 52.0601
    endloop
  endfacet
  facet normal 0.000163982 0.20795 0.978139
    outer loop
      vertex 2.69436 1.20458 50.861
      vertex 4.34818 -4.43695 52.0601
      vertex 3.02064 1.30216 50.8402
    endloop
  endfacet
  facet normal 0.00012076 0.207938 0.978142
    outer loop
      vertex 4.34818 -4.43695 52.0601
      vertex 2.69436 1.20458 50.861
      vertex 3.81632 -4.57635 52.0898
    endloop
  endfacet
  facet normal -0.000166323 0.207885 0.978153
    outer loop
      vertex 2.36479 1.11821 50.8793
      vertex 3.81632 -4.57635 52.0898
      vertex 2.69436 1.20458 50.861
    endloop
  endfacet
  facet normal -9.13906e-05 0.207903 0.978149
    outer loop
      vertex 3.81632 -4.57635 52.0898
      vertex 2.36479 1.11821 50.8793
      vertex 3.27981 -4.6975 52.1155
    endloop
  endfacet
  facet normal 0.000116013 0.207934 0.978143
    outer loop
      vertex 2.03234 1.04313 50.8953
      vertex 3.27981 -4.6975 52.1155
      vertex 2.36479 1.11821 50.8793
    endloop
  endfacet
  facet normal 9.68262e-05 0.20793 0.978144
    outer loop
      vertex 3.27981 -4.6975 52.1155
      vertex 2.03234 1.04313 50.8953
      vertex 2.7393 -4.80027 52.1374
    endloop
  endfacet
  facet normal -0.000102491 0.207907 0.978149
    outer loop
      vertex 1.69741 0.979451 50.9088
      vertex 2.7393 -4.80027 52.1374
      vertex 2.03234 1.04313 50.8953
    endloop
  endfacet
  facet normal -1.96263e-05 0.207922 0.978145
    outer loop
      vertex 2.7393 -4.80027 52.1374
      vertex 1.69741 0.979451 50.9088
      vertex 2.19546 -4.88453 52.1553
    endloop
  endfacet
  facet normal 6.31076e-06 0.207924 0.978145
    outer loop
      vertex 1.36042 0.927243 50.9199
      vertex 2.19546 -4.88453 52.1553
      vertex 1.69741 0.979451 50.9088
    endloop
  endfacet
  facet normal -8.95053e-05 0.207911 0.978148
    outer loop
      vertex 2.19546 -4.88453 52.1553
      vertex 1.36042 0.927243 50.9199
      vertex 1.64894 -4.95016 52.1692
    endloop
  endfacet
  facet normal 0.000157255 0.207922 0.978145
    outer loop
      vertex 1.02177 0.886571 50.9286
      vertex 1.64894 -4.95016 52.1692
      vertex 1.36042 0.927243 50.9199
    endloop
  endfacet
  facet normal 3.6673e-05 0.20791 0.978148
    outer loop
      vertex 1.64894 -4.95016 52.1692
      vertex 1.02177 0.886571 50.9286
      vertex 1.10041 -4.99711 52.1792
    endloop
  endfacet
  facet normal 4.95239e-05 0.20791 0.978148
    outer loop
      vertex 0.68187 0.857483 50.9348
      vertex 1.10041 -4.99711 52.1792
      vertex 1.02177 0.886571 50.9286
    endloop
  endfacet
  facet normal 1.82747e-05 0.207908 0.978148
    outer loop
      vertex 0.68187 0.857483 50.9348
      vertex 0.550539 -5.02529 52.1852
      vertex 1.10041 -4.99711 52.1792
    endloop
  endfacet
  facet normal -3.5775e-05 0.207909 0.978148
    outer loop
      vertex 0.341142 0.840017 50.9385
      vertex 0.550539 -5.02529 52.1852
      vertex 0.68187 0.857483 50.9348
    endloop
  endfacet
  facet normal -0.00010927 0.207906 0.978149
    outer loop
      vertex 0 0.834192 50.9397
      vertex 0.550539 -5.02529 52.1852
      vertex 0.341142 0.840017 50.9385
    endloop
  endfacet
  facet normal 3.40999e-06 0.207917 0.978147
    outer loop
      vertex 0 0.834192 50.9397
      vertex 0 -5.03469 52.1872
      vertex 0.550539 -5.02529 52.1852
    endloop
  endfacet
  facet normal 0.000109451 0.207917 0.978147
    outer loop
      vertex -0.341142 0.840017 50.9385
      vertex 0 -5.03469 52.1872
      vertex 0 0.834192 50.9397
    endloop
  endfacet
  facet normal -3.52201e-06 0.20791 0.978148
    outer loop
      vertex -0.341142 0.840017 50.9385
      vertex -0.550539 -5.02529 52.1852
      vertex 0 -5.03469 52.1872
    endloop
  endfacet
  facet normal 3.5775e-05 0.207909 0.978148
    outer loop
      vertex -0.68187 0.857483 50.9348
      vertex -0.550539 -5.02529 52.1852
      vertex -0.341142 0.840017 50.9385
    endloop
  endfacet
  facet normal -4.95239e-05 0.20791 0.978148
    outer loop
      vertex -1.10041 -4.99711 52.1792
      vertex -0.68187 0.857483 50.9348
      vertex -1.02177 0.886571 50.9286
    endloop
  endfacet
  facet normal -1.82747e-05 0.207908 0.978148
    outer loop
      vertex -0.68187 0.857483 50.9348
      vertex -1.10041 -4.99711 52.1792
      vertex -0.550539 -5.02529 52.1852
    endloop
  endfacet
  facet normal -0.000157255 0.207922 0.978145
    outer loop
      vertex -1.64894 -4.95016 52.1692
      vertex -1.02177 0.886571 50.9286
      vertex -1.36042 0.927243 50.9199
    endloop
  endfacet
  facet normal -3.6673e-05 0.20791 0.978148
    outer loop
      vertex -1.02177 0.886571 50.9286
      vertex -1.64894 -4.95016 52.1692
      vertex -1.10041 -4.99711 52.1792
    endloop
  endfacet
  facet normal -6.31076e-06 0.207924 0.978145
    outer loop
      vertex -2.19546 -4.88453 52.1553
      vertex -1.36042 0.927243 50.9199
      vertex -1.69741 0.979451 50.9088
    endloop
  endfacet
  facet normal 0.000102491 0.207907 0.978149
    outer loop
      vertex -2.7393 -4.80027 52.1374
      vertex -1.69741 0.979451 50.9088
      vertex -2.03234 1.04313 50.8953
    endloop
  endfacet
  facet normal 8.95053e-05 0.207911 0.978148
    outer loop
      vertex -1.36042 0.927243 50.9199
      vertex -2.19546 -4.88453 52.1553
      vertex -1.64894 -4.95016 52.1692
    endloop
  endfacet
  facet normal -0.000116013 0.207934 0.978143
    outer loop
      vertex -3.27981 -4.6975 52.1155
      vertex -2.03234 1.04313 50.8953
      vertex -2.36479 1.11821 50.8793
    endloop
  endfacet
  facet normal 0.000166323 0.207885 0.978153
    outer loop
      vertex -3.81632 -4.57635 52.0898
      vertex -2.36479 1.11821 50.8793
      vertex -2.69436 1.20458 50.861
    endloop
  endfacet
  facet normal 1.96263e-05 0.207922 0.978145
    outer loop
      vertex -1.69741 0.979451 50.9088
      vertex -2.7393 -4.80027 52.1374
      vertex -2.19546 -4.88453 52.1553
    endloop
  endfacet
  facet normal -0.000163982 0.20795 0.978139
    outer loop
      vertex -4.34818 -4.43695 52.0601
      vertex -2.69436 1.20458 50.861
      vertex -3.02064 1.30216 50.8402
    endloop
  endfacet
  facet normal -9.68262e-05 0.20793 0.978144
    outer loop
      vertex -2.03234 1.04313 50.8953
      vertex -3.27981 -4.6975 52.1155
      vertex -2.7393 -4.80027 52.1374
    endloop
  endfacet
  facet normal 0.00026742 0.207841 0.978163
    outer loop
      vertex -4.87474 -4.27948 52.0267
      vertex -3.02064 1.30216 50.8402
      vertex -3.34325 1.41082 50.8172
    endloop
  endfacet
  facet normal -0.000213059 0.207981 0.978133
    outer loop
      vertex -5.39537 -4.10413 51.9894
      vertex -3.34325 1.41082 50.8172
      vertex -3.66178 1.53042 50.7917
    endloop
  endfacet
  facet normal 9.13906e-05 0.207903 0.978149
    outer loop
      vertex -2.36479 1.11821 50.8793
      vertex -3.81632 -4.57635 52.0898
      vertex -3.27981 -4.6975 52.1155
    endloop
  endfacet
  facet normal 5.03322e-05 0.207903 0.978149
    outer loop
      vertex -5.90942 -3.91112 51.9484
      vertex -3.66178 1.53042 50.7917
      vertex -3.97585 1.66082 50.764
    endloop
  endfacet
  facet normal -5.6582e-05 0.207932 0.978143
    outer loop
      vertex -6.41627 -3.70068 51.9036
      vertex -3.97585 1.66082 50.764
      vertex -4.28508 1.80186 50.734
    endloop
  endfacet
  facet normal -0.00012076 0.207938 0.978142
    outer loop
      vertex -2.69436 1.20458 50.861
      vertex -4.34818 -4.43695 52.0601
      vertex -3.81632 -4.57635 52.0898
    endloop
  endfacet
  facet normal 2.29388e-05 0.207915 0.978147
    outer loop
      vertex -6.9153 -3.47306 51.8553
      vertex -4.28508 1.80186 50.734
      vertex -4.58908 1.95338 50.7018
    endloop
  endfacet
  facet normal 0.00012454 0.207886 0.978153
    outer loop
      vertex -3.02064 1.30216 50.8402
      vertex -4.87474 -4.27948 52.0267
      vertex -4.34818 -4.43695 52.0601
    endloop
  endfacet
  facet normal -1.72691e-05 0.20793 0.978144
    outer loop
      vertex -7.40591 -3.22854 51.8033
      vertex -4.58908 1.95338 50.7018
      vertex -4.8875 2.11518 50.6674
    endloop
  endfacet
  facet normal 8.98408e-05 0.207872 0.978156
    outer loop
      vertex -7.8875 -2.96743 51.7478
      vertex -4.8875 2.11518 50.6674
      vertex -5.17996 2.28706 50.6309
    endloop
  endfacet
  facet normal -4.91527e-05 0.207923 0.978145
    outer loop
      vertex -3.34325 1.41082 50.8172
      vertex -5.39537 -4.10413 51.9894
      vertex -4.87474 -4.27948 52.0267
    endloop
  endfacet
  facet normal 8.73586e-05 0.207856 0.978159
    outer loop
      vertex -8.35948 -2.69003 51.6888
      vertex -5.17996 2.28706 50.6309
      vertex -5.46611 2.46883 50.5923
    endloop
  endfacet
  facet normal -2.4508e-05 0.207928 0.978144
    outer loop
      vertex -8.82127 -2.3967 51.6265
      vertex -5.46611 2.46883 50.5923
      vertex -5.7456 2.66026 50.5516
    endloop
  endfacet
  facet normal 4.58725e-05 0.207905 0.978149
    outer loop
      vertex -3.66178 1.53042 50.7917
      vertex -5.90942 -3.91112 51.9484
      vertex -5.39537 -4.10413 51.9894
    endloop
  endfacet
  facet normal -2.59685e-05 0.207925 0.978145
    outer loop
      vertex -9.27231 -2.08777 51.5608
      vertex -5.7456 2.66026 50.5516
      vertex -6.01809 2.8611 50.5089
    endloop
  endfacet
  facet normal -0.000130141 0.208007 0.978127
    outer loop
      vertex -9.71206 -1.76364 51.4919
      vertex -6.01809 2.8611 50.5089
      vertex -6.28325 3.07113 50.4642
    endloop
  endfacet
  facet normal -0.000114365 0.207958 0.978138
    outer loop
      vertex -3.97585 1.66082 50.764
      vertex -6.41627 -3.70068 51.9036
      vertex -5.90942 -3.91112 51.9484
    endloop
  endfacet
  facet normal 9.98814e-05 0.207847 0.978161
    outer loop
      vertex -10.14 -1.42469 51.4199
      vertex -6.28325 3.07113 50.4642
      vertex -6.54075 3.29009 50.4177
    endloop
  endfacet
  facet normal -4.18866e-05 0.207959 0.978138
    outer loop
      vertex -10.5555 -1.07135 51.3448
      vertex -6.54075 3.29009 50.4177
      vertex -6.79029 3.51769 50.3693
    endloop
  endfacet
  facet normal 0.000136738 0.207861 0.978158
    outer loop
      vertex -4.28508 1.80186 50.734
      vertex -6.9153 -3.47306 51.8553
      vertex -6.41627 -3.70068 51.9036
    endloop
  endfacet
  facet normal 0.000131598 0.207798 0.978172
    outer loop
      vertex -10.9582 -0.704028 51.2667
      vertex -6.79029 3.51769 50.3693
      vertex -7.03155 3.75368 50.3192
    endloop
  endfacet
  facet normal -4.5962e-05 0.207943 0.978141
    outer loop
      vertex -11.3476 -0.323187 51.1857
      vertex -7.03155 3.75368 50.3192
      vertex -7.26424 3.99776 50.2673
    endloop
  endfacet
  facet normal -3.66485e-05 0.20794 0.978142
    outer loop
      vertex -4.58908 1.95338 50.7018
      vertex -7.40591 -3.22854 51.8033
      vertex -6.9153 -3.47306 51.8553
    endloop
  endfacet
  facet normal -0.000119905 0.208037 0.978121
    outer loop
      vertex -11.7231 0.0707139 51.102
      vertex -7.26424 3.99776 50.2673
      vertex -7.48808 4.24964 50.2137
    endloop
  endfacet
  facet normal 5.81434e-05 0.207854 0.97816
    outer loop
      vertex -12.0844 0.477194 51.0156
      vertex -7.48808 4.24964 50.2137
      vertex -7.7028 4.509 50.1586
    endloop
  endfacet
  facet normal 5.56694e-06 0.207919 0.978146
    outer loop
      vertex -4.8875 2.11518 50.6674
      vertex -7.8875 -2.96743 51.7478
      vertex -7.40591 -3.22854 51.8033
    endloop
  endfacet
  facet normal 9.43726e-05 0.207789 0.978174
    outer loop
      vertex -12.4309 0.895757 50.9266
      vertex -7.7028 4.509 50.1586
      vertex -7.90814 4.77554 50.102
    endloop
  endfacet
  facet normal -0.000159955 0.208115 0.978104
    outer loop
      vertex -12.7622 1.32589 50.8352
      vertex -7.90814 4.77554 50.102
      vertex -8.10384 5.04892 50.0438
    endloop
  endfacet
  facet normal 0.000154849 0.207694 0.978194
    outer loop
      vertex -13.0781 1.76708 50.7414
      vertex -8.10384 5.04892 50.0438
      vertex -8.28967 5.32882 49.9844
    endloop
  endfacet
  facet normal -5.65648e-05 0.207944 0.978141
    outer loop
      vertex -5.17996 2.28706 50.6309
      vertex -8.35948 -2.69003 51.6888
      vertex -7.8875 -2.96743 51.7478
    endloop
  endfacet
  facet normal -0.000151036 0.20813 0.978101
    outer loop
      vertex -13.378 2.21878 50.6454
      vertex -8.28967 5.32882 49.9844
      vertex -8.4654 5.61489 49.9235
    endloop
  endfacet
  facet normal 7.11857e-05 0.207812 0.978169
    outer loop
      vertex -13.6616 2.68045 50.5473
      vertex -8.4654 5.61489 49.9235
      vertex -8.63081 5.90678 49.8615
    endloop
  endfacet
  facet normal 1.78539e-05 0.207896 0.978151
    outer loop
      vertex -13.9285 3.15151 50.4472
      vertex -8.63081 5.90678 49.8615
      vertex -8.78571 6.20415 49.7983
    endloop
  endfacet
  facet normal 7.24658e-05 0.207864 0.978158
    outer loop
      vertex -5.46611 2.46883 50.5923
      vertex -8.82127 -2.3967 51.6265
      vertex -8.35948 -2.69003 51.6888
    endloop
  endfacet
  facet normal -3.41103e-06 0.207935 0.978143
    outer loop
      vertex -14.1785 3.6314 50.3452
      vertex -8.78571 6.20415 49.7983
      vertex -8.92991 6.50662 49.734
    endloop
  endfacet
  facet normal -2.12526e-06 0.207919 0.978146
    outer loop
      vertex -14.4112 4.11952 50.2414
      vertex -8.92991 6.50662 49.734
      vertex -9.06322 6.81382 49.6687
    endloop
  endfacet
  facet normal 2.89762e-05 0.207837 0.978163
    outer loop
      vertex -14.6263 4.6153 50.136
      vertex -9.06322 6.81382 49.6687
      vertex -9.18549 7.1254 49.6025
    endloop
  endfacet
  facet normal -5.24981e-05 0.207944 0.978141
    outer loop
      vertex -5.7456 2.66026 50.5516
      vertex -9.27231 -2.08777 51.5608
      vertex -8.82127 -2.3967 51.6265
    endloop
  endfacet
  facet normal -3.65717e-05 0.207982 0.978133
    outer loop
      vertex -14.8237 5.11812 50.0291
      vertex -9.18549 7.1254 49.6025
      vertex -9.29658 7.44095 49.5354
    endloop
  endfacet
  facet normal 3.68651e-05 0.207807 0.97817
    outer loop
      vertex -15.0029 5.62737 49.9209
      vertex -9.29658 7.44095 49.5354
      vertex -9.39633 7.76011 49.4676
    endloop
  endfacet
  facet normal -7.14079e-05 0.208126 0.978102
    outer loop
      vertex -15.1639 6.14242 49.8114
      vertex -9.39633 7.76011 49.4676
      vertex -9.48464 8.08247 49.399
    endloop
  endfacet
  facet normal 1.63524e-05 0.207854 0.97816
    outer loop
      vertex -15.3064 6.66266 49.7008
      vertex -9.48464 8.08247 49.399
      vertex -9.56139 8.40766 49.3299
    endloop
  endfacet
  facet normal 2.70748e-05 0.207815 0.978168
    outer loop
      vertex -15.4303 7.18745 49.5893
      vertex -9.56139 8.40766 49.3299
      vertex -9.6265 8.73527 49.2603
    endloop
  endfacet
  facet normal -2.07408e-05 0.208008 0.978127
    outer loop
      vertex -15.5353 7.71615 49.4769
      vertex -9.6265 8.73527 49.2603
      vertex -9.67987 9.0649 49.1902
    endloop
  endfacet
  facet normal -7.50657e-06 0.207914 0.978147
    outer loop
      vertex -6.01809 2.8611 50.5089
      vertex -9.71206 -1.76364 51.4919
      vertex -9.27231 -2.08777 51.5608
    endloop
  endfacet
  facet normal 1.45785e-06 0.207885 0.978153
    outer loop
      vertex -15.6215 8.24811 49.3638
      vertex -9.67987 9.0649 49.1902
      vertex -9.72145 9.39615 49.1198
    endloop
  endfacet
  facet normal -8.91148e-06 0.207999 0.978129
    outer loop
      vertex -15.6886 8.78268 49.2502
      vertex -9.72145 9.39615 49.1198
      vertex -9.75119 9.72862 49.0491
    endloop
  endfacet
  facet normal 2.10904e-05 0.207798 0.978172
    outer loop
      vertex -15.7366 9.31922 49.1362
      vertex -9.75119 9.72862 49.0491
      vertex -9.76904 10.0619 48.9783
    endloop
  endfacet
  facet normal -2.82769e-06 0.207827 0.978166
    outer loop
      vertex -15.7654 9.85708 49.0218
      vertex -9.76904 10.0619 48.9783
      vertex -9.775 10.3956 48.9074
    endloop
  endfacet
  facet normal 1.75321e-05 0.207961 0.978137
    outer loop
      vertex -14.4112 16.6716 47.5734
      vertex -8.92991 14.2846 48.0808
      vertex -14.1785 17.1598 47.4696
    endloop
  endfacet
  facet normal 7.12838e-05 0.207871 0.978156
    outer loop
      vertex -6.28325 3.07113 50.4642
      vertex -10.14 -1.42469 51.4199
      vertex -9.71206 -1.76364 51.4919
    endloop
  endfacet
  facet normal -2.58483e-05 0.207866 0.978157
    outer loop
      vertex -8.92991 14.2846 48.0808
      vertex -14.4112 16.6716 47.5734
      vertex -9.06322 13.9773 48.1461
    endloop
  endfacet
  facet normal 1.13142e-05 0.207912 0.978148
    outer loop
      vertex -6.54075 3.29009 50.4177
      vertex -10.5555 -1.07135 51.3448
      vertex -10.14 -1.42469 51.4199
    endloop
  endfacet
  facet normal -5.37752e-05 0.207813 0.978169
    outer loop
      vertex -14.6263 16.1759 47.6787
      vertex -9.06322 13.9773 48.1461
      vertex -14.4112 16.6716 47.5734
    endloop
  endfacet
  facet normal -2.46463e-05 0.207945 0.97814
    outer loop
      vertex -6.79029 3.51769 50.3693
      vertex -10.9582 -0.704028 51.2667
      vertex -10.5555 -1.07135 51.3448
    endloop
  endfacet
  facet normal -2.3348e-05 0.207886 0.978153
    outer loop
      vertex -9.06322 13.9773 48.1461
      vertex -14.6263 16.1759 47.6787
      vertex -9.18549 13.6658 48.2123
    endloop
  endfacet
  facet normal -6.88667e-05 0.207967 0.978136
    outer loop
      vertex -7.03155 3.75368 50.3192
      vertex -11.3476 -0.323187 51.1857
      vertex -10.9582 -0.704028 51.2667
    endloop
  endfacet
  facet normal 1.078e-05 0.207957 0.978138
    outer loop
      vertex -14.8237 15.6731 47.7856
      vertex -9.18549 13.6658 48.2123
      vertex -14.6263 16.1759 47.6787
    endloop
  endfacet
  facet normal 2.88585e-05 0.207876 0.978155
    outer loop
      vertex -7.26424 3.99776 50.2673
      vertex -11.7231 0.0707139 51.102
      vertex -11.3476 -0.323187 51.1857
    endloop
  endfacet
  facet normal 1.13865e-05 0.207959 0.978138
    outer loop
      vertex -9.18549 13.6658 48.2123
      vertex -14.8237 15.6731 47.7856
      vertex -9.29658 13.3502 48.2794
    endloop
  endfacet
  facet normal 5.16357e-06 0.207916 0.978147
    outer loop
      vertex -7.48808 4.24964 50.2137
      vertex -12.0844 0.477194 51.0156
      vertex -11.7231 0.0707139 51.102
    endloop
  endfacet
  facet normal 2.35298e-05 0.207986 0.978132
    outer loop
      vertex -15.0029 15.1638 47.8939
      vertex -9.29658 13.3502 48.2794
      vertex -14.8237 15.6731 47.7856
    endloop
  endfacet
  facet normal -3.70074e-05 0.207953 0.978139
    outer loop
      vertex -7.7028 4.509 50.1586
      vertex -12.4309 0.895757 50.9266
      vertex -12.0844 0.477194 51.0156
    endloop
  endfacet
  facet normal -2.49061e-05 0.207841 0.978163
    outer loop
      vertex -9.29658 13.3502 48.2794
      vertex -15.0029 15.1638 47.8939
      vertex -9.39633 13.0311 48.3472
    endloop
  endfacet
  facet normal 2.28604e-05 0.207869 0.978157
    outer loop
      vertex -7.90814 4.77554 50.102
      vertex -12.7622 1.32589 50.8352
      vertex -12.4309 0.895757 50.9266
    endloop
  endfacet
  facet normal -5.37175e-05 0.207768 0.978178
    outer loop
      vertex -15.1639 14.6487 48.0033
      vertex -9.39633 13.0311 48.3472
      vertex -15.0029 15.1638 47.8939
    endloop
  endfacet
  facet normal -1.89034e-05 0.207946 0.97814
    outer loop
      vertex -8.10384 5.04892 50.0438
      vertex -13.0781 1.76708 50.7414
      vertex -12.7622 1.32589 50.8352
    endloop
  endfacet
  facet normal -3.31019e-05 0.207838 0.978163
    outer loop
      vertex -9.39633 13.0311 48.3472
      vertex -15.1639 14.6487 48.0033
      vertex -9.48464 12.7087 48.4157
    endloop
  endfacet
  facet normal 2.98492e-06 0.207889 0.978152
    outer loop
      vertex -8.28967 5.32882 49.9844
      vertex -13.378 2.21878 50.6454
      vertex -13.0781 1.76708 50.7414
    endloop
  endfacet
  facet normal 1.01483e-05 0.20796 0.978137
    outer loop
      vertex -15.3064 14.1285 48.1139
      vertex -9.48464 12.7087 48.4157
      vertex -15.1639 14.6487 48.0033
    endloop
  endfacet
  facet normal 3.66852e-05 0.20787 0.978156
    outer loop
      vertex -8.4654 5.61489 49.9235
      vertex -13.6616 2.68045 50.5473
      vertex -13.378 2.21878 50.6454
    endloop
  endfacet
  facet normal -1.8164e-05 0.207848 0.978161
    outer loop
      vertex -9.48464 12.7087 48.4157
      vertex -15.3064 14.1285 48.1139
      vertex -9.56139 12.3835 48.4848
    endloop
  endfacet
  facet normal 2.9462e-05 0.207874 0.978156
    outer loop
      vertex -8.63081 5.90678 49.8615
      vertex -13.9285 3.15151 50.4472
      vertex -13.6616 2.68045 50.5473
    endloop
  endfacet
  facet normal 2.83584e-05 0.207995 0.97813
    outer loop
      vertex -15.4303 13.6037 48.2255
      vertex -9.56139 12.3835 48.4848
      vertex -15.3064 14.1285 48.1139
    endloop
  endfacet
  facet normal 9.48774e-06 0.207909 0.978148
    outer loop
      vertex -8.78571 6.20415 49.7983
      vertex -14.1785 3.6314 50.3452
      vertex -13.9285 3.15151 50.4472
    endloop
  endfacet
  facet normal 4.94697e-05 0.208092 0.978109
    outer loop
      vertex -9.56139 12.3835 48.4848
      vertex -15.4303 13.6037 48.2255
      vertex -9.6265 12.0559 48.5545
    endloop
  endfacet
  facet normal -3.29652e-05 0.207987 0.978132
    outer loop
      vertex -8.92991 6.50662 49.734
      vertex -14.4112 4.11952 50.2414
      vertex -14.1785 3.6314 50.3452
    endloop
  endfacet
  facet normal -3.76498e-05 0.20778 0.978176
    outer loop
      vertex -15.5353 13.075 48.3378
      vertex -9.6265 12.0559 48.5545
      vertex -15.4303 13.6037 48.2255
    endloop
  endfacet
  facet normal -1.39303e-05 0.207941 0.978141
    outer loop
      vertex -9.06322 6.81382 49.6687
      vertex -14.6263 4.6153 50.136
      vertex -14.4112 4.11952 50.2414
    endloop
  endfacet
  facet normal -4.26662e-05 0.207752 0.978182
    outer loop
      vertex -9.6265 12.0559 48.5545
      vertex -15.5353 13.075 48.3378
      vertex -9.67987 11.7263 48.6245
    endloop
  endfacet
  facet normal -2.27701e-05 0.207945 0.978141
    outer loop
      vertex -9.18549 7.1254 49.6025
      vertex -14.8237 5.11812 50.0291
      vertex -14.6263 4.6153 50.136
    endloop
  endfacet
  facet normal 1.27884e-05 0.207982 0.978133
    outer loop
      vertex -15.6215 12.5431 48.4509
      vertex -9.67987 11.7263 48.6245
      vertex -15.5353 13.075 48.3378
    endloop
  endfacet
  facet normal 2.61935e-05 0.207839 0.978163
    outer loop
      vertex -9.29658 7.44095 49.5354
      vertex -15.0029 5.62737 49.9209
      vertex -14.8237 5.11812 50.0291
    endloop
  endfacet
  facet normal -5.35382e-06 0.207856 0.978159
    outer loop
      vertex -9.67987 11.7263 48.6245
      vertex -15.6215 12.5431 48.4509
      vertex -9.72145 11.395 48.6949
    endloop
  endfacet
  facet normal -1.90313e-05 0.207947 0.97814
    outer loop
      vertex -9.39633 7.76011 49.4676
      vertex -15.1639 6.14242 49.8114
      vertex -15.0029 5.62737 49.9209
    endloop
  endfacet
  facet normal -5.52167e-06 0.207855 0.97816
    outer loop
      vertex -15.6886 12.0085 48.5645
      vertex -9.72145 11.395 48.6949
      vertex -15.6215 12.5431 48.4509
    endloop
  endfacet
  facet normal -6.82784e-06 0.207945 0.97814
    outer loop
      vertex -9.48464 8.08247 49.399
      vertex -15.3064 6.66266 49.7008
      vertex -15.1639 6.14242 49.8114
    endloop
  endfacet
  facet normal 1.44099e-05 0.208041 0.97812
    outer loop
      vertex -9.72145 11.395 48.6949
      vertex -15.6886 12.0085 48.5645
      vertex -9.75119 11.0626 48.7656
    endloop
  endfacet
  facet normal 2.33439e-05 0.207832 0.978165
    outer loop
      vertex -9.56139 8.40766 49.3299
      vertex -15.4303 7.18745 49.5893
      vertex -15.3064 6.66266 49.7008
    endloop
  endfacet
  facet normal 5.12462e-06 0.207985 0.978132
    outer loop
      vertex -15.7366 11.4719 48.6786
      vertex -9.75119 11.0626 48.7656
      vertex -15.6886 12.0085 48.5645
    endloop
  endfacet
  facet normal -9.88981e-06 0.207948 0.97814
    outer loop
      vertex -9.6265 8.73527 49.2603
      vertex -15.5353 7.71615 49.4769
      vertex -15.4303 7.18745 49.5893
    endloop
  endfacet
  facet normal 1.08791e-05 0.208065 0.978115
    outer loop
      vertex -9.75119 11.0626 48.7656
      vertex -15.7366 11.4719 48.6786
      vertex -9.76904 10.7293 48.8365
    endloop
  endfacet
  facet normal -9.29151e-06 0.20796 0.978137
    outer loop
      vertex -9.67987 9.0649 49.1902
      vertex -15.6215 8.24811 49.3638
      vertex -15.5353 7.71615 49.4769
    endloop
  endfacet
  facet normal -1.1941e-05 0.20789 0.978152
    outer loop
      vertex -15.7654 10.9341 48.7929
      vertex -9.76904 10.7293 48.8365
      vertex -15.7366 11.4719 48.6786
    endloop
  endfacet
  facet normal 5.36938e-06 0.207866 0.978157
    outer loop
      vertex -9.72145 9.39615 49.1198
      vertex -15.6886 8.78268 49.2502
      vertex -15.6215 8.24811 49.3638
    endloop
  endfacet
  facet normal -1.41678e-05 0.207827 0.978166
    outer loop
      vertex -9.76904 10.7293 48.8365
      vertex -15.7654 10.9341 48.7929
      vertex -9.775 10.3956 48.9074
    endloop
  endfacet
  facet normal 1.84773e-05 0.207835 0.978164
    outer loop
      vertex -9.75119 9.72862 49.0491
      vertex -15.7366 9.31922 49.1362
      vertex -15.6886 8.78268 49.2502
    endloop
  endfacet
  facet normal -0 0.207978 0.978133
    outer loop
      vertex -15.775 10.3956 48.9074
      vertex -9.775 10.3956 48.9074
      vertex -15.7654 10.9341 48.7929
    endloop
  endfacet
  facet normal -1.04432e-05 0.20804 0.97812
    outer loop
      vertex -9.76904 10.0619 48.9783
      vertex -15.7654 9.85708 49.0218
      vertex -15.7366 9.31922 49.1362
    endloop
  endfacet
  facet normal 0 0.207797 0.978172
    outer loop
      vertex -9.775 10.3956 48.9074
      vertex -15.775 10.3956 48.9074
      vertex -15.7654 9.85708 49.0218
    endloop
  endfacet
  facet normal -0.656102 0.738181 -0.156906
    outer loop
      vertex -10.5555 11.985 0
      vertex -10.14 22.2159 46.3949
      vertex -10.14 12.3543 0
    endloop
  endfacet
  facet normal -0.656165 0.738127 -0.156894
    outer loop
      vertex -10.14 22.2159 46.3949
      vertex -10.5555 11.985 0
      vertex -10.5555 21.8625 46.47
    endloop
  endfacet
  facet normal -0.422618 0.886503 -0.188432
    outer loop
      vertex -6.9153 14.4952 0
      vertex -6.41627 24.4918 45.9111
      vertex -6.41627 14.7331 0
    endloop
  endfacet
  facet normal -0.4226 0.886511 -0.188434
    outer loop
      vertex -6.41627 24.4918 45.9111
      vertex -6.9153 14.4952 0
      vertex -6.9153 24.2642 45.9595
    endloop
  endfacet
  facet normal -0.573484 0.801315 -0.170326
    outer loop
      vertex -9.27231 13.0474 0
      vertex -8.82127 23.1879 46.1883
      vertex -8.82127 13.3702 0
    endloop
  endfacet
  facet normal -0.573681 0.80118 -0.170295
    outer loop
      vertex -8.82127 23.1879 46.1883
      vertex -9.27231 13.0474 0
      vertex -9.27231 22.8789 46.254
    endloop
  endfacet
  facet normal -0.2249 0.953089 -0.202586
    outer loop
      vertex -3.81632 15.6484 0
      vertex -3.27981 25.4887 45.6992
      vertex -3.27981 15.775 0
    endloop
  endfacet
  facet normal -0.225042 0.953057 -0.202578
    outer loop
      vertex -3.27981 25.4887 45.6992
      vertex -3.81632 15.6484 0
      vertex -3.81632 25.3675 45.725
    endloop
  endfacet
  facet normal -0.325612 0.924842 -0.196582
    outer loop
      vertex -5.39537 15.1548 0
      vertex -4.87474 25.0707 45.7881
      vertex -4.87474 15.3381 0
    endloop
  endfacet
  facet normal -0.325657 0.924827 -0.196578
    outer loop
      vertex -4.87474 25.0707 45.7881
      vertex -5.39537 15.1548 0
      vertex -5.39537 24.8953 45.8254
    endloop
  endfacet
  facet normal -0.0173285 0.978 -0.207882
    outer loop
      vertex -0.059329 24.099 37.5082
      vertex 0 25.8259 45.6276
      vertex 0 24.1002 37.5089
    endloop
  endfacet
  facet normal -0.0174537 0.977998 -0.207881
    outer loop
      vertex 0 25.8259 45.6276
      vertex -0.059329 24.099 37.5082
      vertex -0.550539 25.8165 45.6296
    endloop
  endfacet
  facet normal -0.0168578 0.978016 -0.207849
    outer loop
      vertex -0.0660003 24.0988 37.5078
      vertex -0.550539 25.8165 45.6296
      vertex -0.059329 24.099 37.5082
    endloop
  endfacet
  facet normal -0.0180124 0.977982 -0.20791
    outer loop
      vertex -0.118586 24.0973 37.5053
      vertex -0.550539 25.8165 45.6296
      vertex -0.0660003 24.0988 37.5078
    endloop
  endfacet
  facet normal -0.0165246 0.978023 -0.20784
    outer loop
      vertex -0.171037 24.0955 37.501
      vertex -0.550539 25.8165 45.6296
      vertex -0.118586 24.0973 37.5053
    endloop
  endfacet
  facet normal -0.0283947 0.977649 -0.208315
    outer loop
      vertex -0.177698 24.0952 37.5005
      vertex -0.550539 25.8165 45.6296
      vertex -0.171037 24.0955 37.501
    endloop
  endfacet
  facet normal -0.01691 0.978011 -0.207865
    outer loop
      vertex -0.229954 24.093 37.4944
      vertex -0.550539 25.8165 45.6296
      vertex -0.177698 24.0952 37.5005
    endloop
  endfacet
  facet normal -0.0191316 0.977954 -0.207941
    outer loop
      vertex -0.236594 24.0927 37.4936
      vertex -0.550539 25.8165 45.6296
      vertex -0.229954 24.093 37.4944
    endloop
  endfacet
  facet normal -0.0171806 0.978004 -0.207876
    outer loop
      vertex -0.295201 24.0898 37.4848
      vertex -0.550539 25.8165 45.6296
      vertex -0.236594 24.0927 37.4936
    endloop
  endfacet
  facet normal -0.0183977 0.977975 -0.207908
    outer loop
      vertex -0.301773 24.0894 37.4835
      vertex -0.550539 25.8165 45.6296
      vertex -0.295201 24.0898 37.4848
    endloop
  endfacet
  facet normal -0.0181529 0.977981 -0.207902
    outer loop
      vertex -0.35345 24.0864 37.4739
      vertex -0.550539 25.8165 45.6296
      vertex -0.301773 24.0894 37.4835
    endloop
  endfacet
  facet normal -0.0167229 0.978013 -0.207874
    outer loop
      vertex -0.404738 24.0831 37.4625
      vertex -0.550539 25.8165 45.6296
      vertex -0.35345 24.0864 37.4739
    endloop
  endfacet
  facet normal -0.0121818 0.978093 -0.20781
    outer loop
      vertex -0.411266 24.0827 37.461
      vertex -0.550539 25.8165 45.6296
      vertex -0.404738 24.0831 37.4625
    endloop
  endfacet
  facet normal -0.0179847 0.977988 -0.207886
    outer loop
      vertex -0.468583 24.0785 37.4462
      vertex -0.550539 25.8165 45.6296
      vertex -0.411266 24.0827 37.461
    endloop
  endfacet
  facet normal -0.0146746 0.978047 -0.207866
    outer loop
      vertex -0.474994 24.078 37.4443
      vertex -0.550539 25.8165 45.6296
      vertex -0.468583 24.0785 37.4462
    endloop
  endfacet
  facet normal -0.0185355 0.977977 -0.207887
    outer loop
      vertex -0.525329 24.0739 37.4295
      vertex -0.550539 25.8165 45.6296
      vertex -0.474994 24.078 37.4443
    endloop
  endfacet
  facet normal -0.00827825 0.978118 -0.207885
    outer loop
      vertex -0.531671 24.0734 37.4274
      vertex -0.550539 25.8165 45.6296
      vertex -0.525329 24.0739 37.4295
    endloop
  endfacet
  facet normal -0.0187049 0.977976 -0.207879
    outer loop
      vertex -0.550539 25.8165 45.6296
      vertex -0.531671 24.0734 37.4274
      vertex -0.550539 24.0717 37.4211
    endloop
  endfacet
  facet normal -0.0104961 -0.999477 0.0305787
    outer loop
      vertex -0.236594 23.3927 34.2003
      vertex -0.295201 23.3936 34.2096
      vertex -0.243203 23.3928 34.2013
    endloop
  endfacet
  facet normal 0.112869 0.463514 0.878871
    outer loop
      vertex -0.177698 23.3922 34.193
      vertex -0.236594 23.3927 34.2003
      vertex -0.229954 23.3926 34.1995
    endloop
  endfacet
  facet normal 0.00926506 -0.983214 -0.182219
    outer loop
      vertex 0 23.3933 34.1832
      vertex -0.059329 23.3925 34.1845
      vertex -0.0526504 23.3926 34.1843
    endloop
  endfacet
  facet normal -0.0177424 0.977993 -0.20788
    outer loop
      vertex 0 16.1274 0
      vertex -0.059329 23.3925 34.1845
      vertex 0 23.3933 34.1832
    endloop
  endfacet
  facet normal -0.0174091 0.977999 -0.207881
    outer loop
      vertex -0.550539 16.1176 0
      vertex -0.059329 23.3925 34.1845
      vertex 0 16.1274 0
    endloop
  endfacet
  facet normal -0.0178273 0.977993 -0.207873
    outer loop
      vertex -0.059329 23.3925 34.1845
      vertex -0.550539 16.1176 0
      vertex -0.118586 23.3921 34.1877
    endloop
  endfacet
  facet normal -0.0167639 0.978009 -0.20789
    outer loop
      vertex -0.118586 23.3921 34.1877
      vertex -0.550539 16.1176 0
      vertex -0.171037 23.3922 34.1924
    endloop
  endfacet
  facet normal -0.0187235 0.977979 -0.207862
    outer loop
      vertex -0.171037 23.3922 34.1924
      vertex -0.550539 16.1176 0
      vertex -0.177698 23.3922 34.193
    endloop
  endfacet
  facet normal -0.0174634 0.977998 -0.20788
    outer loop
      vertex -0.177698 23.3922 34.193
      vertex -0.550539 16.1176 0
      vertex -0.236594 23.3927 34.2003
    endloop
  endfacet
  facet normal -0.0179677 0.977991 -0.207874
    outer loop
      vertex -0.236594 23.3927 34.2003
      vertex -0.550539 16.1176 0
      vertex -0.295201 23.3936 34.2096
    endloop
  endfacet
  facet normal -0.0168226 0.978008 -0.207886
    outer loop
      vertex -0.295201 23.3936 34.2096
      vertex -0.550539 16.1176 0
      vertex -0.35345 23.395 34.2209
    endloop
  endfacet
  facet normal -0.0170137 0.978005 -0.207884
    outer loop
      vertex -0.35345 23.395 34.2209
      vertex -0.550539 16.1176 0
      vertex -0.411266 23.3968 34.2341
    endloop
  endfacet
  facet normal -0.0179518 0.97799 -0.207877
    outer loop
      vertex -0.411266 23.3968 34.2341
      vertex -0.550539 16.1176 0
      vertex -0.468583 23.399 34.2494
    endloop
  endfacet
  facet normal -0.0178326 0.977992 -0.207878
    outer loop
      vertex -0.468583 23.399 34.2494
      vertex -0.550539 16.1176 0
      vertex -0.525329 23.4016 34.2665
    endloop
  endfacet
  facet normal -0.0166036 0.978013 -0.207883
    outer loop
      vertex -0.525329 23.4016 34.2665
      vertex -0.550539 16.1176 0
      vertex -0.550539 23.403 34.2751
    endloop
  endfacet
  facet normal 0.0174537 -0.977999 0.20788
    outer loop
      vertex 0 -5.03469 52.1872
      vertex 0.550539 -12.5675 16.7019
      vertex 0.550539 -5.02529 52.1852
    endloop
  endfacet
  facet normal 0.0174648 -0.977998 0.20788
    outer loop
      vertex 0 -5.03469 52.1872
      vertex 0.0257225 -12.5787 16.6933
      vertex 0.550539 -12.5675 16.7019
    endloop
  endfacet
  facet normal 0.0155272 -0.97803 0.207885
    outer loop
      vertex 0 -5.03469 52.1872
      vertex 0.0045438 -12.5791 16.693
      vertex 0.0257225 -12.5787 16.6933
    endloop
  endfacet
  facet normal 0.016949 -0.978007 0.207881
    outer loop
      vertex 0.0045438 -12.5791 16.693
      vertex 0 -5.03469 52.1872
      vertex 0 -12.5792 16.6929
    endloop
  endfacet
  facet normal 0.0871792 -0.974423 0.207122
    outer loop
      vertex 1.10041 -4.99711 52.1792
      vertex 1.64894 -12.4788 16.75
      vertex 1.64894 -4.95016 52.1692
    endloop
  endfacet
  facet normal 0.0871091 -0.974429 0.207122
    outer loop
      vertex 1.64894 -12.4788 16.75
      vertex 1.10041 -4.99711 52.1792
      vertex 1.10041 -12.534 16.721
    endloop
  endfacet
  facet normal 0.156443 -0.966104 0.205352
    outer loop
      vertex 2.19546 -4.88453 52.1553
      vertex 2.7393 -12.3035 16.8376
      vertex 2.7393 -4.80027 52.1374
    endloop
  endfacet
  facet normal 0.156414 -0.966108 0.205353
    outer loop
      vertex 2.7393 -12.3035 16.8376
      vertex 2.19546 -4.88453 52.1553
      vertex 2.19546 -12.4019 16.7889
    endloop
  endfacet
  facet normal 0.190832 -0.960172 0.204091
    outer loop
      vertex 2.7393 -4.80027 52.1374
      vertex 3.27981 -12.1836 16.8962
      vertex 3.27981 -4.6975 52.1155
    endloop
  endfacet
  facet normal 0.190811 -0.960176 0.204092
    outer loop
      vertex 2.7393 -4.80027 52.1374
      vertex 2.78602 -12.2931 16.8427
      vertex 3.27981 -12.1836 16.8962
    endloop
  endfacet
  facet normal 0.191435 -0.960057 0.204067
    outer loop
      vertex 2.78602 -12.2931 16.8427
      vertex 2.7393 -4.80027 52.1374
      vertex 2.7393 -12.3035 16.8376
    endloop
  endfacet
  facet normal 0.121836 -0.970861 0.206363
    outer loop
      vertex 1.64894 -4.95016 52.1692
      vertex 2.19546 -12.4019 16.7889
      vertex 2.19546 -4.88453 52.1553
    endloop
  endfacet
  facet normal 0.121919 -0.97085 0.206362
    outer loop
      vertex 2.19546 -12.4019 16.7889
      vertex 1.64894 -4.95016 52.1692
      vertex 1.64894 -12.4788 16.75
    endloop
  endfacet
  facet normal 0.292351 -0.935413 0.198828
    outer loop
      vertex 4.34818 -4.43695 52.0601
      vertex 4.87474 -11.697 17.1299
      vertex 4.87474 -4.27948 52.0267
    endloop
  endfacet
  facet normal 0.292403 -0.935398 0.198825
    outer loop
      vertex 4.87474 -11.697 17.1299
      vertex 4.34818 -4.43695 52.0601
      vertex 4.34818 -11.8802 17.0424
    endloop
  endfacet
  facet normal 0.358354 -0.913185 0.194103
    outer loop
      vertex 5.39537 -4.10413 51.9894
      vertex 5.90942 -11.2688 17.3331
      vertex 5.90942 -3.91112 51.9484
    endloop
  endfacet
  facet normal 0.358324 -0.913196 0.194105
    outer loop
      vertex 5.90942 -11.2688 17.3331
      vertex 5.39537 -4.10413 51.9894
      vertex 5.39537 -11.4931 17.2268
    endloop
  endfacet
  facet normal 0.70707 -0.691691 0.147024
    outer loop
      vertex 10.9582 -0.704028 51.2667
      vertex 11.3476 -7.13255 19.1502
      vertex 11.3476 -0.323187 51.1857
    endloop
  endfacet
  facet normal 0.707853 -0.69092 0.146879
    outer loop
      vertex 10.9582 -0.704028 51.2667
      vertex 11.3347 -7.146 19.1491
      vertex 11.3476 -7.13255 19.1502
    endloop
  endfacet
  facet normal 0.705116 -0.693606 0.147385
    outer loop
      vertex 10.9582 -0.704028 51.2667
      vertex 11.3234 -7.1577 19.1481
      vertex 11.3347 -7.146 19.1491
    endloop
  endfacet
  facet normal 0.707601 -0.691169 0.146924
    outer loop
      vertex 10.9582 -0.704028 51.2667
      vertex 11.3039 -7.17811 19.146
      vertex 11.3234 -7.1577 19.1481
    endloop
  endfacet
  facet normal 0.706018 -0.692722 0.14722
    outer loop
      vertex 10.9582 -0.704028 51.2667
      vertex 11.2927 -7.18978 19.1448
      vertex 11.3039 -7.17811 19.146
    endloop
  endfacet
  facet normal 0.707399 -0.691368 0.146961
    outer loop
      vertex 10.9582 -0.704028 51.2667
      vertex 11.2733 -7.21014 19.1424
      vertex 11.2927 -7.18978 19.1448
    endloop
  endfacet
  facet normal 0.706 -0.69274 0.147225
    outer loop
      vertex 10.9582 -0.704028 51.2667
      vertex 11.2622 -7.22175 19.141
      vertex 11.2733 -7.21014 19.1424
    endloop
  endfacet
  facet normal 0.708287 -0.690494 0.146791
    outer loop
      vertex 10.9582 -0.704028 51.2667
      vertex 11.243 -7.24204 19.1382
      vertex 11.2622 -7.22175 19.141
    endloop
  endfacet
  facet normal 0.705981 -0.692758 0.147231
    outer loop
      vertex 10.9582 -0.704028 51.2667
      vertex 11.232 -7.25359 19.1366
      vertex 11.243 -7.24204 19.1382
    endloop
  endfacet
  facet normal 0.706982 -0.691777 0.14704
    outer loop
      vertex 10.9582 -0.704028 51.2667
      vertex 11.2129 -7.27379 19.1334
      vertex 11.232 -7.25359 19.1366
    endloop
  endfacet
  facet normal 0.708575 -0.690211 0.146732
    outer loop
      vertex 10.9582 -0.704028 51.2667
      vertex 11.2021 -7.28526 19.1316
      vertex 11.2129 -7.27379 19.1334
    endloop
  endfacet
  facet normal 0.707541 -0.691229 0.146933
    outer loop
      vertex 10.9582 -0.704028 51.2667
      vertex 11.1832 -7.30535 19.1281
      vertex 11.2021 -7.28526 19.1316
    endloop
  endfacet
  facet normal 0.704331 -0.694366 0.147555
    outer loop
      vertex 10.9582 -0.704028 51.2667
      vertex 11.1724 -7.31673 19.1261
      vertex 11.1832 -7.30535 19.1281
    endloop
  endfacet
  facet normal 0.707167 -0.691596 0.147004
    outer loop
      vertex 10.9582 -0.704028 51.2667
      vertex 11.1537 -7.33668 19.1222
      vertex 11.1724 -7.31673 19.1261
    endloop
  endfacet
  facet normal 0.709649 -0.689153 0.146515
    outer loop
      vertex 10.9582 -0.704028 51.2667
      vertex 11.1432 -7.34796 19.12
      vertex 11.1537 -7.33668 19.1222
    endloop
  endfacet
  facet normal 0.706597 -0.692154 0.147118
    outer loop
      vertex 10.9582 -0.704028 51.2667
      vertex 11.1247 -7.36776 19.1157
      vertex 11.1432 -7.34796 19.12
    endloop
  endfacet
  facet normal 0.707687 -0.691085 0.146902
    outer loop
      vertex 10.9582 -0.704028 51.2667
      vertex 11.1143 -7.37892 19.1133
      vertex 11.1247 -7.36776 19.1157
    endloop
  endfacet
  facet normal 0.706037 -0.692702 0.147229
    outer loop
      vertex 10.9582 -0.704028 51.2667
      vertex 11.096 -7.39855 19.1087
      vertex 11.1143 -7.37892 19.1133
    endloop
  endfacet
  facet normal 0.708439 -0.690347 0.146749
    outer loop
      vertex 10.9582 -0.704028 51.2667
      vertex 11.0858 -7.40957 19.1061
      vertex 11.096 -7.39855 19.1087
    endloop
  endfacet
  facet normal 0.70656 -0.69219 0.147126
    outer loop
      vertex 10.9582 -0.704028 51.2667
      vertex 11.0577 -7.43989 19.0984
      vertex 11.0858 -7.40957 19.1061
    endloop
  endfacet
  facet normal 0.706848 -0.691908 0.147068
    outer loop
      vertex 10.9582 -0.704028 51.2667
      vertex 11.04 -7.45912 19.093
      vertex 11.0577 -7.43989 19.0984
    endloop
  endfacet
  facet normal 0.710071 -0.68874 0.146411
    outer loop
      vertex 10.9582 -0.704028 51.2667
      vertex 11.0302 -7.46984 19.0901
      vertex 11.04 -7.45912 19.093
    endloop
  endfacet
  facet normal 0.706902 -0.691855 0.147059
    outer loop
      vertex 10.9582 -0.704028 51.2667
      vertex 11.0128 -7.48883 19.0844
      vertex 11.0302 -7.46984 19.0901
    endloop
  endfacet
  facet normal 0.70543 -0.693291 0.147359
    outer loop
      vertex 10.9582 -0.704028 51.2667
      vertex 11.0031 -7.49938 19.0812
      vertex 11.0128 -7.48883 19.0844
    endloop
  endfacet
  facet normal 0.706756 -0.691998 0.147088
    outer loop
      vertex 10.9582 -0.704028 51.2667
      vertex 10.986 -7.51812 19.0752
      vertex 11.0031 -7.49938 19.0812
    endloop
  endfacet
  facet normal 0.708886 -0.68991 0.146648
    outer loop
      vertex 10.9582 -0.704028 51.2667
      vertex 10.9766 -7.52848 19.0719
      vertex 10.986 -7.51812 19.0752
    endloop
  endfacet
  facet normal 0.707655 -0.691117 0.146903
    outer loop
      vertex 10.9582 -0.704028 51.2667
      vertex 10.9599 -7.54694 19.0655
      vertex 10.9766 -7.52848 19.0719
    endloop
  endfacet
  facet normal 0.691234 -0.70684 0.150243
    outer loop
      vertex 10.9599 -7.54694 19.0655
      vertex 10.9582 -0.704028 51.2667
      vertex 10.9582 -7.54873 19.0649
    endloop
  endfacet
  facet normal 0.629292 -0.760186 0.161582
    outer loop
      vertex 9.71206 -1.76364 51.4919
      vertex 10.14 -8.38287 18.6842
      vertex 10.14 -1.42469 51.4199
    endloop
  endfacet
  facet normal 0.629288 -0.760189 0.161583
    outer loop
      vertex 10.14 -8.38287 18.6842
      vertex 9.71206 -1.76364 51.4919
      vertex 9.71206 -8.77604 18.5011
    endloop
  endfacet
  facet normal 0.484801 -0.855512 0.181845
    outer loop
      vertex 7.40591 -3.22854 51.8033
      vertex 7.8875 -10.1729 17.8487
      vertex 7.8875 -2.96743 51.7478
    endloop
  endfacet
  facet normal 0.484757 -0.855536 0.181849
    outer loop
      vertex 7.8875 -10.1729 17.8487
      vertex 7.40591 -3.22854 51.8033
      vertex 7.40591 -10.476 17.7065
    endloop
  endfacet
  facet normal 0.422598 -0.886512 0.188435
    outer loop
      vertex 6.41627 -3.70068 51.9036
      vertex 6.9153 -10.76 17.5731
      vertex 6.9153 -3.47306 51.8553
    endloop
  endfacet
  facet normal 0.422526 -0.886545 0.188441
    outer loop
      vertex 6.9153 -10.76 17.5731
      vertex 6.41627 -3.70068 51.9036
      vertex 6.41627 -11.0243 17.4486
    endloop
  endfacet
  facet normal 0.544617 -0.820357 0.174372
    outer loop
      vertex 8.35948 -2.69003 51.6888
      vertex 8.82127 -9.51053 18.1585
      vertex 8.82127 -2.3967 51.6265
    endloop
  endfacet
  facet normal 0.544642 -0.820342 0.174369
    outer loop
      vertex 8.82127 -9.51053 18.1585
      vertex 8.35948 -2.69003 51.6888
      vertex 8.35948 -9.85094 17.9994
    endloop
  endfacet
  facet normal 0.573598 -0.801237 0.170308
    outer loop
      vertex 8.82127 -2.3967 51.6265
      vertex 9.27231 -9.15208 18.3258
      vertex 9.27231 -2.08777 51.5608
    endloop
  endfacet
  facet normal 0.573591 -0.801242 0.170309
    outer loop
      vertex 9.27231 -9.15208 18.3258
      vertex 8.82127 -2.3967 51.6265
      vertex 8.82127 -9.51053 18.1585
    endloop
  endfacet
  facet normal 0.731371 -0.667076 0.141792
    outer loop
      vertex 11.3476 -0.323187 51.1857
      vertex 11.7231 -6.72179 19.1458
      vertex 11.7231 0.0707139 51.102
    endloop
  endfacet
  facet normal 0.732195 -0.666207 0.141628
    outer loop
      vertex 11.3476 -0.323187 51.1857
      vertex 11.7192 -6.72597 19.1463
      vertex 11.7231 -6.72179 19.1458
    endloop
  endfacet
  facet normal 0.731838 -0.666584 0.141699
    outer loop
      vertex 11.3476 -0.323187 51.1857
      vertex 11.7003 -6.74621 19.1487
      vertex 11.7192 -6.72597 19.1463
    endloop
  endfacet
  facet normal 0.731499 -0.666942 0.141767
    outer loop
      vertex 11.3476 -0.323187 51.1857
      vertex 11.6894 -6.75791 19.1499
      vertex 11.7003 -6.74621 19.1487
    endloop
  endfacet
  facet normal 0.730647 -0.667838 0.141938
    outer loop
      vertex 11.3476 -0.323187 51.1857
      vertex 11.6703 -6.77836 19.152
      vertex 11.6894 -6.75791 19.1499
    endloop
  endfacet
  facet normal 0.730591 -0.667898 0.141949
    outer loop
      vertex 11.3476 -0.323187 51.1857
      vertex 11.6593 -6.79018 19.153
      vertex 11.6703 -6.77836 19.152
    endloop
  endfacet
  facet normal 0.732349 -0.666045 0.141592
    outer loop
      vertex 11.3476 -0.323187 51.1857
      vertex 11.6402 -6.81082 19.1547
      vertex 11.6593 -6.79018 19.153
    endloop
  endfacet
  facet normal 0.729695 -0.668837 0.142133
    outer loop
      vertex 11.3476 -0.323187 51.1857
      vertex 11.6291 -6.82276 19.1555
      vertex 11.6402 -6.81082 19.1547
    endloop
  endfacet
  facet normal 0.731948 -0.666469 0.141673
    outer loop
      vertex 11.3476 -0.323187 51.1857
      vertex 11.6099 -6.84357 19.1568
      vertex 11.6291 -6.82276 19.1555
    endloop
  endfacet
  facet normal 0.730432 -0.668064 0.141985
    outer loop
      vertex 11.3476 -0.323187 51.1857
      vertex 11.5988 -6.8556 19.1573
      vertex 11.6099 -6.84357 19.1568
    endloop
  endfacet
  facet normal 0.73173 -0.666699 0.141717
    outer loop
      vertex 11.3476 -0.323187 51.1857
      vertex 11.5795 -6.87657 19.1583
      vertex 11.5988 -6.8556 19.1573
    endloop
  endfacet
  facet normal 0.731481 -0.666962 0.141769
    outer loop
      vertex 11.3476 -0.323187 51.1857
      vertex 11.5684 -6.88868 19.1586
      vertex 11.5795 -6.87657 19.1583
    endloop
  endfacet
  facet normal 0.730695 -0.667788 0.141933
    outer loop
      vertex 11.3476 -0.323187 51.1857
      vertex 11.549 -6.90978 19.1592
      vertex 11.5684 -6.88868 19.1586
    endloop
  endfacet
  facet normal 0.732246 -0.666155 0.141607
    outer loop
      vertex 11.3476 -0.323187 51.1857
      vertex 11.5379 -6.92196 19.1593
      vertex 11.549 -6.90978 19.1592
    endloop
  endfacet
  facet normal 0.730935 -0.667536 0.141883
    outer loop
      vertex 11.3476 -0.323187 51.1857
      vertex 11.5185 -6.94316 19.1595
      vertex 11.5379 -6.92196 19.1593
    endloop
  endfacet
  facet normal 0.732732 -0.665643 0.141502
    outer loop
      vertex 11.3476 -0.323187 51.1857
      vertex 11.5074 -6.9554 19.1594
      vertex 11.5185 -6.94316 19.1595
    endloop
  endfacet
  facet normal 0.731014 -0.667452 0.141868
    outer loop
      vertex 11.3476 -0.323187 51.1857
      vertex 11.488 -6.97669 19.1592
      vertex 11.5074 -6.9554 19.1594
    endloop
  endfacet
  facet normal 0.732385 -0.66601 0.141574
    outer loop
      vertex 11.3476 -0.323187 51.1857
      vertex 11.4769 -6.98896 19.1589
      vertex 11.488 -6.97669 19.1592
    endloop
  endfacet
  facet normal 0.730934 -0.667536 0.141886
    outer loop
      vertex 11.3476 -0.323187 51.1857
      vertex 11.4575 -7.01033 19.1583
      vertex 11.4769 -6.98896 19.1589
    endloop
  endfacet
  facet normal 0.730553 -0.667935 0.141968
    outer loop
      vertex 11.3476 -0.323187 51.1857
      vertex 11.4381 -7.03174 19.1574
      vertex 11.4575 -7.01033 19.1583
    endloop
  endfacet
  facet normal 0.731165 -0.667293 0.141835
    outer loop
      vertex 11.3476 -0.323187 51.1857
      vertex 11.427 -7.04403 19.1568
      vertex 11.4381 -7.03174 19.1574
    endloop
  endfacet
  facet normal 0.731427 -0.667018 0.141778
    outer loop
      vertex 11.3476 -0.323187 51.1857
      vertex 11.4077 -7.06547 19.1555
      vertex 11.427 -7.04403 19.1568
    endloop
  endfacet
  facet normal 0.733921 -0.66439 0.14123
    outer loop
      vertex 11.3476 -0.323187 51.1857
      vertex 11.3967 -7.07777 19.1548
      vertex 11.4077 -7.06547 19.1555
    endloop
  endfacet
  facet normal 0.730219 -0.668284 0.142045
    outer loop
      vertex 11.3476 -0.323187 51.1857
      vertex 11.3774 -7.09922 19.1531
      vertex 11.3967 -7.07777 19.1548
    endloop
  endfacet
  facet normal 0.731857 -0.666567 0.141683
    outer loop
      vertex 11.3476 -0.323187 51.1857
      vertex 11.3664 -7.11151 19.1521
      vertex 11.3774 -7.09922 19.1531
    endloop
  endfacet
  facet normal 0.733278 -0.66507 0.141367
    outer loop
      vertex 11.3476 -0.323187 51.1857
      vertex 11.3586 -7.12028 19.1513
      vertex 11.3664 -7.11151 19.1521
    endloop
  endfacet
  facet normal 0.730767 -0.667709 0.141926
    outer loop
      vertex 11.3476 -0.323187 51.1857
      vertex 11.3541 -7.12529 19.1509
      vertex 11.3586 -7.12028 19.1513
    endloop
  endfacet
  facet normal 0.730641 -0.667842 0.141954
    outer loop
      vertex 11.3541 -7.12529 19.1509
      vertex 11.3476 -0.323187 51.1857
      vertex 11.3476 -7.13255 19.1502
    endloop
  endfacet
  facet normal 0.819092 -0.561127 0.119271
    outer loop
      vertex 12.7622 -5.4944 18.7482
      vertex 13.0781 1.76708 50.7414
      vertex 12.7622 1.32589 50.8352
    endloop
  endfacet
  facet normal 0.819137 -0.561063 0.119258
    outer loop
      vertex 13.0781 1.76708 50.7414
      vertex 12.9836 -5.20525 18.5883
      vertex 13.0781 -5.0818 18.52
    endloop
  endfacet
  facet normal 0.819054 -0.56118 0.119283
    outer loop
      vertex 13.0781 1.76708 50.7414
      vertex 12.7622 -5.4944 18.7482
      vertex 12.9836 -5.20525 18.5883
    endloop
  endfacet
  facet normal 0.838662 -0.532751 0.11324
    outer loop
      vertex 13.0781 -5.0818 18.52
      vertex 13.378 2.21878 50.6454
      vertex 13.0781 1.76708 50.7414
    endloop
  endfacet
  facet normal 0.838624 -0.532807 0.113252
    outer loop
      vertex 13.378 2.21878 50.6454
      vertex 13.1969 -4.91517 18.4238
      vertex 13.378 -4.66866 18.2425
    endloop
  endfacet
  facet normal 0.836371 -0.536177 0.11401
    outer loop
      vertex 13.378 2.21878 50.6454
      vertex 13.1919 -4.92197 18.4285
      vertex 13.1969 -4.91517 18.4238
    endloop
  endfacet
  facet normal 0.838943 -0.532329 0.113142
    outer loop
      vertex 13.378 2.21878 50.6454
      vertex 13.18 -4.93828 18.44
      vertex 13.1919 -4.92197 18.4285
    endloop
  endfacet
  facet normal 0.838718 -0.532667 0.113219
    outer loop
      vertex 13.378 2.21878 50.6454
      vertex 13.1748 -4.94549 18.4446
      vertex 13.18 -4.93828 18.44
    endloop
  endfacet
  facet normal 0.838651 -0.532767 0.113242
    outer loop
      vertex 13.378 2.21878 50.6454
      vertex 13.1624 -4.96265 18.4557
      vertex 13.1748 -4.94549 18.4446
    endloop
  endfacet
  facet normal 0.838589 -0.532861 0.113263
    outer loop
      vertex 13.378 2.21878 50.6454
      vertex 13.1441 -4.98824 18.4708
      vertex 13.1624 -4.96265 18.4557
    endloop
  endfacet
  facet normal 0.840847 -0.529456 0.112484
    outer loop
      vertex 13.378 2.21878 50.6454
      vertex 13.1385 -4.99622 18.4751
      vertex 13.1441 -4.98824 18.4708
    endloop
  endfacet
  facet normal 0.838793 -0.532554 0.113194
    outer loop
      vertex 13.378 2.21878 50.6454
      vertex 13.1252 -5.015 18.4853
      vertex 13.1385 -4.99622 18.4751
    endloop
  endfacet
  facet normal 0.838763 -0.532598 0.113204
    outer loop
      vertex 13.378 2.21878 50.6454
      vertex 13.0781 -5.0818 18.52
      vertex 13.1252 -5.015 18.4853
    endloop
  endfacet
  facet normal 0.777167 -0.615543 0.130837
    outer loop
      vertex 12.0867 -6.30865 19.0769
      vertex 12.4309 0.895757 50.9266
      vertex 12.0844 0.477194 51.0156
    endloop
  endfacet
  facet normal 0.769937 -0.624176 0.132673
    outer loop
      vertex 12.4309 0.895757 50.9266
      vertex 12.4284 -5.90717 18.9359
      vertex 12.4309 -5.90432 18.9348
    endloop
  endfacet
  facet normal 0.777157 -0.615555 0.130839
    outer loop
      vertex 12.4309 0.895757 50.9266
      vertex 12.2092 -6.16332 19.0328
      vertex 12.4284 -5.90717 18.9359
    endloop
  endfacet
  facet normal 0.779258 -0.613016 0.130263
    outer loop
      vertex 12.4309 0.895757 50.9266
      vertex 12.201 -6.173 19.0363
      vertex 12.2092 -6.16332 19.0328
    endloop
  endfacet
  facet normal 0.777175 -0.615533 0.130835
    outer loop
      vertex 12.4309 0.895757 50.9266
      vertex 12.1858 -6.19081 19.0428
      vertex 12.201 -6.173 19.0363
    endloop
  endfacet
  facet normal 0.776005 -0.616939 0.131157
    outer loop
      vertex 12.4309 0.895757 50.9266
      vertex 12.1773 -6.2008 19.0461
      vertex 12.1858 -6.19081 19.0428
    endloop
  endfacet
  facet normal 0.7779 -0.61466 0.130635
    outer loop
      vertex 12.4309 0.895757 50.9266
      vertex 12.1618 -6.21912 19.0522
      vertex 12.1773 -6.2008 19.0461
    endloop
  endfacet
  facet normal 0.776453 -0.616401 0.131035
    outer loop
      vertex 12.4309 0.895757 50.9266
      vertex 12.1531 -6.22942 19.0553
      vertex 12.1618 -6.21912 19.0522
    endloop
  endfacet
  facet normal 0.776194 -0.616712 0.131107
    outer loop
      vertex 12.4309 0.895757 50.9266
      vertex 12.1372 -6.24822 19.061
      vertex 12.1531 -6.22942 19.0553
    endloop
  endfacet
  facet normal 0.776606 -0.616218 0.130993
    outer loop
      vertex 12.4309 0.895757 50.9266
      vertex 12.1283 -6.25882 19.0639
      vertex 12.1372 -6.24822 19.061
    endloop
  endfacet
  facet normal 0.778379 -0.614082 0.130496
    outer loop
      vertex 12.4309 0.895757 50.9266
      vertex 12.1122 -6.27808 19.0693
      vertex 12.1283 -6.25882 19.0639
    endloop
  endfacet
  facet normal 0.775944 -0.617011 0.13118
    outer loop
      vertex 12.4309 0.895757 50.9266
      vertex 12.1031 -6.28895 19.072
      vertex 12.1122 -6.27808 19.0693
    endloop
  endfacet
  facet normal 0.777691 -0.614912 0.130689
    outer loop
      vertex 12.4309 0.895757 50.9266
      vertex 12.0867 -6.30865 19.0769
      vertex 12.1031 -6.28895 19.072
    endloop
  endfacet
  facet normal 0.781857 -0.609834 0.129624
    outer loop
      vertex 12.0867 -6.30865 19.0769
      vertex 12.0844 0.477194 51.0156
      vertex 12.0844 -6.31145 19.0776
    endloop
  endfacet
  facet normal 0.890991 -0.4441 0.0943963
    outer loop
      vertex 13.9285 -3.82546 17.6231
      vertex 14.1785 3.6314 50.3452
      vertex 13.9285 3.15151 50.4472
    endloop
  endfacet
  facet normal 0.890988 -0.444105 0.0943973
    outer loop
      vertex 14.1785 3.6314 50.3452
      vertex 13.9285 -3.82546 17.6231
      vertex 14.1785 -3.3971 17.2787
    endloop
  endfacet
  facet normal 0.920537 -0.382119 0.0812218
    outer loop
      vertex 14.4112 -2.95834 16.9427
      vertex 14.6263 4.6153 50.136
      vertex 14.4112 4.11952 50.2414
    endloop
  endfacet
  facet normal 0.920544 -0.382101 0.0812183
    outer loop
      vertex 14.6263 4.6153 50.136
      vertex 14.4333 -2.913 16.9057
      vertex 14.6263 -2.5213 16.561
    endloop
  endfacet
  facet normal 0.921065 -0.380903 0.0809437
    outer loop
      vertex 14.6263 4.6153 50.136
      vertex 14.4304 -2.91895 16.9107
      vertex 14.4333 -2.913 16.9057
    endloop
  endfacet
  facet normal 0.920378 -0.382483 0.081306
    outer loop
      vertex 14.6263 4.6153 50.136
      vertex 14.4179 -2.94448 16.9321
      vertex 14.4304 -2.91895 16.9107
    endloop
  endfacet
  facet normal 0.918873 -0.385918 0.0820976
    outer loop
      vertex 14.6263 4.6153 50.136
      vertex 14.4148 -2.95084 16.9369
      vertex 14.4179 -2.94448 16.9321
    endloop
  endfacet
  facet normal 0.921498 -0.379903 0.0807102
    outer loop
      vertex 14.6263 4.6153 50.136
      vertex 14.4112 -2.95834 16.9427
      vertex 14.4148 -2.95084 16.9369
    endloop
  endfacet
  facet normal 0.956298 -0.286006 0.0607924
    outer loop
      vertex 15.0029 -1.62047 15.8225
      vertex 15.1639 6.14242 49.8114
      vertex 15.0029 5.62737 49.9209
    endloop
  endfacet
  facet normal 0.956358 -0.285812 0.0607513
    outer loop
      vertex 15.1639 6.14242 49.8114
      vertex 15.1159 -1.29617 15.5712
      vertex 15.1639 -1.161 15.4515
    endloop
  endfacet
  facet normal 0.954254 -0.292456 0.0621974
    outer loop
      vertex 15.1639 6.14242 49.8114
      vertex 15.1144 -1.30032 15.5747
      vertex 15.1159 -1.29617 15.5712
    endloop
  endfacet
  facet normal 0.956041 -0.286825 0.0609709
    outer loop
      vertex 15.1639 6.14242 49.8114
      vertex 15.1041 -1.32938 15.5995
      vertex 15.1144 -1.30032 15.5747
    endloop
  endfacet
  facet normal 0.957371 -0.282554 0.0600357
    outer loop
      vertex 15.1639 6.14242 49.8114
      vertex 15.1026 -1.33374 15.6029
      vertex 15.1041 -1.32938 15.5995
    endloop
  endfacet
  facet normal 0.95674 -0.284588 0.0604815
    outer loop
      vertex 15.1639 6.14242 49.8114
      vertex 15.0921 -1.36396 15.6268
      vertex 15.1026 -1.33374 15.6029
    endloop
  endfacet
  facet normal 0.956258 -0.28613 0.0608211
    outer loop
      vertex 15.1639 6.14242 49.8114
      vertex 15.0071 -1.60839 15.8133
      vertex 15.0921 -1.36396 15.6268
    endloop
  endfacet
  facet normal 0.956253 -0.286148 0.0608252
    outer loop
      vertex 15.1639 6.14242 49.8114
      vertex 15.0029 -1.62047 15.8225
      vertex 15.0071 -1.60839 15.8133
    endloop
  endfacet
  facet normal 0.974355 -0.2201 0.0467836
    outer loop
      vertex 15.3064 -0.700148 15.0615
      vertex 15.4303 7.18745 49.5893
      vertex 15.3064 6.66266 49.7008
    endloop
  endfacet
  facet normal 0.974355 -0.220098 0.0467833
    outer loop
      vertex 15.4303 7.18745 49.5893
      vertex 15.3064 -0.700148 15.0615
      vertex 15.4303 -0.232064 14.6832
    endloop
  endfacet
  facet normal 0.996193 -0.0852705 0.0181248
    outer loop
      vertex 15.6886 1.20721 13.6104
      vertex 15.7366 9.31922 49.1362
      vertex 15.6886 8.78268 49.2502
    endloop
  endfacet
  facet normal 0.996193 -0.0852692 0.0181245
    outer loop
      vertex 15.7366 9.31922 49.1362
      vertex 15.6886 1.20721 13.6104
      vertex 15.7366 1.68352 13.213
    endloop
  endfacet
  facet normal -0.682007 -0.715364 0.152055
    outer loop
      vertex -10.9582 -7.54873 19.0649
      vertex -10.5555 -1.07135 51.3448
      vertex -10.9582 -0.704028 51.2667
    endloop
  endfacet
  facet normal -0.683878 -0.713644 0.151733
    outer loop
      vertex -10.9504 -7.5568 19.0621
      vertex -10.5555 -1.07135 51.3448
      vertex -10.9582 -7.54873 19.0649
    endloop
  endfacet
  facet normal -0.682404 -0.715 0.151988
    outer loop
      vertex -10.9242 -7.58391 19.0522
      vertex -10.5555 -1.07135 51.3448
      vertex -10.9504 -7.5568 19.0621
    endloop
  endfacet
  facet normal -0.680858 -0.716416 0.152256
    outer loop
      vertex -10.9076 -7.60111 19.0455
      vertex -10.5555 -1.07135 51.3448
      vertex -10.9242 -7.58391 19.0522
    endloop
  endfacet
  facet normal -0.682985 -0.714466 0.151885
    outer loop
      vertex -10.8986 -7.6105 19.0418
      vertex -10.5555 -1.07135 51.3448
      vertex -10.9076 -7.60111 19.0455
    endloop
  endfacet
  facet normal -0.68228 -0.715114 0.152008
    outer loop
      vertex -10.8825 -7.62737 19.0347
      vertex -10.5555 -1.07135 51.3448
      vertex -10.8986 -7.6105 19.0418
    endloop
  endfacet
  facet normal -0.679461 -0.717688 0.152502
    outer loop
      vertex -10.8737 -7.63653 19.0308
      vertex -10.5555 -1.07135 51.3448
      vertex -10.8825 -7.62737 19.0347
    endloop
  endfacet
  facet normal -0.684058 -0.71348 0.151693
    outer loop
      vertex -10.8581 -7.65306 19.0234
      vertex -10.5555 -1.07135 51.3448
      vertex -10.8737 -7.63653 19.0308
    endloop
  endfacet
  facet normal -0.680487 -0.716753 0.152326
    outer loop
      vertex -10.8496 -7.66198 19.0194
      vertex -10.5555 -1.07135 51.3448
      vertex -10.8581 -7.65306 19.0234
    endloop
  endfacet
  facet normal -0.681927 -0.715437 0.15207
    outer loop
      vertex -10.5555 -1.07135 51.3448
      vertex -10.8496 -7.66198 19.0194
      vertex -10.5555 -7.97304 18.8748
    endloop
  endfacet
  facet normal -0.601811 -0.781186 0.166046
    outer loop
      vertex -9.71206 -8.77604 18.5011
      vertex -9.27231 -2.08777 51.5608
      vertex -9.71206 -1.76364 51.4919
    endloop
  endfacet
  facet normal -0.601815 -0.781183 0.166045
    outer loop
      vertex -9.27231 -2.08777 51.5608
      vertex -9.71206 -8.77604 18.5011
      vertex -9.27231 -9.15208 18.3258
    endloop
  endfacet
  facet normal -0.656105 -0.738179 0.156904
    outer loop
      vertex -10.5555 -7.97304 18.8748
      vertex -10.14 -1.42469 51.4199
      vertex -10.5555 -1.07135 51.3448
    endloop
  endfacet
  facet normal -0.656119 -0.738167 0.156902
    outer loop
      vertex -10.14 -1.42469 51.4199
      vertex -10.5555 -7.97304 18.8748
      vertex -10.14 -8.38287 18.6842
    endloop
  endfacet
  facet normal -0.454005 -0.871529 0.185248
    outer loop
      vertex -7.40591 -10.476 17.7065
      vertex -6.9153 -3.47306 51.8553
      vertex -7.40591 -3.22854 51.8033
    endloop
  endfacet
  facet normal -0.454106 -0.871478 0.185239
    outer loop
      vertex -6.9153 -3.47306 51.8553
      vertex -7.40591 -10.476 17.7065
      vertex -6.9153 -10.76 17.5731
    endloop
  endfacet
  facet normal -0.515052 -0.838428 0.178213
    outer loop
      vertex -8.35948 -9.85094 17.9994
      vertex -7.8875 -2.96743 51.7478
      vertex -8.35948 -2.69003 51.6888
    endloop
  endfacet
  facet normal -0.515035 -0.838438 0.178215
    outer loop
      vertex -7.8875 -2.96743 51.7478
      vertex -8.35948 -9.85094 17.9994
      vertex -7.8875 -10.1729 17.8487
    endloop
  endfacet
  facet normal -0.573598 -0.801237 0.170308
    outer loop
      vertex -9.27231 -9.15208 18.3258
      vertex -8.82127 -2.3967 51.6265
      vertex -9.27231 -2.08777 51.5608
    endloop
  endfacet
  facet normal -0.573591 -0.801242 0.170309
    outer loop
      vertex -8.82127 -2.3967 51.6265
      vertex -9.27231 -9.15208 18.3258
      vertex -8.82127 -9.51053 18.1585
    endloop
  endfacet
  facet normal -0.325578 -0.924854 0.196582
    outer loop
      vertex -5.39537 -11.4931 17.2268
      vertex -4.87474 -4.27948 52.0267
      vertex -5.39537 -4.10413 51.9894
    endloop
  endfacet
  facet normal -0.325618 -0.92484 0.19658
    outer loop
      vertex -4.87474 -4.27948 52.0267
      vertex -5.39537 -11.4931 17.2268
      vertex -4.87474 -11.697 17.1299
    endloop
  endfacet
  facet normal -0.258848 -0.94481 0.200826
    outer loop
      vertex -4.34818 -11.8802 17.0424
      vertex -3.81632 -4.57635 52.0898
      vertex -4.34818 -4.43695 52.0601
    endloop
  endfacet
  facet normal -0.258896 -0.944798 0.200824
    outer loop
      vertex -3.81632 -4.57635 52.0898
      vertex -4.34818 -11.8802 17.0424
      vertex -3.81632 -12.0425 16.9645
    endloop
  endfacet
  facet normal -0.224921 -0.953084 0.202585
    outer loop
      vertex -3.81632 -12.0425 16.9645
      vertex -3.27981 -4.6975 52.1155
      vertex -3.81632 -4.57635 52.0898
    endloop
  endfacet
  facet normal -0.22487 -0.953096 0.202587
    outer loop
      vertex -3.27981 -4.6975 52.1155
      vertex -3.81632 -12.0425 16.9645
      vertex -3.27981 -12.1836 16.8962
    endloop
  endfacet
  facet normal -0.156443 -0.966104 0.205352
    outer loop
      vertex -2.7393 -12.3035 16.8376
      vertex -2.19546 -4.88453 52.1553
      vertex -2.7393 -4.80027 52.1374
    endloop
  endfacet
  facet normal -0.156414 -0.966108 0.205353
    outer loop
      vertex -2.19546 -4.88453 52.1553
      vertex -2.7393 -12.3035 16.8376
      vertex -2.19546 -12.4019 16.7889
    endloop
  endfacet
  facet normal -0.0523254 -0.976808 0.207627
    outer loop
      vertex -1.10041 -12.534 16.721
      vertex -0.550539 -5.02529 52.1852
      vertex -1.10041 -4.99711 52.1792
    endloop
  endfacet
  facet normal -0.0522985 -0.976809 0.207627
    outer loop
      vertex -0.550539 -5.02529 52.1852
      vertex -1.10041 -12.534 16.721
      vertex -0.550539 -12.5675 16.7019
    endloop
  endfacet
  facet normal -0.838624 -0.532807 0.113252
    outer loop
      vertex -13.1969 -4.91517 18.4238
      vertex -13.378 2.21878 50.6454
      vertex -13.378 -4.66866 18.2425
    endloop
  endfacet
  facet normal -0.836371 -0.536177 0.11401
    outer loop
      vertex -13.1919 -4.92197 18.4285
      vertex -13.378 2.21878 50.6454
      vertex -13.1969 -4.91517 18.4238
    endloop
  endfacet
  facet normal -0.838943 -0.532329 0.113142
    outer loop
      vertex -13.18 -4.93828 18.44
      vertex -13.378 2.21878 50.6454
      vertex -13.1919 -4.92197 18.4285
    endloop
  endfacet
  facet normal -0.838718 -0.532667 0.113219
    outer loop
      vertex -13.1748 -4.94549 18.4446
      vertex -13.378 2.21878 50.6454
      vertex -13.18 -4.93828 18.44
    endloop
  endfacet
  facet normal -0.838651 -0.532767 0.113242
    outer loop
      vertex -13.1624 -4.96265 18.4557
      vertex -13.378 2.21878 50.6454
      vertex -13.1748 -4.94549 18.4446
    endloop
  endfacet
  facet normal -0.838589 -0.532861 0.113263
    outer loop
      vertex -13.1441 -4.98824 18.4708
      vertex -13.378 2.21878 50.6454
      vertex -13.1624 -4.96265 18.4557
    endloop
  endfacet
  facet normal -0.840847 -0.529456 0.112484
    outer loop
      vertex -13.1385 -4.99622 18.4751
      vertex -13.378 2.21878 50.6454
      vertex -13.1441 -4.98824 18.4708
    endloop
  endfacet
  facet normal -0.838793 -0.532554 0.113194
    outer loop
      vertex -13.1252 -5.015 18.4853
      vertex -13.378 2.21878 50.6454
      vertex -13.1385 -4.99622 18.4751
    endloop
  endfacet
  facet normal -0.838763 -0.532598 0.113204
    outer loop
      vertex -13.0781 -5.0818 18.52
      vertex -13.378 2.21878 50.6454
      vertex -13.1252 -5.015 18.4853
    endloop
  endfacet
  facet normal -0.838662 -0.532751 0.11324
    outer loop
      vertex -13.378 2.21878 50.6454
      vertex -13.0781 -5.0818 18.52
      vertex -13.0781 1.76708 50.7414
    endloop
  endfacet
  facet normal -0.819137 -0.561063 0.119258
    outer loop
      vertex -12.9836 -5.20525 18.5883
      vertex -13.0781 1.76708 50.7414
      vertex -13.0781 -5.0818 18.52
    endloop
  endfacet
  facet normal -0.819054 -0.56118 0.119283
    outer loop
      vertex -12.7622 -5.4944 18.7482
      vertex -13.0781 1.76708 50.7414
      vertex -12.9836 -5.20525 18.5883
    endloop
  endfacet
  facet normal -0.819092 -0.561127 0.119271
    outer loop
      vertex -13.0781 1.76708 50.7414
      vertex -12.7622 -5.4944 18.7482
      vertex -12.7622 1.32589 50.8352
    endloop
  endfacet
  facet normal -0.751266 -0.645576 0.137222
    outer loop
      vertex -12.0771 -6.31952 19.0796
      vertex -12.0844 0.477194 51.0156
      vertex -12.0844 -6.31145 19.0776
    endloop
  endfacet
  facet normal -0.754836 -0.641581 0.136371
    outer loop
      vertex -12.0597 -6.33895 19.0845
      vertex -12.0844 0.477194 51.0156
      vertex -12.0771 -6.31952 19.0796
    endloop
  endfacet
  facet normal -0.755439 -0.640902 0.136225
    outer loop
      vertex -12.0499 -6.34997 19.087
      vertex -12.0844 0.477194 51.0156
      vertex -12.0597 -6.33895 19.0845
    endloop
  endfacet
  facet normal -0.753929 -0.642599 0.13659
    outer loop
      vertex -12.0322 -6.36978 19.0915
      vertex -12.0844 0.477194 51.0156
      vertex -12.0499 -6.34997 19.087
    endloop
  endfacet
  facet normal -0.754657 -0.641782 0.136413
    outer loop
      vertex -12.0844 0.477194 51.0156
      vertex -12.0322 -6.36978 19.0915
      vertex -11.7231 0.0707139 51.102
    endloop
  endfacet
  facet normal -0.757088 -0.639025 0.135882
    outer loop
      vertex -12.0223 -6.38102 19.0938
      vertex -11.7231 0.0707139 51.102
      vertex -12.0322 -6.36978 19.0915
    endloop
  endfacet
  facet normal -0.754553 -0.641899 0.136438
    outer loop
      vertex -12.0044 -6.40119 19.0979
      vertex -11.7231 0.0707139 51.102
      vertex -12.0223 -6.38102 19.0938
    endloop
  endfacet
  facet normal -0.75227 -0.644467 0.136937
    outer loop
      vertex -11.9942 -6.41265 19.1
      vertex -11.7231 0.0707139 51.102
      vertex -12.0044 -6.40119 19.0979
    endloop
  endfacet
  facet normal -0.754551 -0.641902 0.136436
    outer loop
      vertex -11.9761 -6.43314 19.1037
      vertex -11.7231 0.0707139 51.102
      vertex -11.9942 -6.41265 19.1
    endloop
  endfacet
  facet normal -0.756808 -0.639346 0.135935
    outer loop
      vertex -11.9659 -6.44481 19.1056
      vertex -11.7231 0.0707139 51.102
      vertex -11.9761 -6.43314 19.1037
    endloop
  endfacet
  facet normal -0.754719 -0.641712 0.136401
    outer loop
      vertex -11.9476 -6.46561 19.109
      vertex -11.7231 0.0707139 51.102
      vertex -11.9659 -6.44481 19.1056
    endloop
  endfacet
  facet normal -0.754293 -0.642193 0.136496
    outer loop
      vertex -11.8892 -6.5321 19.1189
      vertex -11.7231 0.0707139 51.102
      vertex -11.9476 -6.46561 19.109
    endloop
  endfacet
  facet normal -0.754809 -0.64161 0.136378
    outer loop
      vertex -11.7862 -6.64951 19.1366
      vertex -11.7231 0.0707139 51.102
      vertex -11.8892 -6.5321 19.1189
    endloop
  endfacet
  facet normal -0.754281 -0.642205 0.136502
    outer loop
      vertex -11.776 -6.66115 19.1382
      vertex -11.7231 0.0707139 51.102
      vertex -11.7862 -6.64951 19.1366
    endloop
  endfacet
  facet normal -0.755092 -0.641292 0.136312
    outer loop
      vertex -11.7581 -6.68161 19.1411
      vertex -11.7231 0.0707139 51.102
      vertex -11.776 -6.66115 19.1382
    endloop
  endfacet
  facet normal -0.754819 -0.6416 0.136376
    outer loop
      vertex -11.7478 -6.69343 19.1425
      vertex -11.7231 0.0707139 51.102
      vertex -11.7581 -6.68161 19.1411
    endloop
  endfacet
  facet normal -0.755966 -0.640306 0.136103
    outer loop
      vertex -11.7298 -6.71415 19.145
      vertex -11.7231 0.0707139 51.102
      vertex -11.7478 -6.69343 19.1425
    endloop
  endfacet
  facet normal -0.751818 -0.644962 0.137091
    outer loop
      vertex -11.7231 0.0707139 51.102
      vertex -11.7298 -6.71415 19.145
      vertex -11.7231 -6.72179 19.1458
    endloop
  endfacet
  facet normal -0.890988 -0.444105 0.0943973
    outer loop
      vertex -13.9285 -3.82546 17.6231
      vertex -14.1785 3.6314 50.3452
      vertex -14.1785 -3.3971 17.2787
    endloop
  endfacet
  facet normal -0.890991 -0.4441 0.0943963
    outer loop
      vertex -14.1785 3.6314 50.3452
      vertex -13.9285 -3.82546 17.6231
      vertex -13.9285 3.15151 50.4472
    endloop
  endfacet
  facet normal -0.905859 -0.414323 0.0880671
    outer loop
      vertex -14.401 -2.97741 16.9579
      vertex -14.4112 4.11952 50.2414
      vertex -14.4112 -2.95834 16.9427
    endloop
  endfacet
  facet normal -0.906373 -0.413246 0.0878372
    outer loop
      vertex -14.2724 -3.22004 17.1434
      vertex -14.4112 4.11952 50.2414
      vertex -14.401 -2.97741 16.9579
    endloop
  endfacet
  facet normal -0.90627 -0.413463 0.0878859
    outer loop
      vertex -14.1785 -3.3971 17.2787
      vertex -14.4112 4.11952 50.2414
      vertex -14.2724 -3.22004 17.1434
    endloop
  endfacet
  facet normal -0.90631 -0.413378 0.0878661
    outer loop
      vertex -14.4112 4.11952 50.2414
      vertex -14.1785 -3.3971 17.2787
      vertex -14.1785 3.6314 50.3452
    endloop
  endfacet
  facet normal -0.857143 -0.503823 0.107091
    outer loop
      vertex -13.5939 -4.34861 18.02
      vertex -13.6616 2.68045 50.5473
      vertex -13.6616 -4.24827 17.9502
    endloop
  endfacet
  facet normal -0.857166 -0.503785 0.107082
    outer loop
      vertex -13.378 -4.66866 18.2425
      vertex -13.6616 2.68045 50.5473
      vertex -13.5939 -4.34861 18.02
    endloop
  endfacet
  facet normal -0.857161 -0.503793 0.107084
    outer loop
      vertex -13.6616 2.68045 50.5473
      vertex -13.378 -4.66866 18.2425
      vertex -13.378 2.21878 50.6454
    endloop
  endfacet
  facet normal -0.933537 -0.350648 0.0745327
    outer loop
      vertex -14.6263 -2.5213 16.561
      vertex -14.8237 5.11812 50.0291
      vertex -14.8237 -2.07534 16.1866
    endloop
  endfacet
  facet normal -0.933537 -0.350648 0.0745326
    outer loop
      vertex -14.8237 5.11812 50.0291
      vertex -14.6263 -2.5213 16.561
      vertex -14.6263 4.6153 50.136
    endloop
  endfacet
  facet normal -0.981649 -0.186531 0.0396484
    outer loop
      vertex -15.4303 -0.232064 14.6832
      vertex -15.5353 7.71615 49.4769
      vertex -15.5353 0.242677 14.317
    endloop
  endfacet
  facet normal -0.98165 -0.186527 0.0396475
    outer loop
      vertex -15.5353 7.71615 49.4769
      vertex -15.4303 -0.232064 14.6832
      vertex -15.4303 7.18745 49.5893
    endloop
  endfacet
  facet normal -0.974355 -0.220098 0.0467833
    outer loop
      vertex -15.3064 -0.700148 15.0615
      vertex -15.4303 7.18745 49.5893
      vertex -15.4303 -0.232064 14.6832
    endloop
  endfacet
  facet normal -0.974355 -0.2201 0.0467836
    outer loop
      vertex -15.4303 7.18745 49.5893
      vertex -15.3064 -0.700148 15.0615
      vertex -15.3064 6.66266 49.7008
    endloop
  endfacet
  facet normal -0.945556 -0.318346 0.0676666
    outer loop
      vertex -14.8237 -2.07534 16.1866
      vertex -15.0029 5.62737 49.9209
      vertex -15.0029 -1.62047 15.8225
    endloop
  endfacet
  facet normal -0.945554 -0.318354 0.0676683
    outer loop
      vertex -15.0029 5.62737 49.9209
      vertex -14.8237 -2.07534 16.1866
      vertex -14.8237 5.11812 50.0291
    endloop
  endfacet
  facet normal -0.996193 -0.0852692 0.0181245
    outer loop
      vertex -15.6886 1.20721 13.6104
      vertex -15.7366 9.31922 49.1362
      vertex -15.7366 1.68352 13.213
    endloop
  endfacet
  facet normal -0.996193 -0.0852705 0.0181248
    outer loop
      vertex -15.7366 9.31922 49.1362
      vertex -15.6886 1.20721 13.6104
      vertex -15.6886 8.78268 49.2502
    endloop
  endfacet
  facet normal -0.999848 -0.0170535 0.00362485
    outer loop
      vertex -15.7654 2.16415 12.8295
      vertex -15.775 10.3956 48.9074
      vertex -15.775 2.6485 12.4602
    endloop
  endfacet
  facet normal -0.999848 -0.0170539 0.00362492
    outer loop
      vertex -15.775 10.3956 48.9074
      vertex -15.7654 2.16415 12.8295
      vertex -15.7654 9.85708 49.0218
    endloop
  endfacet
  facet normal 0.453976 0.871543 -0.185251
    outer loop
      vertex 7.40591 14.2397 0
      vertex 6.9153 24.2642 45.9595
      vertex 7.40591 24.0197 46.0115
    endloop
  endfacet
  facet normal 0.453902 0.87158 -0.18526
    outer loop
      vertex 6.9153 24.2642 45.9595
      vertex 7.40591 14.2397 0
      vertex 6.9153 14.4952 0
    endloop
  endfacet
  facet normal -0.754672 0.641764 -0.136411
    outer loop
      vertex -11.7231 10.7914 0
      vertex -12.0844 20.314 46.7992
      vertex -11.7231 20.7205 46.7128
    endloop
  endfacet
  facet normal -0.754699 0.641734 -0.136405
    outer loop
      vertex -12.0844 20.314 46.7992
      vertex -11.7231 10.7914 0
      vertex -12.0844 10.3665 0
    endloop
  endfacet
  facet normal 0.0523254 -0.976808 0.207627
    outer loop
      vertex 0.550539 -5.02529 52.1852
      vertex 1.10041 -12.534 16.721
      vertex 1.10041 -4.99711 52.1792
    endloop
  endfacet
  facet normal 0.0522985 -0.976809 0.207627
    outer loop
      vertex 1.10041 -12.534 16.721
      vertex 0.550539 -5.02529 52.1852
      vertex 0.550539 -12.5675 16.7019
    endloop
  endfacet
  facet normal 0.258848 -0.94481 0.200826
    outer loop
      vertex 3.81632 -4.57635 52.0898
      vertex 4.34818 -11.8802 17.0424
      vertex 4.34818 -4.43695 52.0601
    endloop
  endfacet
  facet normal 0.258896 -0.944798 0.200824
    outer loop
      vertex 4.34818 -11.8802 17.0424
      vertex 3.81632 -4.57635 52.0898
      vertex 3.81632 -12.0425 16.9645
    endloop
  endfacet
  facet normal 0.390748 -0.900383 0.191382
    outer loop
      vertex 5.90942 -3.91112 51.9484
      vertex 6.41627 -11.0243 17.4486
      vertex 6.41627 -3.70068 51.9036
    endloop
  endfacet
  facet normal 0.390729 -0.900391 0.191383
    outer loop
      vertex 6.41627 -11.0243 17.4486
      vertex 5.90942 -3.91112 51.9484
      vertex 5.90942 -11.2688 17.3331
    endloop
  endfacet
  facet normal 0.656105 -0.738179 0.156904
    outer loop
      vertex 10.14 -1.42469 51.4199
      vertex 10.5555 -7.97304 18.8748
      vertex 10.5555 -1.07135 51.3448
    endloop
  endfacet
  facet normal 0.656119 -0.738167 0.156902
    outer loop
      vertex 10.5555 -7.97304 18.8748
      vertex 10.14 -1.42469 51.4199
      vertex 10.14 -8.38287 18.6842
    endloop
  endfacet
  facet normal 0.454005 -0.871529 0.185248
    outer loop
      vertex 6.9153 -3.47306 51.8553
      vertex 7.40591 -10.476 17.7065
      vertex 7.40591 -3.22854 51.8033
    endloop
  endfacet
  facet normal 0.454106 -0.871478 0.185239
    outer loop
      vertex 7.40591 -10.476 17.7065
      vertex 6.9153 -3.47306 51.8553
      vertex 6.9153 -10.76 17.5731
    endloop
  endfacet
  facet normal 0.754657 -0.641782 0.136413
    outer loop
      vertex 12.0322 -6.36978 19.0915
      vertex 12.0844 0.477194 51.0156
      vertex 11.7231 0.0707139 51.102
    endloop
  endfacet
  facet normal 0.751266 -0.645576 0.137222
    outer loop
      vertex 12.0844 0.477194 51.0156
      vertex 12.0771 -6.31952 19.0796
      vertex 12.0844 -6.31145 19.0776
    endloop
  endfacet
  facet normal 0.754836 -0.641581 0.136371
    outer loop
      vertex 12.0844 0.477194 51.0156
      vertex 12.0597 -6.33895 19.0845
      vertex 12.0771 -6.31952 19.0796
    endloop
  endfacet
  facet normal 0.755439 -0.640902 0.136225
    outer loop
      vertex 12.0844 0.477194 51.0156
      vertex 12.0499 -6.34997 19.087
      vertex 12.0597 -6.33895 19.0845
    endloop
  endfacet
  facet normal 0.753929 -0.642599 0.13659
    outer loop
      vertex 12.0844 0.477194 51.0156
      vertex 12.0322 -6.36978 19.0915
      vertex 12.0499 -6.34997 19.087
    endloop
  endfacet
  facet normal 0.757088 -0.639025 0.135882
    outer loop
      vertex 11.7231 0.0707139 51.102
      vertex 12.0223 -6.38102 19.0938
      vertex 12.0322 -6.36978 19.0915
    endloop
  endfacet
  facet normal 0.754553 -0.641899 0.136438
    outer loop
      vertex 11.7231 0.0707139 51.102
      vertex 12.0044 -6.40119 19.0979
      vertex 12.0223 -6.38102 19.0938
    endloop
  endfacet
  facet normal 0.75227 -0.644467 0.136937
    outer loop
      vertex 11.7231 0.0707139 51.102
      vertex 11.9942 -6.41265 19.1
      vertex 12.0044 -6.40119 19.0979
    endloop
  endfacet
  facet normal 0.754551 -0.641902 0.136436
    outer loop
      vertex 11.7231 0.0707139 51.102
      vertex 11.9761 -6.43314 19.1037
      vertex 11.9942 -6.41265 19.1
    endloop
  endfacet
  facet normal 0.756808 -0.639346 0.135935
    outer loop
      vertex 11.7231 0.0707139 51.102
      vertex 11.9659 -6.44481 19.1056
      vertex 11.9761 -6.43314 19.1037
    endloop
  endfacet
  facet normal 0.754719 -0.641712 0.136401
    outer loop
      vertex 11.7231 0.0707139 51.102
      vertex 11.9476 -6.46561 19.109
      vertex 11.9659 -6.44481 19.1056
    endloop
  endfacet
  facet normal 0.754293 -0.642193 0.136496
    outer loop
      vertex 11.7231 0.0707139 51.102
      vertex 11.8892 -6.5321 19.1189
      vertex 11.9476 -6.46561 19.109
    endloop
  endfacet
  facet normal 0.754809 -0.64161 0.136378
    outer loop
      vertex 11.7231 0.0707139 51.102
      vertex 11.7862 -6.64951 19.1366
      vertex 11.8892 -6.5321 19.1189
    endloop
  endfacet
  facet normal 0.754281 -0.642205 0.136502
    outer loop
      vertex 11.7231 0.0707139 51.102
      vertex 11.776 -6.66115 19.1382
      vertex 11.7862 -6.64951 19.1366
    endloop
  endfacet
  facet normal 0.755092 -0.641292 0.136312
    outer loop
      vertex 11.7231 0.0707139 51.102
      vertex 11.7581 -6.68161 19.1411
      vertex 11.776 -6.66115 19.1382
    endloop
  endfacet
  facet normal 0.754819 -0.6416 0.136376
    outer loop
      vertex 11.7231 0.0707139 51.102
      vertex 11.7478 -6.69343 19.1425
      vertex 11.7581 -6.68161 19.1411
    endloop
  endfacet
  facet normal 0.755966 -0.640306 0.136103
    outer loop
      vertex 11.7231 0.0707139 51.102
      vertex 11.7298 -6.71415 19.145
      vertex 11.7478 -6.69343 19.1425
    endloop
  endfacet
  facet normal 0.751818 -0.644962 0.137091
    outer loop
      vertex 11.7298 -6.71415 19.145
      vertex 11.7231 0.0707139 51.102
      vertex 11.7231 -6.72179 19.1458
    endloop
  endfacet
  facet normal 0.874653 -0.474157 0.100785
    outer loop
      vertex 13.6616 -4.24827 17.9502
      vertex 13.9285 3.15151 50.4472
      vertex 13.6616 2.68045 50.5473
    endloop
  endfacet
  facet normal 0.874587 -0.474272 0.10081
    outer loop
      vertex 13.9285 3.15151 50.4472
      vertex 13.7832 -4.05257 17.8152
      vertex 13.9285 -3.82546 17.6231
    endloop
  endfacet
  facet normal 0.877395 -0.469295 0.0996983
    outer loop
      vertex 13.9285 3.15151 50.4472
      vertex 13.7778 -4.0612 17.8221
      vertex 13.7832 -4.05257 17.8152
    endloop
  endfacet
  facet normal 0.874357 -0.474677 0.100902
    outer loop
      vertex 13.9285 3.15151 50.4472
      vertex 13.7611 -4.08754 17.8429
      vertex 13.7778 -4.0612 17.8221
    endloop
  endfacet
  facet normal 0.873125 -0.476838 0.101388
    outer loop
      vertex 13.9285 3.15151 50.4472
      vertex 13.7552 -4.09694 17.8495
      vertex 13.7611 -4.08754 17.8429
    endloop
  endfacet
  facet normal 0.874202 -0.47495 0.100963
    outer loop
      vertex 13.9285 3.15151 50.4472
      vertex 13.7375 -4.12531 17.8693
      vertex 13.7552 -4.09694 17.8495
    endloop
  endfacet
  facet normal 0.874867 -0.47378 0.100697
    outer loop
      vertex 13.9285 3.15151 50.4472
      vertex 13.6616 -4.24827 17.9502
      vertex 13.7375 -4.12531 17.8693
    endloop
  endfacet
  facet normal 0.933537 -0.350648 0.0745326
    outer loop
      vertex 14.6263 -2.5213 16.561
      vertex 14.8237 5.11812 50.0291
      vertex 14.6263 4.6153 50.136
    endloop
  endfacet
  facet normal 0.933537 -0.350648 0.0745327
    outer loop
      vertex 14.8237 5.11812 50.0291
      vertex 14.6263 -2.5213 16.561
      vertex 14.8237 -2.07534 16.1866
    endloop
  endfacet
  facet normal 0.98165 -0.186527 0.0396475
    outer loop
      vertex 15.4303 -0.232064 14.6832
      vertex 15.5353 7.71615 49.4769
      vertex 15.4303 7.18745 49.5893
    endloop
  endfacet
  facet normal 0.981649 -0.186531 0.0396484
    outer loop
      vertex 15.5353 7.71615 49.4769
      vertex 15.4303 -0.232064 14.6832
      vertex 15.5353 0.242677 14.317
    endloop
  endfacet
  facet normal 0.998631 -0.0511594 0.0108742
    outer loop
      vertex 15.7366 1.68352 13.213
      vertex 15.7654 9.85708 49.0218
      vertex 15.7366 9.31922 49.1362
    endloop
  endfacet
  facet normal 0.998631 -0.0511621 0.0108749
    outer loop
      vertex 15.7654 9.85708 49.0218
      vertex 15.7366 1.68352 13.213
      vertex 15.7654 2.16415 12.8295
    endloop
  endfacet
  facet normal 0.992547 -0.119202 0.0253371
    outer loop
      vertex 15.6215 0.723496 13.9633
      vertex 15.6886 8.78268 49.2502
      vertex 15.6215 8.24811 49.3638
    endloop
  endfacet
  facet normal 0.992765 -0.117447 0.0249642
    outer loop
      vertex 15.6886 8.78268 49.2502
      vertex 15.6866 1.19294 13.6228
      vertex 15.6886 1.20721 13.6104
    endloop
  endfacet
  facet normal 0.992268 -0.121403 0.0258069
    outer loop
      vertex 15.6886 8.78268 49.2502
      vertex 15.686 1.18878 13.6263
      vertex 15.6866 1.19294 13.6228
    endloop
  endfacet
  facet normal 0.992433 -0.120102 0.0255295
    outer loop
      vertex 15.6886 8.78268 49.2502
      vertex 15.6766 1.12269 13.6808
      vertex 15.686 1.18878 13.6263
    endloop
  endfacet
  facet normal 0.993091 -0.114785 0.0243844
    outer loop
      vertex 15.6886 8.78268 49.2502
      vertex 15.676 1.1182 13.6841
      vertex 15.6766 1.12269 13.6808
    endloop
  endfacet
  facet normal 0.9926 -0.11878 0.0252455
    outer loop
      vertex 15.6886 8.78268 49.2502
      vertex 15.6664 1.04888 13.7354
      vertex 15.676 1.1182 13.6841
    endloop
  endfacet
  facet normal 0.992524 -0.119386 0.0253773
    outer loop
      vertex 15.6886 8.78268 49.2502
      vertex 15.6405 0.861468 13.8667
      vertex 15.6664 1.04888 13.7354
    endloop
  endfacet
  facet normal 0.992574 -0.118982 0.0252869
    outer loop
      vertex 15.6886 8.78268 49.2502
      vertex 15.6215 0.723496 13.9633
      vertex 15.6405 0.861468 13.8667
    endloop
  endfacet
  facet normal -0.629292 -0.760186 0.161582
    outer loop
      vertex -10.14 -8.38287 18.6842
      vertex -9.71206 -1.76364 51.4919
      vertex -10.14 -1.42469 51.4199
    endloop
  endfacet
  facet normal -0.629288 -0.760189 0.161583
    outer loop
      vertex -9.71206 -1.76364 51.4919
      vertex -10.14 -8.38287 18.6842
      vertex -9.71206 -8.77604 18.5011
    endloop
  endfacet
  facet normal -0.422598 -0.886512 0.188435
    outer loop
      vertex -6.9153 -10.76 17.5731
      vertex -6.41627 -3.70068 51.9036
      vertex -6.9153 -3.47306 51.8553
    endloop
  endfacet
  facet normal -0.422526 -0.886545 0.188441
    outer loop
      vertex -6.41627 -3.70068 51.9036
      vertex -6.9153 -10.76 17.5731
      vertex -6.41627 -11.0243 17.4486
    endloop
  endfacet
  facet normal -0.544617 -0.820357 0.174372
    outer loop
      vertex -8.82127 -9.51053 18.1585
      vertex -8.35948 -2.69003 51.6888
      vertex -8.82127 -2.3967 51.6265
    endloop
  endfacet
  facet normal -0.544642 -0.820342 0.174369
    outer loop
      vertex -8.35948 -2.69003 51.6888
      vertex -8.82127 -9.51053 18.1585
      vertex -8.35948 -9.85094 17.9994
    endloop
  endfacet
  facet normal -0.358354 -0.913185 0.194103
    outer loop
      vertex -5.90942 -11.2688 17.3331
      vertex -5.39537 -4.10413 51.9894
      vertex -5.90942 -3.91112 51.9484
    endloop
  endfacet
  facet normal -0.358324 -0.913196 0.194105
    outer loop
      vertex -5.39537 -4.10413 51.9894
      vertex -5.90942 -11.2688 17.3331
      vertex -5.39537 -11.4931 17.2268
    endloop
  endfacet
  facet normal -0.0174537 -0.977999 0.20788
    outer loop
      vertex -0.550539 -12.5675 16.7019
      vertex 0 -5.03469 52.1872
      vertex -0.550539 -5.02529 52.1852
    endloop
  endfacet
  facet normal -0.0174648 -0.977998 0.20788
    outer loop
      vertex -0.0257225 -12.5787 16.6933
      vertex 0 -5.03469 52.1872
      vertex -0.550539 -12.5675 16.7019
    endloop
  endfacet
  facet normal -0.0155272 -0.97803 0.207885
    outer loop
      vertex -0.0045438 -12.5791 16.693
      vertex 0 -5.03469 52.1872
      vertex -0.0257225 -12.5787 16.6933
    endloop
  endfacet
  facet normal -0.016949 -0.978007 0.207881
    outer loop
      vertex 0 -5.03469 52.1872
      vertex -0.0045438 -12.5791 16.693
      vertex 0 -12.5792 16.6929
    endloop
  endfacet
  facet normal -0.731371 -0.667076 0.141792
    outer loop
      vertex -11.7231 -6.72179 19.1458
      vertex -11.3476 -0.323187 51.1857
      vertex -11.7231 0.0707139 51.102
    endloop
  endfacet
  facet normal -0.732195 -0.666207 0.141628
    outer loop
      vertex -11.7192 -6.72597 19.1463
      vertex -11.3476 -0.323187 51.1857
      vertex -11.7231 -6.72179 19.1458
    endloop
  endfacet
  facet normal -0.731838 -0.666584 0.141699
    outer loop
      vertex -11.7003 -6.74621 19.1487
      vertex -11.3476 -0.323187 51.1857
      vertex -11.7192 -6.72597 19.1463
    endloop
  endfacet
  facet normal -0.731499 -0.666942 0.141767
    outer loop
      vertex -11.6894 -6.75791 19.1499
      vertex -11.3476 -0.323187 51.1857
      vertex -11.7003 -6.74621 19.1487
    endloop
  endfacet
  facet normal -0.730647 -0.667838 0.141938
    outer loop
      vertex -11.6703 -6.77836 19.152
      vertex -11.3476 -0.323187 51.1857
      vertex -11.6894 -6.75791 19.1499
    endloop
  endfacet
  facet normal -0.730591 -0.667898 0.141949
    outer loop
      vertex -11.6593 -6.79018 19.153
      vertex -11.3476 -0.323187 51.1857
      vertex -11.6703 -6.77836 19.152
    endloop
  endfacet
  facet normal -0.732349 -0.666045 0.141592
    outer loop
      vertex -11.6402 -6.81082 19.1547
      vertex -11.3476 -0.323187 51.1857
      vertex -11.6593 -6.79018 19.153
    endloop
  endfacet
  facet normal -0.729695 -0.668837 0.142133
    outer loop
      vertex -11.6291 -6.82276 19.1555
      vertex -11.3476 -0.323187 51.1857
      vertex -11.6402 -6.81082 19.1547
    endloop
  endfacet
  facet normal -0.731948 -0.666469 0.141673
    outer loop
      vertex -11.6099 -6.84357 19.1568
      vertex -11.3476 -0.323187 51.1857
      vertex -11.6291 -6.82276 19.1555
    endloop
  endfacet
  facet normal -0.730432 -0.668064 0.141985
    outer loop
      vertex -11.5988 -6.8556 19.1573
      vertex -11.3476 -0.323187 51.1857
      vertex -11.6099 -6.84357 19.1568
    endloop
  endfacet
  facet normal -0.73173 -0.666699 0.141717
    outer loop
      vertex -11.5795 -6.87657 19.1583
      vertex -11.3476 -0.323187 51.1857
      vertex -11.5988 -6.8556 19.1573
    endloop
  endfacet
  facet normal -0.731481 -0.666962 0.141769
    outer loop
      vertex -11.5684 -6.88868 19.1586
      vertex -11.3476 -0.323187 51.1857
      vertex -11.5795 -6.87657 19.1583
    endloop
  endfacet
  facet normal -0.730695 -0.667788 0.141933
    outer loop
      vertex -11.549 -6.90978 19.1592
      vertex -11.3476 -0.323187 51.1857
      vertex -11.5684 -6.88868 19.1586
    endloop
  endfacet
  facet normal -0.732246 -0.666155 0.141607
    outer loop
      vertex -11.5379 -6.92196 19.1593
      vertex -11.3476 -0.323187 51.1857
      vertex -11.549 -6.90978 19.1592
    endloop
  endfacet
  facet normal -0.730935 -0.667536 0.141883
    outer loop
      vertex -11.5185 -6.94316 19.1595
      vertex -11.3476 -0.323187 51.1857
      vertex -11.5379 -6.92196 19.1593
    endloop
  endfacet
  facet normal -0.732732 -0.665643 0.141502
    outer loop
      vertex -11.5074 -6.9554 19.1594
      vertex -11.3476 -0.323187 51.1857
      vertex -11.5185 -6.94316 19.1595
    endloop
  endfacet
  facet normal -0.731014 -0.667452 0.141868
    outer loop
      vertex -11.488 -6.97669 19.1592
      vertex -11.3476 -0.323187 51.1857
      vertex -11.5074 -6.9554 19.1594
    endloop
  endfacet
  facet normal -0.732385 -0.66601 0.141574
    outer loop
      vertex -11.4769 -6.98896 19.1589
      vertex -11.3476 -0.323187 51.1857
      vertex -11.488 -6.97669 19.1592
    endloop
  endfacet
  facet normal -0.730934 -0.667536 0.141886
    outer loop
      vertex -11.4575 -7.01033 19.1583
      vertex -11.3476 -0.323187 51.1857
      vertex -11.4769 -6.98896 19.1589
    endloop
  endfacet
  facet normal -0.730553 -0.667935 0.141968
    outer loop
      vertex -11.4381 -7.03174 19.1574
      vertex -11.3476 -0.323187 51.1857
      vertex -11.4575 -7.01033 19.1583
    endloop
  endfacet
  facet normal -0.731165 -0.667293 0.141835
    outer loop
      vertex -11.427 -7.04403 19.1568
      vertex -11.3476 -0.323187 51.1857
      vertex -11.4381 -7.03174 19.1574
    endloop
  endfacet
  facet normal -0.731427 -0.667018 0.141778
    outer loop
      vertex -11.4077 -7.06547 19.1555
      vertex -11.3476 -0.323187 51.1857
      vertex -11.427 -7.04403 19.1568
    endloop
  endfacet
  facet normal -0.733921 -0.66439 0.14123
    outer loop
      vertex -11.3967 -7.07777 19.1548
      vertex -11.3476 -0.323187 51.1857
      vertex -11.4077 -7.06547 19.1555
    endloop
  endfacet
  facet normal -0.730219 -0.668284 0.142045
    outer loop
      vertex -11.3774 -7.09922 19.1531
      vertex -11.3476 -0.323187 51.1857
      vertex -11.3967 -7.07777 19.1548
    endloop
  endfacet
  facet normal -0.731857 -0.666567 0.141683
    outer loop
      vertex -11.3664 -7.11151 19.1521
      vertex -11.3476 -0.323187 51.1857
      vertex -11.3774 -7.09922 19.1531
    endloop
  endfacet
  facet normal -0.733278 -0.66507 0.141367
    outer loop
      vertex -11.3586 -7.12028 19.1513
      vertex -11.3476 -0.323187 51.1857
      vertex -11.3664 -7.11151 19.1521
    endloop
  endfacet
  facet normal -0.730767 -0.667709 0.141926
    outer loop
      vertex -11.3541 -7.12529 19.1509
      vertex -11.3476 -0.323187 51.1857
      vertex -11.3586 -7.12028 19.1513
    endloop
  endfacet
  facet normal -0.730641 -0.667842 0.141954
    outer loop
      vertex -11.3476 -0.323187 51.1857
      vertex -11.3541 -7.12529 19.1509
      vertex -11.3476 -7.13255 19.1502
    endloop
  endfacet
  facet normal -0.998631 -0.0511621 0.0108749
    outer loop
      vertex -15.7366 1.68352 13.213
      vertex -15.7654 9.85708 49.0218
      vertex -15.7654 2.16415 12.8295
    endloop
  endfacet
  facet normal -0.998631 -0.0511594 0.0108742
    outer loop
      vertex -15.7654 9.85708 49.0218
      vertex -15.7366 1.68352 13.213
      vertex -15.7366 9.31922 49.1362
    endloop
  endfacet
  facet normal 0.999848 -0.0170539 0.00362492
    outer loop
      vertex 15.7654 2.16415 12.8295
      vertex 15.775 10.3956 48.9074
      vertex 15.7654 9.85708 49.0218
    endloop
  endfacet
  facet normal 0.999848 -0.0170535 0.00362485
    outer loop
      vertex 15.775 10.3956 48.9074
      vertex 15.7654 2.16415 12.8295
      vertex 15.775 2.6485 12.4602
    endloop
  endfacet
  facet normal -0.999847 -0.017086 0.00363175
    outer loop
      vertex 9.76904 2.82863 11.6668
      vertex 9.775 10.3956 48.9074
      vertex 9.76904 10.7293 48.8365
    endloop
  endfacet
  facet normal -0.999847 -0.0170855 0.00363163
    outer loop
      vertex 9.775 10.3956 48.9074
      vertex 9.76904 2.82863 11.6668
      vertex 9.775 2.49494 11.7378
    endloop
  endfacet
  facet normal 0.999847 -0.017086 0.00363175
    outer loop
      vertex -9.775 10.3956 48.9074
      vertex -9.76904 2.82863 11.6668
      vertex -9.76904 10.7293 48.8365
    endloop
  endfacet
  facet normal 0.999847 -0.0170855 0.00363163
    outer loop
      vertex -9.76904 2.82863 11.6668
      vertex -9.775 10.3956 48.9074
      vertex -9.775 2.49494 11.7378
    endloop
  endfacet
  facet normal -0.113196 0.457611 0.881918
    outer loop
      vertex 0.177698 17.5233 35.4405
      vertex 0.236594 17.5238 35.4478
      vertex 0.210075 17.5236 35.4445
    endloop
  endfacet
  facet normal -0.016855 -0.978009 0.207882
    outer loop
      vertex 0.295201 17.5247 35.4571
      vertex 0.341142 12.0505 9.70667
      vertex 0.341142 17.5258 35.466
    endloop
  endfacet
  facet normal -0.0183756 -0.977983 0.207873
    outer loop
      vertex 0.262987 17.5242 35.4519
      vertex 0.341142 12.0505 9.70667
      vertex 0.295201 17.5247 35.4571
    endloop
  endfacet
  facet normal -0.0174708 -0.977998 0.207879
    outer loop
      vertex 0.236594 17.5238 35.4478
      vertex 0.341142 12.0505 9.70667
      vertex 0.262987 17.5242 35.4519
    endloop
  endfacet
  facet normal -0.0174633 -0.977999 0.20788
    outer loop
      vertex 0.177698 17.5233 35.4405
      vertex 0.341142 12.0505 9.70667
      vertex 0.236594 17.5238 35.4478
    endloop
  endfacet
  facet normal -0.0187457 -0.977977 0.207867
    outer loop
      vertex 0.151085 17.5233 35.4381
      vertex 0.341142 12.0505 9.70667
      vertex 0.177698 17.5233 35.4405
    endloop
  endfacet
  facet normal -0.0155423 -0.978026 0.207901
    outer loop
      vertex 0.118586 17.5232 35.4352
      vertex 0.341142 12.0505 9.70667
      vertex 0.151085 17.5233 35.4381
    endloop
  endfacet
  facet normal -0.0181779 -0.977988 0.20787
    outer loop
      vertex 0.059329 17.5236 35.4319
      vertex 0.341142 12.0505 9.70667
      vertex 0.118586 17.5232 35.4352
    endloop
  endfacet
  facet normal -0.0185412 -0.977982 0.207865
    outer loop
      vertex 0.0326249 17.524 35.4314
      vertex 0.341142 12.0505 9.70667
      vertex 0.059329 17.5236 35.4319
    endloop
  endfacet
  facet normal -0.0164516 -0.978013 0.207896
    outer loop
      vertex 0 17.5244 35.4307
      vertex 0.341142 12.0505 9.70667
      vertex 0.0326249 17.524 35.4314
    endloop
  endfacet
  facet normal -0.0173833 -0.978 0.207881
    outer loop
      vertex 0.341142 12.0505 9.70667
      vertex 0 17.5244 35.4307
      vertex 0 12.0563 9.70543
    endloop
  endfacet
  facet normal -0.0169782 -0.978006 0.207886
    outer loop
      vertex 0.059329 18.2301 38.7556
      vertex 0 19.957 46.875
      vertex 0 18.2313 38.7564
    endloop
  endfacet
  facet normal -0.0174198 -0.977999 0.207881
    outer loop
      vertex 0 19.957 46.875
      vertex 0.059329 18.2301 38.7556
      vertex 0.341142 19.9512 46.8763
    endloop
  endfacet
  facet normal -0.0191961 -0.977955 0.207934
    outer loop
      vertex 0.0860037 18.2293 38.7543
      vertex 0.341142 19.9512 46.8763
      vertex 0.059329 18.2301 38.7556
    endloop
  endfacet
  facet normal -0.017444 -0.977997 0.207888
    outer loop
      vertex 0.118586 18.2284 38.7528
      vertex 0.341142 19.9512 46.8763
      vertex 0.0860037 18.2293 38.7543
    endloop
  endfacet
  facet normal -0.0158355 -0.978032 0.207851
    outer loop
      vertex 0.151085 18.2273 38.7501
      vertex 0.341142 19.9512 46.8763
      vertex 0.118586 18.2284 38.7528
    endloop
  endfacet
  facet normal -0.0203385 -0.977931 0.207935
    outer loop
      vertex 0.177698 18.2263 38.748
      vertex 0.341142 19.9512 46.8763
      vertex 0.151085 18.2273 38.7501
    endloop
  endfacet
  facet normal -0.0148758 -0.978048 0.20785
    outer loop
      vertex 0.210075 18.225 38.7442
      vertex 0.341142 19.9512 46.8763
      vertex 0.177698 18.2263 38.748
    endloop
  endfacet
  facet normal -0.0199485 -0.977945 0.20791
    outer loop
      vertex 0.236594 18.2238 38.7411
      vertex 0.341142 19.9512 46.8763
      vertex 0.210075 18.225 38.7442
    endloop
  endfacet
  facet normal -0.016825 -0.978009 0.207883
    outer loop
      vertex 0.295201 18.2209 38.7322
      vertex 0.341142 19.9512 46.8763
      vertex 0.236594 18.2238 38.7411
    endloop
  endfacet
  facet normal -0.0170908 -0.978004 0.207884
    outer loop
      vertex 0.321436 18.2194 38.7273
      vertex 0.341142 19.9512 46.8763
      vertex 0.295201 18.2209 38.7322
    endloop
  endfacet
  facet normal -0.0166158 -0.978012 0.207884
    outer loop
      vertex 0.341142 19.9512 46.8763
      vertex 0.321436 18.2194 38.7273
      vertex 0.341142 18.2183 38.7237
    endloop
  endfacet
  facet normal 0.0174306 0.977999 -0.20788
    outer loop
      vertex 0 -7.06645 13.7701
      vertex -0.341142 0.840017 50.9385
      vertex 0 0.834192 50.9397
    endloop
  endfacet
  facet normal 0.0174162 0.977999 -0.20788
    outer loop
      vertex -0.341142 0.840017 50.9385
      vertex 0 -7.06645 13.7701
      vertex -0.341142 -7.06063 13.7689
    endloop
  endfacet
  facet normal -0.707136 -0.691626 0.14701
    outer loop
      vertex 6.79029 9.37283 10.2758
      vertex 7.03155 17.0375 47.4956
      vertex 6.79029 17.2735 47.4454
    endloop
  endfacet
  facet normal -0.707122 -0.69164 0.147013
    outer loop
      vertex 7.03155 17.0375 47.4956
      vertex 6.79029 9.37283 10.2758
      vertex 7.03155 9.13684 10.326
    endloop
  endfacet
  facet normal 0.681949 -0.715416 0.152067
    outer loop
      vertex -6.79029 9.37283 10.2758
      vertex -6.54075 17.5011 47.3971
      vertex -6.79029 17.2735 47.4454
    endloop
  endfacet
  facet normal 0.681965 -0.715403 0.152064
    outer loop
      vertex -6.54075 17.5011 47.3971
      vertex -6.79029 9.37283 10.2758
      vertex -6.54075 9.60044 10.2275
    endloop
  endfacet
  facet normal -0.920551 -0.382087 0.0812153
    outer loop
      vertex 8.92991 6.38391 10.9111
      vertex 9.06322 13.9773 48.1461
      vertex 8.92991 14.2846 48.0808
    endloop
  endfacet
  facet normal -0.920511 -0.382178 0.0812337
    outer loop
      vertex 9.06322 13.9773 48.1461
      vertex 8.92991 6.38391 10.9111
      vertex 9.06322 6.0767 10.9764
    endloop
  endfacet
  facet normal -0.754735 -0.641694 0.136396
    outer loop
      vertex 7.26424 8.89276 10.3779
      vertex 7.48808 16.5415 47.601
      vertex 7.26424 16.7934 47.5475
    endloop
  endfacet
  facet normal -0.75471 -0.641722 0.136402
    outer loop
      vertex 7.48808 16.5415 47.601
      vertex 7.26424 8.89276 10.3779
      vertex 7.48808 8.64088 10.4314
    endloop
  endfacet
  facet normal 0.838672 -0.532736 0.113236
    outer loop
      vertex -8.28967 15.4623 47.8304
      vertex -8.10384 7.8416 10.6013
      vertex -8.10384 15.7422 47.7709
    endloop
  endfacet
  facet normal 0.838663 -0.532749 0.113239
    outer loop
      vertex -8.10384 7.8416 10.6013
      vertex -8.28967 15.4623 47.8304
      vertex -8.28967 7.56171 10.6608
    endloop
  endfacet
  facet normal -0.85718 0.503762 -0.107078
    outer loop
      vertex 8.4654 -2.28576 12.7539
      vertex 8.28967 5.32882 49.9844
      vertex 8.4654 5.61489 49.9235
    endloop
  endfacet
  facet normal -0.857164 0.503789 -0.107083
    outer loop
      vertex 8.28967 5.32882 49.9844
      vertex 8.4654 -2.28576 12.7539
      vertex 8.28967 -2.57183 12.8147
    endloop
  endfacet
  facet normal -0.224989 0.953069 -0.202581
    outer loop
      vertex 2.36479 1.11821 50.8793
      vertex 2.03234 -6.85751 13.7257
      vertex 2.03234 1.04313 50.8953
    endloop
  endfacet
  facet normal -0.224962 0.953075 -0.202583
    outer loop
      vertex 2.03234 -6.85751 13.7257
      vertex 2.36479 1.11821 50.8793
      vertex 2.36479 -6.78244 13.7097
    endloop
  endfacet
  facet normal -0.656062 0.738215 -0.156912
    outer loop
      vertex 6.54075 3.29009 50.4177
      vertex 6.28325 -4.82951 13.2946
      vertex 6.28325 3.07113 50.4642
    endloop
  endfacet
  facet normal -0.656046 0.738229 -0.156916
    outer loop
      vertex 6.28325 -4.82951 13.2946
      vertex 6.54075 3.29009 50.4177
      vertex 6.54075 -4.61056 13.2481
    endloop
  endfacet
  facet normal 0.390718 0.900395 -0.191385
    outer loop
      vertex -3.66178 -6.37023 13.6221
      vertex -3.97585 1.66082 50.764
      vertex -3.66178 1.53042 50.7917
    endloop
  endfacet
  facet normal 0.390718 0.900395 -0.191385
    outer loop
      vertex -3.97585 1.66082 50.764
      vertex -3.66178 -6.37023 13.6221
      vertex -3.97585 -6.23983 13.5944
    endloop
  endfacet
  facet normal -0.974373 -0.220023 0.0467674
    outer loop
      vertex 9.48464 4.80805 11.2461
      vertex 9.56139 12.3835 48.4848
      vertex 9.48464 12.7087 48.4157
    endloop
  endfacet
  facet normal -0.97437 -0.220035 0.0467699
    outer loop
      vertex 9.56139 12.3835 48.4848
      vertex 9.48464 4.80805 11.2461
      vertex 9.56139 4.48287 11.3152
    endloop
  endfacet
  facet normal -0.874637 -0.474185 0.100791
    outer loop
      vertex 8.4654 7.27564 10.7216
      vertex 8.63081 14.8844 47.9533
      vertex 8.4654 15.1763 47.8912
    endloop
  endfacet
  facet normal -0.874623 -0.47421 0.100796
    outer loop
      vertex 8.63081 14.8844 47.9533
      vertex 8.4654 7.27564 10.7216
      vertex 8.63081 6.98374 10.7836
    endloop
  endfacet
  facet normal -0.777068 -0.615663 0.130863
    outer loop
      vertex 7.48808 8.64088 10.4314
      vertex 7.7028 16.2822 47.6561
      vertex 7.48808 16.5415 47.601
    endloop
  endfacet
  facet normal -0.777136 -0.61558 0.130846
    outer loop
      vertex 7.7028 16.2822 47.6561
      vertex 7.48808 8.64088 10.4314
      vertex 7.7028 8.38152 10.4865
    endloop
  endfacet
  facet normal -0.224714 -0.953131 0.202596
    outer loop
      vertex 2.03234 19.748 46.9195
      vertex 2.36479 11.7723 9.7658
      vertex 2.36479 19.673 46.9354
    endloop
  endfacet
  facet normal -0.225015 -0.953064 0.202579
    outer loop
      vertex 2.36479 11.7723 9.7658
      vertex 2.03234 19.748 46.9195
      vertex 2.03234 11.8474 9.74985
    endloop
  endfacet
  facet normal -0.629425 -0.76008 0.161559
    outer loop
      vertex 6.01809 17.9301 47.3059
      vertex 6.28325 9.81939 10.1809
      vertex 6.28325 17.72 47.3505
    endloop
  endfacet
  facet normal -0.62927 -0.760203 0.161587
    outer loop
      vertex 6.28325 9.81939 10.1809
      vertex 6.01809 17.9301 47.3059
      vertex 6.01809 10.0294 10.1363
    endloop
  endfacet
  facet normal -0.484809 -0.855507 0.181845
    outer loop
      vertex 4.58908 18.8378 47.1129
      vertex 4.8875 10.7753 9.97772
      vertex 4.8875 18.676 47.1473
    endloop
  endfacet
  facet normal -0.484809 -0.855507 0.181845
    outer loop
      vertex 4.8875 10.7753 9.97772
      vertex 4.58908 18.8378 47.1129
      vertex 4.58908 10.9371 9.94332
    endloop
  endfacet
  facet normal 0.515093 -0.838404 0.178207
    outer loop
      vertex -5.17996 10.6035 10.0143
      vertex -4.8875 18.676 47.1473
      vertex -5.17996 18.5041 47.1839
    endloop
  endfacet
  facet normal 0.514873 -0.838533 0.178237
    outer loop
      vertex -4.8875 18.676 47.1473
      vertex -5.17996 10.6035 10.0143
      vertex -4.8875 10.7753 9.97772
    endloop
  endfacet
  facet normal 0.601729 -0.781247 0.16606
    outer loop
      vertex -6.01809 10.0294 10.1363
      vertex -5.7456 18.1309 47.2632
      vertex -6.01809 17.9301 47.3059
    endloop
  endfacet
  facet normal 0.601912 -0.781112 0.16603
    outer loop
      vertex -5.7456 18.1309 47.2632
      vertex -6.01809 10.0294 10.1363
      vertex -5.7456 10.2303 10.0936
    endloop
  endfacet
  facet normal 0.325427 -0.924904 0.196596
    outer loop
      vertex -3.34325 11.4797 9.828
      vertex -3.02064 19.489 46.9745
      vertex -3.34325 19.3804 46.9976
    endloop
  endfacet
  facet normal 0.325683 -0.924818 0.196575
    outer loop
      vertex -3.02064 19.489 46.9745
      vertex -3.34325 11.4797 9.828
      vertex -3.02064 11.5884 9.8049
    endloop
  endfacet
  facet normal -0.278895 -0.847953 -0.450769
    outer loop
      vertex -0.849999 17.5341 35.6615
      vertex -0.798101 17.5325 35.6324
      vertex -0.821564 17.5332 35.6456
    endloop
  endfacet
  facet normal 0.0645017 -0.976111 0.207479
    outer loop
      vertex -1.02177 12.004 9.71657
      vertex -1.02071 17.543 35.7752
      vertex -1.02177 17.5431 35.776
    endloop
  endfacet
  facet normal 0.0881695 -0.974338 0.207101
    outer loop
      vertex -1.02177 12.004 9.71657
      vertex -0.999234 17.5415 35.759
      vertex -1.02071 17.543 35.7752
    endloop
  endfacet
  facet normal 0.0838966 -0.974699 0.207181
    outer loop
      vertex -1.02177 12.004 9.71657
      vertex -0.977222 17.5401 35.7435
      vertex -0.999234 17.5415 35.759
    endloop
  endfacet
  facet normal 0.0870108 -0.974438 0.207121
    outer loop
      vertex -1.02177 12.004 9.71657
      vertex -0.950627 17.5385 35.7248
      vertex -0.977222 17.5401 35.7435
    endloop
  endfacet
  facet normal 0.08826 -0.974332 0.207094
    outer loop
      vertex -1.02177 12.004 9.71657
      vertex -0.900863 17.5361 35.6923
      vertex -0.950627 17.5385 35.7248
    endloop
  endfacet
  facet normal 0.087104 -0.97443 0.207121
    outer loop
      vertex -1.02177 12.004 9.71657
      vertex -0.849999 17.5341 35.6615
      vertex -0.900863 17.5361 35.6923
    endloop
  endfacet
  facet normal 0.0861055 -0.974514 0.207145
    outer loop
      vertex -1.02177 12.004 9.71657
      vertex -0.798101 17.5325 35.6324
      vertex -0.849999 17.5341 35.6615
    endloop
  endfacet
  facet normal 0.0885004 -0.974313 0.207082
    outer loop
      vertex -1.02177 12.004 9.71657
      vertex -0.745231 17.5315 35.6051
      vertex -0.798101 17.5325 35.6324
    endloop
  endfacet
  facet normal 0.0873349 -0.974411 0.207115
    outer loop
      vertex -1.02177 12.004 9.71657
      vertex -0.691452 17.5309 35.5796
      vertex -0.745231 17.5315 35.6051
    endloop
  endfacet
  facet normal 0.0806952 -0.974941 0.207313
    outer loop
      vertex -1.02177 12.004 9.71657
      vertex -0.68187 17.5308 35.5754
      vertex -0.691452 17.5309 35.5796
    endloop
  endfacet
  facet normal 0.086905 -0.974447 0.207126
    outer loop
      vertex -0.68187 17.5308 35.5754
      vertex -1.02177 12.004 9.71657
      vertex -0.68187 12.033 9.71039
    endloop
  endfacet
  facet normal 0.0872016 -0.974421 0.207122
    outer loop
      vertex -1.02177 19.9046 46.8862
      vertex -0.68187 18.1783 38.6216
      vertex -0.68187 19.9337 46.88
    endloop
  endfacet
  facet normal 0.0906505 -0.974091 0.207195
    outer loop
      vertex -1.02177 19.9046 46.8862
      vertex -0.691452 18.1766 38.6178
      vertex -0.68187 18.1783 38.6216
    endloop
  endfacet
  facet normal 0.0866855 -0.974468 0.207116
    outer loop
      vertex -1.02177 19.9046 46.8862
      vertex -0.745231 18.1668 38.5942
      vertex -0.691452 18.1766 38.6178
    endloop
  endfacet
  facet normal 0.0856249 -0.974565 0.207101
    outer loop
      vertex -1.02177 19.9046 46.8862
      vertex -0.774211 18.1613 38.5803
      vertex -0.745231 18.1668 38.5942
    endloop
  endfacet
  facet normal 0.0879073 -0.974357 0.207125
    outer loop
      vertex -1.02177 19.9046 46.8862
      vertex -0.798101 18.1567 38.5688
      vertex -0.774211 18.1613 38.5803
    endloop
  endfacet
  facet normal 0.0867256 -0.974465 0.207116
    outer loop
      vertex -1.02177 19.9046 46.8862
      vertex -0.849999 18.1463 38.5416
      vertex -0.798101 18.1567 38.5688
    endloop
  endfacet
  facet normal 0.0895493 -0.974209 0.20712
    outer loop
      vertex -1.02177 19.9046 46.8862
      vertex -0.873007 18.1414 38.5285
      vertex -0.849999 18.1463 38.5416
    endloop
  endfacet
  facet normal 0.0854386 -0.974577 0.207124
    outer loop
      vertex -1.02177 19.9046 46.8862
      vertex -0.900863 18.1356 38.5127
      vertex -0.873007 18.1414 38.5285
    endloop
  endfacet
  facet normal 0.0884736 -0.974309 0.207112
    outer loop
      vertex -1.02177 19.9046 46.8862
      vertex -0.923386 18.1306 38.4988
      vertex -0.900863 18.1356 38.5127
    endloop
  endfacet
  facet normal 0.0868922 -0.974449 0.207123
    outer loop
      vertex -1.02177 19.9046 46.8862
      vertex -0.950627 18.1246 38.482
      vertex -0.923386 18.1306 38.4988
    endloop
  endfacet
  facet normal 0.0885206 -0.974305 0.207106
    outer loop
      vertex -1.02177 19.9046 46.8862
      vertex -0.977222 18.1184 38.4642
      vertex -0.950627 18.1246 38.482
    endloop
  endfacet
  facet normal 0.0839936 -0.974694 0.207165
    outer loop
      vertex -1.02177 19.9046 46.8862
      vertex -0.999234 18.1134 38.4496
      vertex -0.977222 18.1184 38.4642
    endloop
  endfacet
  facet normal 0.086462 -0.974486 0.207127
    outer loop
      vertex -1.02177 19.9046 46.8862
      vertex -1.02071 18.1082 38.4341
      vertex -0.999234 18.1134 38.4496
    endloop
  endfacet
  facet normal 0.138195 -0.968762 0.205917
    outer loop
      vertex -1.02071 18.1082 38.4341
      vertex -1.02177 19.9046 46.8862
      vertex -1.02177 18.1079 38.4334
    endloop
  endfacet
  facet normal 0.573592 0.801241 -0.170309
    outer loop
      vertex -5.46611 -5.43181 13.4227
      vertex -5.7456 2.66026 50.5516
      vertex -5.46611 2.46883 50.5923
    endloop
  endfacet
  facet normal 0.573573 0.801254 -0.170312
    outer loop
      vertex -5.7456 2.66026 50.5516
      vertex -5.46611 -5.43181 13.4227
      vertex -5.7456 -5.24039 13.382
    endloop
  endfacet
  facet normal 0.920507 0.382188 -0.0812365
    outer loop
      vertex -8.92991 6.50662 49.734
      vertex -9.06322 -1.08682 12.4991
      vertex -9.06322 6.81382 49.6687
    endloop
  endfacet
  facet normal 0.920511 0.382178 -0.0812344
    outer loop
      vertex -9.06322 -1.08682 12.4991
      vertex -8.92991 6.50662 49.734
      vertex -8.92991 -1.39403 12.5644
    endloop
  endfacet
  facet normal 0.85718 0.503762 -0.107078
    outer loop
      vertex -8.28967 5.32882 49.9844
      vertex -8.4654 -2.28576 12.7539
      vertex -8.4654 5.61489 49.9235
    endloop
  endfacet
  facet normal 0.857164 0.503789 -0.107083
    outer loop
      vertex -8.4654 -2.28576 12.7539
      vertex -8.28967 5.32882 49.9844
      vertex -8.28967 -2.57183 12.8147
    endloop
  endfacet
  facet normal -0.996193 -0.0852746 0.0181256
    outer loop
      vertex 9.72145 3.49438 11.5253
      vertex 9.75119 11.0626 48.7656
      vertex 9.72145 11.395 48.6949
    endloop
  endfacet
  facet normal -0.996194 -0.0852575 0.0181222
    outer loop
      vertex 9.75119 11.0626 48.7656
      vertex 9.72145 3.49438 11.5253
      vertex 9.75119 3.16191 11.596
    endloop
  endfacet
  facet normal -0.998631 -0.0511684 0.0108762
    outer loop
      vertex 9.75119 3.16191 11.596
      vertex 9.76904 10.7293 48.8365
      vertex 9.75119 11.0626 48.7656
    endloop
  endfacet
  facet normal -0.99863 -0.0511745 0.0108775
    outer loop
      vertex 9.76904 10.7293 48.8365
      vertex 9.75119 3.16191 11.596
      vertex 9.76904 2.82863 11.6668
    endloop
  endfacet
  facet normal -0.981624 -0.186655 0.0396747
    outer loop
      vertex 9.56139 4.48287 11.3152
      vertex 9.6265 12.0559 48.5545
      vertex 9.56139 12.3835 48.4848
    endloop
  endfacet
  facet normal -0.981625 -0.18665 0.0396736
    outer loop
      vertex 9.6265 12.0559 48.5545
      vertex 9.56139 4.48287 11.3152
      vertex 9.6265 4.15526 11.3849
    endloop
  endfacet
  facet normal -0.956294 -0.286018 0.0607948
    outer loop
      vertex 9.29658 5.44957 11.1097
      vertex 9.39633 13.0311 48.3472
      vertex 9.29658 13.3502 48.2794
    endloop
  endfacet
  facet normal -0.956311 -0.285962 0.0607834
    outer loop
      vertex 9.39633 13.0311 48.3472
      vertex 9.29658 5.44957 11.1097
      vertex 9.39633 5.13042 11.1776
    endloop
  endfacet
  facet normal -0.819168 -0.56102 0.119248
    outer loop
      vertex 7.90814 8.11499 10.5432
      vertex 8.10384 15.7422 47.7709
      vertex 7.90814 16.0156 47.7128
    endloop
  endfacet
  facet normal -0.819159 -0.561033 0.119251
    outer loop
      vertex 8.10384 15.7422 47.7709
      vertex 7.90814 8.11499 10.5432
      vertex 8.10384 7.8416 10.6013
    endloop
  endfacet
  facet normal -0.838672 -0.532736 0.113236
    outer loop
      vertex 8.10384 7.8416 10.6013
      vertex 8.28967 15.4623 47.8304
      vertex 8.10384 15.7422 47.7709
    endloop
  endfacet
  facet normal -0.838663 -0.532749 0.113239
    outer loop
      vertex 8.28967 15.4623 47.8304
      vertex 8.10384 7.8416 10.6013
      vertex 8.28967 7.56171 10.6608
    endloop
  endfacet
  facet normal -0.857111 -0.503875 0.107101
    outer loop
      vertex 8.28967 7.56171 10.6608
      vertex 8.4654 15.1763 47.8912
      vertex 8.28967 15.4623 47.8304
    endloop
  endfacet
  facet normal -0.857164 -0.503788 0.107084
    outer loop
      vertex 8.4654 15.1763 47.8912
      vertex 8.28967 7.56171 10.6608
      vertex 8.4654 7.27564 10.7216
    endloop
  endfacet
  facet normal -0.891026 -0.444032 0.0943818
    outer loop
      vertex 8.63081 6.98374 10.7836
      vertex 8.78571 14.587 48.0165
      vertex 8.63081 14.8844 47.9533
    endloop
  endfacet
  facet normal -0.891015 -0.444053 0.0943861
    outer loop
      vertex 8.78571 14.587 48.0165
      vertex 8.63081 6.98374 10.7836
      vertex 8.78571 6.68638 10.8469
    endloop
  endfacet
  facet normal -0.123445 -0.970667 0.206319
    outer loop
      vertex 1.33962 17.5697 36.0891
      vertex 1.36042 11.9633 9.72521
      vertex 1.36042 17.5729 36.1166
    endloop
  endfacet
  facet normal -0.120961 -0.970965 0.206385
    outer loop
      vertex 1.31927 17.5669 36.064
      vertex 1.36042 11.9633 9.72521
      vertex 1.33962 17.5697 36.0891
    endloop
  endfacet
  facet normal -0.123536 -0.970656 0.206315
    outer loop
      vertex 1.30227 17.5646 36.043
      vertex 1.36042 11.9633 9.72521
      vertex 1.31927 17.5669 36.064
    endloop
  endfacet
  facet normal -0.12264 -0.970764 0.20634
    outer loop
      vertex 1.28457 17.5625 36.0226
      vertex 1.36042 11.9633 9.72521
      vertex 1.30227 17.5646 36.043
    endloop
  endfacet
  facet normal -0.122888 -0.970734 0.206333
    outer loop
      vertex 1.26335 17.56 35.9982
      vertex 1.36042 11.9633 9.72521
      vertex 1.28457 17.5625 36.0226
    endloop
  endfacet
  facet normal -0.121072 -0.970951 0.206386
    outer loop
      vertex 1.22288 17.5558 35.9547
      vertex 1.36042 11.9633 9.72521
      vertex 1.26335 17.56 35.9982
    endloop
  endfacet
  facet normal -0.121449 -0.970907 0.206374
    outer loop
      vertex 1.18092 17.5521 35.9126
      vertex 1.36042 11.9633 9.72521
      vertex 1.22288 17.5558 35.9547
    endloop
  endfacet
  facet normal -0.121937 -0.970849 0.206359
    outer loop
      vertex 1.13752 17.5489 35.8719
      vertex 1.36042 11.9633 9.72521
      vertex 1.18092 17.5521 35.9126
    endloop
  endfacet
  facet normal -0.122104 -0.970829 0.206353
    outer loop
      vertex 1.09274 17.5462 35.8327
      vertex 1.36042 11.9633 9.72521
      vertex 1.13752 17.5489 35.8719
    endloop
  endfacet
  facet normal -0.122363 -0.970798 0.206344
    outer loop
      vertex 1.04662 17.544 35.795
      vertex 1.36042 11.9633 9.72521
      vertex 1.09274 17.5462 35.8327
    endloop
  endfacet
  facet normal -0.122602 -0.97077 0.206335
    outer loop
      vertex 1.02177 17.5431 35.776
      vertex 1.36042 11.9633 9.72521
      vertex 1.04662 17.544 35.795
    endloop
  endfacet
  facet normal -0.121944 -0.970848 0.20636
    outer loop
      vertex 1.36042 11.9633 9.72521
      vertex 1.02177 17.5431 35.776
      vertex 1.02177 12.004 9.71657
    endloop
  endfacet
  facet normal -0.12192 -0.97085 0.206361
    outer loop
      vertex 1.02177 18.1079 38.4334
      vertex 1.36042 19.8639 46.8948
      vertex 1.02177 19.9046 46.8862
    endloop
  endfacet
  facet normal -0.122558 -0.970768 0.206369
    outer loop
      vertex 1.04662 18.101 38.4157
      vertex 1.36042 19.8639 46.8948
      vertex 1.02177 18.1079 38.4334
    endloop
  endfacet
  facet normal -0.12159 -0.970892 0.206359
    outer loop
      vertex 1.09274 18.0877 38.3803
      vertex 1.36042 19.8639 46.8948
      vertex 1.04662 18.101 38.4157
    endloop
  endfacet
  facet normal -0.12024 -0.971062 0.206352
    outer loop
      vertex 1.1172 18.0804 38.3602
      vertex 1.36042 19.8639 46.8948
      vertex 1.09274 18.0877 38.3803
    endloop
  endfacet
  facet normal -0.125471 -0.970398 0.206362
    outer loop
      vertex 1.13752 18.0742 38.3434
      vertex 1.36042 19.8639 46.8948
      vertex 1.1172 18.0804 38.3602
    endloop
  endfacet
  facet normal -0.117471 -0.971398 0.206363
    outer loop
      vertex 1.15722 18.0681 38.3259
      vertex 1.36042 19.8639 46.8948
      vertex 1.13752 18.0742 38.3434
    endloop
  endfacet
  facet normal -0.124297 -0.970552 0.206348
    outer loop
      vertex 1.18092 18.0606 38.3049
      vertex 1.36042 19.8639 46.8948
      vertex 1.15722 18.0681 38.3259
    endloop
  endfacet
  facet normal -0.120319 -0.971048 0.206369
    outer loop
      vertex 1.22288 18.0469 38.2649
      vertex 1.36042 19.8639 46.8948
      vertex 1.18092 18.0606 38.3049
    endloop
  endfacet
  facet normal -0.122344 -0.9708 0.206349
    outer loop
      vertex 1.26335 18.033 38.2235
      vertex 1.36042 19.8639 46.8948
      vertex 1.22288 18.0469 38.2649
    endloop
  endfacet
  facet normal -0.125601 -0.970394 0.2063
    outer loop
      vertex 1.28457 18.0253 38.2002
      vertex 1.36042 19.8639 46.8948
      vertex 1.26335 18.033 38.2235
    endloop
  endfacet
  facet normal -0.118295 -0.971285 0.206424
    outer loop
      vertex 1.30227 18.019 38.1807
      vertex 1.36042 19.8639 46.8948
      vertex 1.28457 18.0253 38.2002
    endloop
  endfacet
  facet normal -0.12152 -0.9709 0.206364
    outer loop
      vertex 1.31927 18.0126 38.1606
      vertex 1.36042 19.8639 46.8948
      vertex 1.30227 18.019 38.1807
    endloop
  endfacet
  facet normal -0.123938 -0.970605 0.206313
    outer loop
      vertex 1.33962 18.0049 38.1366
      vertex 1.36042 19.8639 46.8948
      vertex 1.31927 18.0126 38.1606
    endloop
  endfacet
  facet normal -0.121236 -0.970933 0.206376
    outer loop
      vertex 1.35907 17.9972 38.1118
      vertex 1.36042 19.8639 46.8948
      vertex 1.33962 18.0049 38.1366
    endloop
  endfacet
  facet normal -0.0999654 -0.973249 0.206865
    outer loop
      vertex 1.36042 19.8639 46.8948
      vertex 1.35907 17.9972 38.1118
      vertex 1.36042 17.9967 38.1101
    endloop
  endfacet
  facet normal -0.358356 -0.913184 0.194105
    outer loop
      vertex 3.34325 19.3804 46.9976
      vertex 3.66178 11.3601 9.85342
      vertex 3.66178 19.2608 47.023
    endloop
  endfacet
  facet normal -0.358366 -0.91318 0.194104
    outer loop
      vertex 3.66178 11.3601 9.85342
      vertex 3.34325 19.3804 46.9976
      vertex 3.34325 11.4797 9.828
    endloop
  endfacet
  facet normal -0.292418 -0.935394 0.198823
    outer loop
      vertex 2.69436 19.5866 46.9538
      vertex 3.02064 11.5884 9.8049
      vertex 3.02064 19.489 46.9745
    endloop
  endfacet
  facet normal -0.292178 -0.935465 0.19884
    outer loop
      vertex 3.02064 11.5884 9.8049
      vertex 2.69436 19.5866 46.9538
      vertex 2.69436 11.6859 9.78416
    endloop
  endfacet
  facet normal -0.2589 -0.944797 0.200824
    outer loop
      vertex 2.36479 19.673 46.9354
      vertex 2.69436 11.6859 9.78416
      vertex 2.69436 19.5866 46.9538
    endloop
  endfacet
  facet normal -0.258877 -0.944803 0.200825
    outer loop
      vertex 2.69436 11.6859 9.78416
      vertex 2.36479 19.673 46.9354
      vertex 2.36479 11.7723 9.7658
    endloop
  endfacet
  facet normal -0.190899 -0.960159 0.204087
    outer loop
      vertex 1.69741 17.7511 37.2115
      vertex 2.03234 19.748 46.9195
      vertex 1.69741 19.8117 46.9059
    endloop
  endfacet
  facet normal -0.0291123 -0.978879 0.202356
    outer loop
      vertex 1.69754 17.7506 37.2091
      vertex 2.03234 19.748 46.9195
      vertex 1.69741 17.7511 37.2115
    endloop
  endfacet
  facet normal -0.215916 -0.954893 0.203863
    outer loop
      vertex 1.69896 17.7446 37.1825
      vertex 2.03234 19.748 46.9195
      vertex 1.69754 17.7506 37.2091
    endloop
  endfacet
  facet normal -0.180126 -0.962226 0.204146
    outer loop
      vertex 1.7 17.7321 37.1245
      vertex 2.03234 19.748 46.9195
      vertex 1.69896 17.7446 37.1825
    endloop
  endfacet
  facet normal -0.169442 -0.964157 0.204181
    outer loop
      vertex 1.69896 17.72 37.0665
      vertex 2.03234 19.748 46.9195
      vertex 1.7 17.7321 37.1245
    endloop
  endfacet
  facet normal -0.190963 -0.960147 0.204084
    outer loop
      vertex 1.69896 17.72 37.0665
      vertex 2.03234 11.8474 9.74985
      vertex 2.03234 19.748 46.9195
    endloop
  endfacet
  facet normal -0.17979 -0.96218 0.204658
    outer loop
      vertex 1.69741 17.7141 37.0374
      vertex 2.03234 11.8474 9.74985
      vertex 1.69896 17.72 37.0665
    endloop
  endfacet
  facet normal -0.190864 -0.960166 0.204089
    outer loop
      vertex 2.03234 11.8474 9.74985
      vertex 1.69741 17.7141 37.0374
      vertex 1.69741 11.9111 9.73631
    endloop
  endfacet
  facet normal 0.278895 -0.847953 -0.450769
    outer loop
      vertex 0.798101 17.5325 35.6324
      vertex 0.849999 17.5341 35.6615
      vertex 0.821564 17.5332 35.6456
    endloop
  endfacet
  facet normal -0.0645017 -0.976111 0.207479
    outer loop
      vertex 1.02071 17.543 35.7752
      vertex 1.02177 12.004 9.71657
      vertex 1.02177 17.5431 35.776
    endloop
  endfacet
  facet normal -0.0881695 -0.974338 0.207101
    outer loop
      vertex 0.999234 17.5415 35.759
      vertex 1.02177 12.004 9.71657
      vertex 1.02071 17.543 35.7752
    endloop
  endfacet
  facet normal -0.0838966 -0.974699 0.207181
    outer loop
      vertex 0.977222 17.5401 35.7435
      vertex 1.02177 12.004 9.71657
      vertex 0.999234 17.5415 35.759
    endloop
  endfacet
  facet normal -0.0870108 -0.974438 0.207121
    outer loop
      vertex 0.950627 17.5385 35.7248
      vertex 1.02177 12.004 9.71657
      vertex 0.977222 17.5401 35.7435
    endloop
  endfacet
  facet normal -0.08826 -0.974332 0.207094
    outer loop
      vertex 0.900863 17.5361 35.6923
      vertex 1.02177 12.004 9.71657
      vertex 0.950627 17.5385 35.7248
    endloop
  endfacet
  facet normal -0.087104 -0.97443 0.207121
    outer loop
      vertex 0.849999 17.5341 35.6615
      vertex 1.02177 12.004 9.71657
      vertex 0.900863 17.5361 35.6923
    endloop
  endfacet
  facet normal -0.0861055 -0.974514 0.207145
    outer loop
      vertex 0.798101 17.5325 35.6324
      vertex 1.02177 12.004 9.71657
      vertex 0.849999 17.5341 35.6615
    endloop
  endfacet
  facet normal -0.0885004 -0.974313 0.207082
    outer loop
      vertex 0.745231 17.5315 35.6051
      vertex 1.02177 12.004 9.71657
      vertex 0.798101 17.5325 35.6324
    endloop
  endfacet
  facet normal -0.0873349 -0.974411 0.207115
    outer loop
      vertex 0.691452 17.5309 35.5796
      vertex 1.02177 12.004 9.71657
      vertex 0.745231 17.5315 35.6051
    endloop
  endfacet
  facet normal -0.0806952 -0.974941 0.207313
    outer loop
      vertex 0.68187 17.5308 35.5754
      vertex 1.02177 12.004 9.71657
      vertex 0.691452 17.5309 35.5796
    endloop
  endfacet
  facet normal -0.086905 -0.974447 0.207126
    outer loop
      vertex 1.02177 12.004 9.71657
      vertex 0.68187 17.5308 35.5754
      vertex 0.68187 12.033 9.71039
    endloop
  endfacet
  facet normal -0.0872016 -0.974421 0.207122
    outer loop
      vertex 0.68187 18.1783 38.6216
      vertex 1.02177 19.9046 46.8862
      vertex 0.68187 19.9337 46.88
    endloop
  endfacet
  facet normal -0.0906505 -0.974091 0.207195
    outer loop
      vertex 0.691452 18.1766 38.6178
      vertex 1.02177 19.9046 46.8862
      vertex 0.68187 18.1783 38.6216
    endloop
  endfacet
  facet normal -0.0866855 -0.974468 0.207116
    outer loop
      vertex 0.745231 18.1668 38.5942
      vertex 1.02177 19.9046 46.8862
      vertex 0.691452 18.1766 38.6178
    endloop
  endfacet
  facet normal -0.0856249 -0.974565 0.207101
    outer loop
      vertex 0.774211 18.1613 38.5803
      vertex 1.02177 19.9046 46.8862
      vertex 0.745231 18.1668 38.5942
    endloop
  endfacet
  facet normal -0.0879073 -0.974357 0.207125
    outer loop
      vertex 0.798101 18.1567 38.5688
      vertex 1.02177 19.9046 46.8862
      vertex 0.774211 18.1613 38.5803
    endloop
  endfacet
  facet normal -0.0867256 -0.974465 0.207116
    outer loop
      vertex 0.849999 18.1463 38.5416
      vertex 1.02177 19.9046 46.8862
      vertex 0.798101 18.1567 38.5688
    endloop
  endfacet
  facet normal -0.0895493 -0.974209 0.20712
    outer loop
      vertex 0.873007 18.1414 38.5285
      vertex 1.02177 19.9046 46.8862
      vertex 0.849999 18.1463 38.5416
    endloop
  endfacet
  facet normal -0.0854386 -0.974577 0.207124
    outer loop
      vertex 0.900863 18.1356 38.5127
      vertex 1.02177 19.9046 46.8862
      vertex 0.873007 18.1414 38.5285
    endloop
  endfacet
  facet normal -0.0884736 -0.974309 0.207112
    outer loop
      vertex 0.923386 18.1306 38.4988
      vertex 1.02177 19.9046 46.8862
      vertex 0.900863 18.1356 38.5127
    endloop
  endfacet
  facet normal -0.0868922 -0.974449 0.207123
    outer loop
      vertex 0.950627 18.1246 38.482
      vertex 1.02177 19.9046 46.8862
      vertex 0.923386 18.1306 38.4988
    endloop
  endfacet
  facet normal -0.0885206 -0.974305 0.207106
    outer loop
      vertex 0.977222 18.1184 38.4642
      vertex 1.02177 19.9046 46.8862
      vertex 0.950627 18.1246 38.482
    endloop
  endfacet
  facet normal -0.0839936 -0.974694 0.207165
    outer loop
      vertex 0.999234 18.1134 38.4496
      vertex 1.02177 19.9046 46.8862
      vertex 0.977222 18.1184 38.4642
    endloop
  endfacet
  facet normal -0.086462 -0.974486 0.207127
    outer loop
      vertex 1.02071 18.1082 38.4341
      vertex 1.02177 19.9046 46.8862
      vertex 0.999234 18.1134 38.4496
    endloop
  endfacet
  facet normal -0.138195 -0.968762 0.205917
    outer loop
      vertex 1.02177 19.9046 46.8862
      vertex 1.02071 18.1082 38.4341
      vertex 1.02177 18.1079 38.4334
    endloop
  endfacet
  facet normal -0.390718 -0.900395 0.191386
    outer loop
      vertex 3.66178 19.2608 47.023
      vertex 3.97585 11.2297 9.88114
      vertex 3.97585 19.1304 47.0507
    endloop
  endfacet
  facet normal -0.390729 -0.90039 0.191385
    outer loop
      vertex 3.97585 11.2297 9.88114
      vertex 3.66178 19.2608 47.023
      vertex 3.66178 11.3601 9.85342
    endloop
  endfacet
  facet normal -0.515093 -0.838404 0.178207
    outer loop
      vertex 4.8875 18.676 47.1473
      vertex 5.17996 10.6035 10.0143
      vertex 5.17996 18.5041 47.1839
    endloop
  endfacet
  facet normal -0.514873 -0.838533 0.178237
    outer loop
      vertex 5.17996 10.6035 10.0143
      vertex 4.8875 18.676 47.1473
      vertex 4.8875 10.7753 9.97772
    endloop
  endfacet
  facet normal -0.54469 -0.820312 0.174362
    outer loop
      vertex 5.17996 18.5041 47.1839
      vertex 5.46611 10.4217 10.0529
      vertex 5.46611 18.3223 47.2225
    endloop
  endfacet
  facet normal -0.54469 -0.820312 0.174362
    outer loop
      vertex 5.46611 10.4217 10.0529
      vertex 5.17996 18.5041 47.1839
      vertex 5.17996 10.6035 10.0143
    endloop
  endfacet
  facet normal -0.681949 -0.715416 0.152067
    outer loop
      vertex 6.54075 17.5011 47.3971
      vertex 6.79029 9.37283 10.2758
      vertex 6.79029 17.2735 47.4454
    endloop
  endfacet
  facet normal -0.681965 -0.715403 0.152064
    outer loop
      vertex 6.79029 9.37283 10.2758
      vertex 6.54075 17.5011 47.3971
      vertex 6.54075 9.60044 10.2275
    endloop
  endfacet
  facet normal 0.987687 -0.153022 0.0325258
    outer loop
      vertex -9.67987 11.7263 48.6245
      vertex -9.6265 4.15526 11.3849
      vertex -9.6265 12.0559 48.5545
    endloop
  endfacet
  facet normal 0.987689 -0.153009 0.0325232
    outer loop
      vertex -9.6265 4.15526 11.3849
      vertex -9.67987 11.7263 48.6245
      vertex -9.67987 3.82563 11.4549
    endloop
  endfacet
  facet normal 0.857111 -0.503875 0.107101
    outer loop
      vertex -8.4654 15.1763 47.8912
      vertex -8.28967 7.56171 10.6608
      vertex -8.28967 15.4623 47.8304
    endloop
  endfacet
  facet normal 0.857164 -0.503788 0.107084
    outer loop
      vertex -8.28967 7.56171 10.6608
      vertex -8.4654 15.1763 47.8912
      vertex -8.4654 7.27564 10.7216
    endloop
  endfacet
  facet normal 0.906267 -0.413468 0.0878851
    outer loop
      vertex -8.92991 14.2846 48.0808
      vertex -8.78571 6.68638 10.8469
      vertex -8.78571 14.587 48.0165
    endloop
  endfacet
  facet normal 0.906292 -0.413416 0.0878745
    outer loop
      vertex -8.78571 6.68638 10.8469
      vertex -8.92991 14.2846 48.0808
      vertex -8.92991 6.38391 10.9111
    endloop
  endfacet
  facet normal 0.874637 -0.474185 0.100791
    outer loop
      vertex -8.63081 14.8844 47.9533
      vertex -8.4654 7.27564 10.7216
      vertex -8.4654 15.1763 47.8912
    endloop
  endfacet
  facet normal 0.874623 -0.47421 0.100796
    outer loop
      vertex -8.4654 7.27564 10.7216
      vertex -8.63081 14.8844 47.9533
      vertex -8.63081 6.98374 10.7836
    endloop
  endfacet
  facet normal 0.920551 -0.382087 0.0812153
    outer loop
      vertex -9.06322 13.9773 48.1461
      vertex -8.92991 6.38391 10.9111
      vertex -8.92991 14.2846 48.0808
    endloop
  endfacet
  facet normal 0.920511 -0.382178 0.0812337
    outer loop
      vertex -8.92991 6.38391 10.9111
      vertex -9.06322 13.9773 48.1461
      vertex -9.06322 6.0767 10.9764
    endloop
  endfacet
  facet normal 0.945526 -0.318431 0.0676849
    outer loop
      vertex -9.29658 13.3502 48.2794
      vertex -9.18549 5.76513 11.0427
      vertex -9.18549 13.6658 48.2123
    endloop
  endfacet
  facet normal 0.945508 -0.318484 0.0676956
    outer loop
      vertex -9.18549 5.76513 11.0427
      vertex -9.29658 13.3502 48.2794
      vertex -9.29658 5.44957 11.1097
    endloop
  endfacet
  facet normal 0.956294 -0.286018 0.0607948
    outer loop
      vertex -9.39633 13.0311 48.3472
      vertex -9.29658 5.44957 11.1097
      vertex -9.29658 13.3502 48.2794
    endloop
  endfacet
  facet normal 0.956311 -0.285962 0.0607834
    outer loop
      vertex -9.29658 5.44957 11.1097
      vertex -9.39633 13.0311 48.3472
      vertex -9.39633 5.13042 11.1776
    endloop
  endfacet
  facet normal 0.981624 -0.186655 0.0396747
    outer loop
      vertex -9.6265 12.0559 48.5545
      vertex -9.56139 4.48287 11.3152
      vertex -9.56139 12.3835 48.4848
    endloop
  endfacet
  facet normal 0.981625 -0.18665 0.0396736
    outer loop
      vertex -9.56139 4.48287 11.3152
      vertex -9.6265 12.0559 48.5545
      vertex -9.6265 4.15526 11.3849
    endloop
  endfacet
  facet normal 0.996193 -0.0852746 0.0181256
    outer loop
      vertex -9.75119 11.0626 48.7656
      vertex -9.72145 3.49438 11.5253
      vertex -9.72145 11.395 48.6949
    endloop
  endfacet
  facet normal 0.996194 -0.0852575 0.0181222
    outer loop
      vertex -9.72145 3.49438 11.5253
      vertex -9.75119 11.0626 48.7656
      vertex -9.75119 3.16191 11.596
    endloop
  endfacet
  facet normal 0.655999 -0.738269 0.156924
    outer loop
      vertex -6.54075 9.60044 10.2275
      vertex -6.28325 17.72 47.3505
      vertex -6.54075 17.5011 47.3971
    endloop
  endfacet
  facet normal 0.65608 -0.738199 0.156908
    outer loop
      vertex -6.28325 17.72 47.3505
      vertex -6.54075 9.60044 10.2275
      vertex -6.28325 9.81939 10.1809
    endloop
  endfacet
  facet normal 0.390718 -0.900395 0.191386
    outer loop
      vertex -3.97585 11.2297 9.88114
      vertex -3.66178 19.2608 47.023
      vertex -3.97585 19.1304 47.0507
    endloop
  endfacet
  facet normal 0.390729 -0.90039 0.191385
    outer loop
      vertex -3.66178 19.2608 47.023
      vertex -3.97585 11.2297 9.88114
      vertex -3.66178 11.3601 9.85342
    endloop
  endfacet
  facet normal 0.422757 -0.88644 0.188418
    outer loop
      vertex -4.28508 11.0887 9.91112
      vertex -3.97585 19.1304 47.0507
      vertex -4.28508 18.9893 47.0807
    endloop
  endfacet
  facet normal 0.422512 -0.886551 0.188444
    outer loop
      vertex -3.97585 19.1304 47.0507
      vertex -4.28508 11.0887 9.91112
      vertex -3.97585 11.2297 9.88114
    endloop
  endfacet
  facet normal 0.484809 -0.855507 0.181845
    outer loop
      vertex -4.8875 10.7753 9.97772
      vertex -4.58908 18.8378 47.1129
      vertex -4.8875 18.676 47.1473
    endloop
  endfacet
  facet normal 0.484809 -0.855507 0.181845
    outer loop
      vertex -4.58908 18.8378 47.1129
      vertex -4.8875 10.7753 9.97772
      vertex -4.58908 10.9371 9.94332
    endloop
  endfacet
  facet normal 0.54469 -0.820312 0.174362
    outer loop
      vertex -5.46611 10.4217 10.0529
      vertex -5.17996 18.5041 47.1839
      vertex -5.46611 18.3223 47.2225
    endloop
  endfacet
  facet normal 0.54469 -0.820312 0.174362
    outer loop
      vertex -5.17996 18.5041 47.1839
      vertex -5.46611 10.4217 10.0529
      vertex -5.17996 10.6035 10.0143
    endloop
  endfacet
  facet normal 0.358356 -0.913184 0.194105
    outer loop
      vertex -3.66178 11.3601 9.85342
      vertex -3.34325 19.3804 46.9976
      vertex -3.66178 19.2608 47.023
    endloop
  endfacet
  facet normal 0.358366 -0.91318 0.194104
    outer loop
      vertex -3.34325 19.3804 46.9976
      vertex -3.66178 11.3601 9.85342
      vertex -3.34325 11.4797 9.828
    endloop
  endfacet
  facet normal 0.224714 -0.953131 0.202596
    outer loop
      vertex -2.36479 11.7723 9.7658
      vertex -2.03234 19.748 46.9195
      vertex -2.36479 19.673 46.9354
    endloop
  endfacet
  facet normal 0.225015 -0.953064 0.202579
    outer loop
      vertex -2.03234 19.748 46.9195
      vertex -2.36479 11.7723 9.7658
      vertex -2.03234 11.8474 9.74985
    endloop
  endfacet
  facet normal 0.2589 -0.944797 0.200824
    outer loop
      vertex -2.69436 11.6859 9.78416
      vertex -2.36479 19.673 46.9354
      vertex -2.69436 19.5866 46.9538
    endloop
  endfacet
  facet normal 0.258877 -0.944803 0.200825
    outer loop
      vertex -2.36479 19.673 46.9354
      vertex -2.69436 11.6859 9.78416
      vertex -2.36479 11.7723 9.7658
    endloop
  endfacet
  facet normal 0.190899 -0.960159 0.204087
    outer loop
      vertex -2.03234 19.748 46.9195
      vertex -1.69741 17.7511 37.2115
      vertex -1.69741 19.8117 46.9059
    endloop
  endfacet
  facet normal 0.0291123 -0.978879 0.202356
    outer loop
      vertex -2.03234 19.748 46.9195
      vertex -1.69754 17.7506 37.2091
      vertex -1.69741 17.7511 37.2115
    endloop
  endfacet
  facet normal 0.215916 -0.954893 0.203863
    outer loop
      vertex -2.03234 19.748 46.9195
      vertex -1.69896 17.7446 37.1825
      vertex -1.69754 17.7506 37.2091
    endloop
  endfacet
  facet normal 0.180126 -0.962226 0.204146
    outer loop
      vertex -2.03234 19.748 46.9195
      vertex -1.7 17.7321 37.1245
      vertex -1.69896 17.7446 37.1825
    endloop
  endfacet
  facet normal 0.169442 -0.964157 0.204181
    outer loop
      vertex -2.03234 19.748 46.9195
      vertex -1.69896 17.72 37.0665
      vertex -1.7 17.7321 37.1245
    endloop
  endfacet
  facet normal 0.190963 -0.960147 0.204084
    outer loop
      vertex -2.03234 11.8474 9.74985
      vertex -1.69896 17.72 37.0665
      vertex -2.03234 19.748 46.9195
    endloop
  endfacet
  facet normal 0.17979 -0.96218 0.204658
    outer loop
      vertex -2.03234 11.8474 9.74985
      vertex -1.69741 17.7141 37.0374
      vertex -1.69896 17.72 37.0665
    endloop
  endfacet
  facet normal 0.190864 -0.960166 0.204089
    outer loop
      vertex -1.69741 17.7141 37.0374
      vertex -2.03234 11.8474 9.74985
      vertex -1.69741 11.9111 9.73631
    endloop
  endfacet
  facet normal 0.994455 -0.0411042 0.0967937
    outer loop
      vertex -1.69586 17.7082 37.0084
      vertex -1.69069 17.6967 36.9504
      vertex -1.69306 17.702 36.977
    endloop
  endfacet
  facet normal 0.894693 -0.374145 0.244007
    outer loop
      vertex -1.67417 17.6748 36.8349
      vertex -1.66285 17.6645 36.7776
      vertex -1.66899 17.6701 36.8087
    endloop
  endfacet
  facet normal -0.956465 -0.0505489 -0.287435
    outer loop
      vertex -1.63414 17.645 36.664
      vertex -1.6168 17.6359 36.6079
      vertex -1.62474 17.64 36.6336
    endloop
  endfacet
  facet normal -0.887314 -0.388852 -0.247926
    outer loop
      vertex -1.6168 17.6359 36.6079
      vertex -1.59748 17.6272 36.5524
      vertex -1.60795 17.6319 36.5825
    endloop
  endfacet
  facet normal 0.904826 -0.00571469 0.425744
    outer loop
      vertex -1.55303 17.6112 36.4433
      vertex -1.52795 17.6039 36.3899
      vertex -1.54157 17.6079 36.4189
    endloop
  endfacet
  facet normal 0.858451 0.251355 0.447082
    outer loop
      vertex -1.50101 17.5971 36.3373
      vertex -1.47224 17.5908 36.2856
      vertex -1.48538 17.5937 36.3092
    endloop
  endfacet
  facet normal 0.164404 -0.964838 0.205082
    outer loop
      vertex -1.69741 11.9111 9.73631
      vertex -1.69586 17.7082 37.0084
      vertex -1.69741 17.7141 37.0374
    endloop
  endfacet
  facet normal 0.154815 -0.966355 0.205405
    outer loop
      vertex -1.69741 11.9111 9.73631
      vertex -1.69069 17.6967 36.9504
      vertex -1.69586 17.7082 37.0084
    endloop
  endfacet
  facet normal 0.160811 -0.965418 0.205204
    outer loop
      vertex -1.69741 11.9111 9.73631
      vertex -1.68677 17.6907 36.9191
      vertex -1.69069 17.6967 36.9504
    endloop
  endfacet
  facet normal 0.155521 -0.966246 0.205382
    outer loop
      vertex -1.69741 11.9111 9.73631
      vertex -1.68346 17.6856 36.8926
      vertex -1.68677 17.6907 36.9191
    endloop
  endfacet
  facet normal 0.143816 -0.967978 0.205756
    outer loop
      vertex -1.69741 11.9111 9.73631
      vertex -1.6792 17.6806 36.8661
      vertex -1.68346 17.6856 36.8926
    endloop
  endfacet
  facet normal 0.159645 -0.965603 0.205241
    outer loop
      vertex -1.69741 11.9111 9.73631
      vertex -1.67417 17.6748 36.8349
      vertex -1.6792 17.6806 36.8661
    endloop
  endfacet
  facet normal 0.16028 -0.965503 0.205219
    outer loop
      vertex -1.69741 11.9111 9.73631
      vertex -1.66285 17.6645 36.7776
      vertex -1.67417 17.6748 36.8349
    endloop
  endfacet
  facet normal 0.153206 -0.966599 0.205461
    outer loop
      vertex -1.69741 11.9111 9.73631
      vertex -1.6495 17.6545 36.7206
      vertex -1.66285 17.6645 36.7776
    endloop
  endfacet
  facet normal 0.159083 -0.965692 0.205258
    outer loop
      vertex -1.69741 11.9111 9.73631
      vertex -1.63414 17.645 36.664
      vertex -1.6495 17.6545 36.7206
    endloop
  endfacet
  facet normal 0.157334 -0.965966 0.20532
    outer loop
      vertex -1.69741 11.9111 9.73631
      vertex -1.6168 17.6359 36.6079
      vertex -1.63414 17.645 36.664
    endloop
  endfacet
  facet normal 0.154914 -0.966338 0.205407
    outer loop
      vertex -1.69741 11.9111 9.73631
      vertex -1.59748 17.6272 36.5524
      vertex -1.6168 17.6359 36.6079
    endloop
  endfacet
  facet normal 0.157541 -0.965934 0.205311
    outer loop
      vertex -1.69741 11.9111 9.73631
      vertex -1.57621 17.619 36.4975
      vertex -1.59748 17.6272 36.5524
    endloop
  endfacet
  facet normal 0.155115 -0.966307 0.205401
    outer loop
      vertex -1.69741 11.9111 9.73631
      vertex -1.55303 17.6112 36.4433
      vertex -1.57621 17.619 36.4975
    endloop
  endfacet
  facet normal 0.156042 -0.966165 0.205366
    outer loop
      vertex -1.69741 11.9111 9.73631
      vertex -1.52795 17.6039 36.3899
      vertex -1.55303 17.6112 36.4433
    endloop
  endfacet
  facet normal 0.157064 -0.966008 0.205326
    outer loop
      vertex -1.69741 11.9111 9.73631
      vertex -1.50101 17.5971 36.3373
      vertex -1.52795 17.6039 36.3899
    endloop
  endfacet
  facet normal 0.157424 -0.965953 0.205312
    outer loop
      vertex -1.69741 11.9111 9.73631
      vertex -1.47224 17.5908 36.2856
      vertex -1.50101 17.5971 36.3373
    endloop
  endfacet
  facet normal 0.155149 -0.966301 0.205405
    outer loop
      vertex -1.69741 11.9111 9.73631
      vertex -1.45563 17.5876 36.258
      vertex -1.47224 17.5908 36.2856
    endloop
  endfacet
  facet normal 0.154602 -0.966384 0.205428
    outer loop
      vertex -1.69741 11.9111 9.73631
      vertex -1.44168 17.5849 36.2348
      vertex -1.45563 17.5876 36.258
    endloop
  endfacet
  facet normal 0.157506 -0.965941 0.205305
    outer loop
      vertex -1.69741 11.9111 9.73631
      vertex -1.42694 17.5825 36.2122
      vertex -1.44168 17.5849 36.2348
    endloop
  endfacet
  facet normal 0.157156 -0.965995 0.20532
    outer loop
      vertex -1.69741 11.9111 9.73631
      vertex -1.40936 17.5796 36.1851
      vertex -1.42694 17.5825 36.2122
    endloop
  endfacet
  facet normal 0.154831 -0.966348 0.205421
    outer loop
      vertex -1.69741 11.9111 9.73631
      vertex -1.37533 17.5747 36.1364
      vertex -1.40936 17.5796 36.1851
    endloop
  endfacet
  facet normal 0.15608 -0.966159 0.205366
    outer loop
      vertex -1.69741 11.9111 9.73631
      vertex -1.36042 17.5729 36.1166
      vertex -1.37533 17.5747 36.1364
    endloop
  endfacet
  facet normal 0.156415 -0.966108 0.20535
    outer loop
      vertex -1.36042 17.5729 36.1166
      vertex -1.69741 11.9111 9.73631
      vertex -1.36042 11.9633 9.72521
    endloop
  endfacet
  facet normal 0.156415 -0.966109 0.205348
    outer loop
      vertex -1.69741 19.8117 46.9059
      vertex -1.36042 17.9967 38.1101
      vertex -1.36042 19.8639 46.8948
    endloop
  endfacet
  facet normal 0.154537 -0.966413 0.205339
    outer loop
      vertex -1.69741 19.8117 46.9059
      vertex -1.37533 17.9903 38.0912
      vertex -1.36042 17.9967 38.1101
    endloop
  endfacet
  facet normal 0.157159 -0.965988 0.205347
    outer loop
      vertex -1.69741 19.8117 46.9059
      vertex -1.40936 17.9749 38.0448
      vertex -1.37533 17.9903 38.0912
    endloop
  endfacet
  facet normal 0.157802 -0.965884 0.205346
    outer loop
      vertex -1.69741 19.8117 46.9059
      vertex -1.44168 17.9595 37.9972
      vertex -1.40936 17.9749 38.0448
    endloop
  endfacet
  facet normal 0.156437 -0.966104 0.205353
    outer loop
      vertex -1.69741 19.8117 46.9059
      vertex -1.47224 17.9442 37.9485
      vertex -1.44168 17.9595 37.9972
    endloop
  endfacet
  facet normal 0.154391 -0.96643 0.205369
    outer loop
      vertex -1.69741 19.8117 46.9059
      vertex -1.50101 17.929 37.8986
      vertex -1.47224 17.9442 37.9485
    endloop
  endfacet
  facet normal 0.16198 -0.965206 0.205279
    outer loop
      vertex -1.69741 19.8117 46.9059
      vertex -1.51332 17.922 37.8754
      vertex -1.50101 17.929 37.8986
    endloop
  endfacet
  facet normal 0.15423 -0.966453 0.205382
    outer loop
      vertex -1.69741 19.8117 46.9059
      vertex -1.52795 17.9138 37.8478
      vertex -1.51332 17.922 37.8754
    endloop
  endfacet
  facet normal 0.157888 -0.965874 0.205329
    outer loop
      vertex -1.69741 19.8117 46.9059
      vertex -1.54157 17.9056 37.8197
      vertex -1.52795 17.9138 37.8478
    endloop
  endfacet
  facet normal 0.156972 -0.96602 0.205344
    outer loop
      vertex -1.69741 19.8117 46.9059
      vertex -1.55303 17.8987 37.796
      vertex -1.54157 17.9056 37.8197
    endloop
  endfacet
  facet normal 0.155104 -0.966314 0.205376
    outer loop
      vertex -1.69741 19.8117 46.9059
      vertex -1.57621 17.8838 37.7434
      vertex -1.55303 17.8987 37.796
    endloop
  endfacet
  facet normal 0.158019 -0.965854 0.205318
    outer loop
      vertex -1.69741 19.8117 46.9059
      vertex -1.58594 17.877 37.7189
      vertex -1.57621 17.8838 37.7434
    endloop
  endfacet
  facet normal 0.153842 -0.96651 0.205405
    outer loop
      vertex -1.69741 19.8117 46.9059
      vertex -1.59748 17.869 37.6899
      vertex -1.58594 17.877 37.7189
    endloop
  endfacet
  facet normal 0.161287 -0.965331 0.205237
    outer loop
      vertex -1.69741 19.8117 46.9059
      vertex -1.60795 17.861 37.6605
      vertex -1.59748 17.869 37.6899
    endloop
  endfacet
  facet normal 0.153768 -0.96652 0.205415
    outer loop
      vertex -1.69741 19.8117 46.9059
      vertex -1.6168 17.8543 37.6356
      vertex -1.60795 17.861 37.6605
    endloop
  endfacet
  facet normal 0.157649 -0.965914 0.205321
    outer loop
      vertex -1.69741 19.8117 46.9059
      vertex -1.63414 17.8398 37.5807
      vertex -1.6168 17.8543 37.6356
    endloop
  endfacet
  facet normal 0.151345 -0.966887 0.205484
    outer loop
      vertex -1.69741 19.8117 46.9059
      vertex -1.64118 17.8333 37.5553
      vertex -1.63414 17.8398 37.5807
    endloop
  endfacet
  facet normal 0.160164 -0.965516 0.205247
    outer loop
      vertex -1.69741 19.8117 46.9059
      vertex -1.6495 17.8255 37.5251
      vertex -1.64118 17.8333 37.5553
    endloop
  endfacet
  facet normal 0.157392 -0.965955 0.205326
    outer loop
      vertex -1.69741 19.8117 46.9059
      vertex -1.66285 17.8114 37.469
      vertex -1.6495 17.8255 37.5251
    endloop
  endfacet
  facet normal 0.15666 -0.966069 0.205347
    outer loop
      vertex -1.69741 19.8117 46.9059
      vertex -1.66899 17.8039 37.4384
      vertex -1.66285 17.8114 37.469
    endloop
  endfacet
  facet normal 0.1447 -0.96786 0.205691
    outer loop
      vertex -1.69741 19.8117 46.9059
      vertex -1.67417 17.7976 37.4124
      vertex -1.66899 17.8039 37.4384
    endloop
  endfacet
  facet normal 0.154462 -0.966411 0.205408
    outer loop
      vertex -1.69741 19.8117 46.9059
      vertex -1.68346 17.784 37.3554
      vertex -1.67417 17.7976 37.4124
    endloop
  endfacet
  facet normal 0.160159 -0.965521 0.205227
    outer loop
      vertex -1.69741 19.8117 46.9059
      vertex -1.69069 17.7706 37.298
      vertex -1.68346 17.784 37.3554
    endloop
  endfacet
  facet normal 0.158345 -0.965808 0.205287
    outer loop
      vertex -1.69741 19.8117 46.9059
      vertex -1.69306 17.7646 37.2716
      vertex -1.69069 17.7706 37.298
    endloop
  endfacet
  facet normal 0.161434 -0.965318 0.205184
    outer loop
      vertex -1.69741 19.8117 46.9059
      vertex -1.69586 17.7575 37.2404
      vertex -1.69306 17.7646 37.2716
    endloop
  endfacet
  facet normal 0.160177 -0.965518 0.205226
    outer loop
      vertex -1.69586 17.7575 37.2404
      vertex -1.69741 19.8117 46.9059
      vertex -1.69741 17.7511 37.2115
    endloop
  endfacet
  facet normal 0.387801 0.214021 0.896552
    outer loop
      vertex -0.68187 17.5308 35.5754
      vertex -0.63683 17.5292 35.5563
      vertex -0.666798 17.5303 35.569
    endloop
  endfacet
  facet normal 0.0533452 -0.976755 0.207616
    outer loop
      vertex -0.68187 12.033 9.71039
      vertex -0.63683 17.5292 35.5563
      vertex -0.68187 17.5308 35.5754
    endloop
  endfacet
  facet normal 0.0519963 -0.976824 0.207634
    outer loop
      vertex -0.68187 12.033 9.71039
      vertex -0.581433 17.5276 35.5349
      vertex -0.63683 17.5292 35.5563
    endloop
  endfacet
  facet normal 0.0516453 -0.976841 0.207639
    outer loop
      vertex -0.68187 12.033 9.71039
      vertex -0.525329 17.5264 35.5153
      vertex -0.581433 17.5276 35.5349
    endloop
  endfacet
  facet normal 0.0519825 -0.976825 0.207633
    outer loop
      vertex -0.68187 12.033 9.71039
      vertex -0.468583 17.5257 35.4978
      vertex -0.525329 17.5264 35.5153
    endloop
  endfacet
  facet normal 0.053458 -0.976751 0.207605
    outer loop
      vertex -0.68187 12.033 9.71039
      vertex -0.411266 17.5255 35.4821
      vertex -0.468583 17.5257 35.4978
    endloop
  endfacet
  facet normal 0.0525772 -0.976795 0.207624
    outer loop
      vertex -0.68187 12.033 9.71039
      vertex -0.35345 17.5257 35.4684
      vertex -0.411266 17.5255 35.4821
    endloop
  endfacet
  facet normal 0.0484418 -0.976989 0.207718
    outer loop
      vertex -0.68187 12.033 9.71039
      vertex -0.341142 17.5258 35.466
      vertex -0.35345 17.5257 35.4684
    endloop
  endfacet
  facet normal 0.052436 -0.976802 0.207625
    outer loop
      vertex -0.341142 17.5258 35.466
      vertex -0.68187 12.033 9.71039
      vertex -0.341142 12.0505 9.70667
    endloop
  endfacet
  facet normal 0.0524238 -0.976802 0.207627
    outer loop
      vertex -0.68187 19.9337 46.88
      vertex -0.341142 18.2183 38.7237
      vertex -0.341142 19.9512 46.8763
    endloop
  endfacet
  facet normal 0.0580602 -0.976449 0.207788
    outer loop
      vertex -0.68187 19.9337 46.88
      vertex -0.35345 18.2171 38.7215
      vertex -0.341142 18.2183 38.7237
    endloop
  endfacet
  facet normal 0.0502459 -0.976928 0.207574
    outer loop
      vertex -0.68187 19.9337 46.88
      vertex -0.385218 18.214 38.7146
      vertex -0.35345 18.2171 38.7215
    endloop
  endfacet
  facet normal 0.0528582 -0.976777 0.207638
    outer loop
      vertex -0.68187 19.9337 46.88
      vertex -0.411266 18.2114 38.709
      vertex -0.385218 18.214 38.7146
    endloop
  endfacet
  facet normal 0.0518005 -0.976838 0.207615
    outer loop
      vertex -0.68187 19.9337 46.88
      vertex -0.468583 18.2053 38.6946
      vertex -0.411266 18.2114 38.709
    endloop
  endfacet
  facet normal 0.0552677 -0.976638 0.207663
    outer loop
      vertex -0.68187 19.9337 46.88
      vertex -0.494167 18.2023 38.6873
      vertex -0.468583 18.2053 38.6946
    endloop
  endfacet
  facet normal 0.0528738 -0.976776 0.207638
    outer loop
      vertex -0.68187 19.9337 46.88
      vertex -0.525329 18.1987 38.6783
      vertex -0.494167 18.2023 38.6873
    endloop
  endfacet
  facet normal 0.0515695 -0.976848 0.207628
    outer loop
      vertex -0.68187 19.9337 46.88
      vertex -0.550633 18.1956 38.67
      vertex -0.525329 18.1987 38.6783
    endloop
  endfacet
  facet normal 0.0499497 -0.976933 0.20762
    outer loop
      vertex -0.68187 19.9337 46.88
      vertex -0.581433 18.1919 38.66
      vertex -0.550633 18.1956 38.67
    endloop
  endfacet
  facet normal 0.0527114 -0.976788 0.207623
    outer loop
      vertex -0.68187 19.9337 46.88
      vertex -0.611835 18.1879 38.6489
      vertex -0.581433 18.1919 38.66
    endloop
  endfacet
  facet normal 0.0533678 -0.976752 0.207621
    outer loop
      vertex -0.68187 19.9337 46.88
      vertex -0.63683 18.1846 38.6398
      vertex -0.611835 18.1879 38.6489
    endloop
  endfacet
  facet normal 0.0505026 -0.976901 0.207637
    outer loop
      vertex -0.68187 19.9337 46.88
      vertex -0.661484 18.1812 38.6298
      vertex -0.63683 18.1846 38.6398
    endloop
  endfacet
  facet normal 0.0554297 -0.976643 0.207595
    outer loop
      vertex -0.661484 18.1812 38.6298
      vertex -0.68187 19.9337 46.88
      vertex -0.68187 18.1783 38.6216
    endloop
  endfacet
  facet normal -0.707091 0.69167 -0.147019
    outer loop
      vertex 7.03155 -4.14696 13.1496
      vertex 6.79029 3.51769 50.3693
      vertex 7.03155 3.75368 50.3192
    endloop
  endfacet
  facet normal -0.707091 0.69167 -0.147019
    outer loop
      vertex 6.79029 3.51769 50.3693
      vertex 7.03155 -4.14696 13.1496
      vertex 6.79029 -4.38295 13.1997
    endloop
  endfacet
  facet normal -0.573592 0.801241 -0.170309
    outer loop
      vertex 5.7456 2.66026 50.5516
      vertex 5.46611 -5.43181 13.4227
      vertex 5.46611 2.46883 50.5923
    endloop
  endfacet
  facet normal -0.573573 0.801254 -0.170312
    outer loop
      vertex 5.46611 -5.43181 13.4227
      vertex 5.7456 2.66026 50.5516
      vertex 5.7456 -5.24039 13.382
    endloop
  endfacet
  facet normal -0.422616 0.886504 -0.188432
    outer loop
      vertex 4.28508 1.80186 50.734
      vertex 3.97585 -6.23983 13.5944
      vertex 3.97585 1.66082 50.764
    endloop
  endfacet
  facet normal -0.422639 0.886493 -0.18843
    outer loop
      vertex 3.97585 -6.23983 13.5944
      vertex 4.28508 1.80186 50.734
      vertex 4.28508 -6.09878 13.5644
    endloop
  endfacet
  facet normal -0.515006 0.838455 -0.178219
    outer loop
      vertex 5.17996 2.28706 50.6309
      vertex 4.8875 -5.78547 13.4978
      vertex 4.8875 2.11518 50.6674
    endloop
  endfacet
  facet normal -0.515027 0.838443 -0.178216
    outer loop
      vertex 4.8875 -5.78547 13.4978
      vertex 5.17996 2.28706 50.6309
      vertex 5.17996 -5.61358 13.4613
    endloop
  endfacet
  facet normal -0.819169 0.561018 -0.119248
    outer loop
      vertex 8.10384 -2.85172 12.8742
      vertex 7.90814 4.77554 50.102
      vertex 8.10384 5.04892 50.0438
    endloop
  endfacet
  facet normal -0.819159 0.561033 -0.119251
    outer loop
      vertex 7.90814 4.77554 50.102
      vertex 8.10384 -2.85172 12.8742
      vertex 7.90814 -3.12511 12.9323
    endloop
  endfacet
  facet normal -0.731364 0.667084 -0.141793
    outer loop
      vertex 7.26424 -3.90288 13.0977
      vertex 7.03155 3.75368 50.3192
      vertex 7.26424 3.99776 50.2673
    endloop
  endfacet
  facet normal -0.731364 0.667084 -0.141793
    outer loop
      vertex 7.03155 3.75368 50.3192
      vertex 7.26424 -3.90288 13.0977
      vertex 7.03155 -4.14696 13.1496
    endloop
  endfacet
  facet normal -0.933584 0.350526 -0.0745067
    outer loop
      vertex 9.18549 -0.775248 12.4329
      vertex 9.06322 6.81382 49.6687
      vertex 9.18549 7.1254 49.6025
    endloop
  endfacet
  facet normal -0.933582 0.350534 -0.0745083
    outer loop
      vertex 9.06322 6.81382 49.6687
      vertex 9.18549 -0.775248 12.4329
      vertex 9.06322 -1.08682 12.4991
    endloop
  endfacet
  facet normal -0.945511 0.318474 -0.0676938
    outer loop
      vertex 9.29658 -0.459692 12.3658
      vertex 9.18549 7.1254 49.6025
      vertex 9.29658 7.44095 49.5354
    endloop
  endfacet
  facet normal -0.945513 0.318469 -0.0676928
    outer loop
      vertex 9.18549 7.1254 49.6025
      vertex 9.29658 -0.459692 12.3658
      vertex 9.18549 -0.775248 12.4329
    endloop
  endfacet
  facet normal -0.987691 0.153 -0.0325211
    outer loop
      vertex 9.67987 1.16425 12.0206
      vertex 9.6265 8.73527 49.2603
      vertex 9.67987 9.0649 49.1902
    endloop
  endfacet
  facet normal -0.987691 0.153001 -0.0325213
    outer loop
      vertex 9.6265 8.73527 49.2603
      vertex 9.67987 1.16425 12.0206
      vertex 9.6265 0.834622 12.0907
    endloop
  endfacet
  facet normal -0.99863 0.0511745 -0.0108775
    outer loop
      vertex 9.76904 2.16125 11.8087
      vertex 9.75119 9.72862 49.0491
      vertex 9.76904 10.0619 48.9783
    endloop
  endfacet
  facet normal -0.99863 0.0511745 -0.0108775
    outer loop
      vertex 9.75119 9.72862 49.0491
      vertex 9.76904 2.16125 11.8087
      vertex 9.75119 1.82797 11.8795
    endloop
  endfacet
  facet normal 0.156437 0.966105 -0.205352
    outer loop
      vertex -1.36042 -6.9734 13.7503
      vertex -1.69741 0.979451 50.9088
      vertex -1.36042 0.927243 50.9199
    endloop
  endfacet
  facet normal 0.156443 0.966104 -0.205352
    outer loop
      vertex -1.69741 0.979451 50.9088
      vertex -1.36042 -6.9734 13.7503
      vertex -1.69741 -6.92119 13.7392
    endloop
  endfacet
  facet normal 0.629341 0.760147 -0.161574
    outer loop
      vertex -6.01809 -5.03954 13.3393
      vertex -6.28325 3.07113 50.4642
      vertex -6.01809 2.8611 50.5089
    endloop
  endfacet
  facet normal 0.629341 0.760147 -0.161574
    outer loop
      vertex -6.28325 3.07113 50.4642
      vertex -6.01809 -5.03954 13.3393
      vertex -6.28325 -4.82951 13.2946
    endloop
  endfacet
  facet normal 0.484809 0.855508 -0.181844
    outer loop
      vertex -4.58908 -5.94727 13.5322
      vertex -4.8875 2.11518 50.6674
      vertex -4.58908 1.95338 50.7018
    endloop
  endfacet
  facet normal 0.484809 0.855508 -0.181844
    outer loop
      vertex -4.8875 2.11518 50.6674
      vertex -4.58908 -5.94727 13.5322
      vertex -4.8875 -5.78547 13.4978
    endloop
  endfacet
  facet normal 0.422616 0.886504 -0.188432
    outer loop
      vertex -3.97585 -6.23983 13.5944
      vertex -4.28508 1.80186 50.734
      vertex -3.97585 1.66082 50.764
    endloop
  endfacet
  facet normal 0.422639 0.886493 -0.18843
    outer loop
      vertex -4.28508 1.80186 50.734
      vertex -3.97585 -6.23983 13.5944
      vertex -4.28508 -6.09878 13.5644
    endloop
  endfacet
  facet normal 0.544629 0.82035 -0.174371
    outer loop
      vertex -5.17996 -5.61358 13.4613
      vertex -5.46611 2.46883 50.5923
      vertex -5.17996 2.28706 50.6309
    endloop
  endfacet
  facet normal 0.544629 0.82035 -0.174371
    outer loop
      vertex -5.46611 2.46883 50.5923
      vertex -5.17996 -5.61358 13.4613
      vertex -5.46611 -5.43181 13.4227
    endloop
  endfacet
  facet normal 0.358409 0.913164 -0.194099
    outer loop
      vertex -3.34325 -6.48983 13.6475
      vertex -3.66178 1.53042 50.7917
      vertex -3.34325 1.41082 50.8172
    endloop
  endfacet
  facet normal 0.358356 0.913184 -0.194103
    outer loop
      vertex -3.66178 1.53042 50.7917
      vertex -3.34325 -6.48983 13.6475
      vertex -3.66178 -6.37023 13.6221
    endloop
  endfacet
  facet normal 0.224989 0.953069 -0.202581
    outer loop
      vertex -2.03234 -6.85751 13.7257
      vertex -2.36479 1.11821 50.8793
      vertex -2.03234 1.04313 50.8953
    endloop
  endfacet
  facet normal 0.224962 0.953075 -0.202583
    outer loop
      vertex -2.36479 1.11821 50.8793
      vertex -2.03234 -6.85751 13.7257
      vertex -2.36479 -6.78244 13.7097
    endloop
  endfacet
  facet normal 0.292421 0.935392 -0.198824
    outer loop
      vertex -2.69436 -6.69606 13.6914
      vertex -3.02064 1.30216 50.8402
      vertex -2.69436 1.20458 50.861
    endloop
  endfacet
  facet normal 0.292421 0.935392 -0.198824
    outer loop
      vertex -3.02064 1.30216 50.8402
      vertex -2.69436 -6.69606 13.6914
      vertex -3.02064 -6.59848 13.6706
    endloop
  endfacet
  facet normal 0.190782 0.960181 -0.204093
    outer loop
      vertex -1.69741 -6.92119 13.7392
      vertex -2.03234 1.04313 50.8953
      vertex -1.69741 0.979451 50.9088
    endloop
  endfacet
  facet normal 0.190785 0.960181 -0.204093
    outer loop
      vertex -2.03234 1.04313 50.8953
      vertex -1.69741 -6.92119 13.7392
      vertex -2.03234 -6.85751 13.7257
    endloop
  endfacet
  facet normal 0.0871674 0.974424 -0.20712
    outer loop
      vertex -0.68187 -7.04316 13.7652
      vertex -1.02177 0.886571 50.9286
      vertex -0.68187 0.857483 50.9348
    endloop
  endfacet
  facet normal 0.0871731 0.974424 -0.20712
    outer loop
      vertex -1.02177 0.886571 50.9286
      vertex -0.68187 -7.04316 13.7652
      vertex -1.02177 -7.01407 13.759
    endloop
  endfacet
  facet normal 0.819169 0.561018 -0.119248
    outer loop
      vertex -7.90814 4.77554 50.102
      vertex -8.10384 -2.85172 12.8742
      vertex -8.10384 5.04892 50.0438
    endloop
  endfacet
  facet normal 0.819159 0.561033 -0.119251
    outer loop
      vertex -8.10384 -2.85172 12.8742
      vertex -7.90814 4.77554 50.102
      vertex -7.90814 -3.12511 12.9323
    endloop
  endfacet
  facet normal 0.906303 0.413393 -0.0878694
    outer loop
      vertex -8.78571 6.20415 49.7983
      vertex -8.92991 -1.39403 12.5644
      vertex -8.92991 6.50662 49.734
    endloop
  endfacet
  facet normal 0.906303 0.413393 -0.0878694
    outer loop
      vertex -8.92991 -1.39403 12.5644
      vertex -8.78571 6.20415 49.7983
      vertex -8.78571 -1.6965 12.6287
    endloop
  endfacet
  facet normal 0.838653 0.532763 -0.113242
    outer loop
      vertex -8.10384 5.04892 50.0438
      vertex -8.28967 -2.57183 12.8147
      vertex -8.28967 5.32882 49.9844
    endloop
  endfacet
  facet normal 0.838663 0.532749 -0.113239
    outer loop
      vertex -8.28967 -2.57183 12.8147
      vertex -8.10384 5.04892 50.0438
      vertex -8.10384 -2.85172 12.8742
    endloop
  endfacet
  facet normal 0.874616 0.474222 -0.100799
    outer loop
      vertex -8.4654 5.61489 49.9235
      vertex -8.63081 -1.99386 12.6919
      vertex -8.63081 5.90678 49.8615
    endloop
  endfacet
  facet normal 0.874623 0.47421 -0.100797
    outer loop
      vertex -8.63081 -1.99386 12.6919
      vertex -8.4654 5.61489 49.9235
      vertex -8.4654 -2.28576 12.7539
    endloop
  endfacet
  facet normal 0.974372 0.220029 -0.0467687
    outer loop
      vertex -9.48464 8.08247 49.399
      vertex -9.56139 0.507015 12.1603
      vertex -9.56139 8.40766 49.3299
    endloop
  endfacet
  facet normal 0.974371 0.220032 -0.0467693
    outer loop
      vertex -9.56139 0.507015 12.1603
      vertex -9.48464 8.08247 49.399
      vertex -9.48464 0.18183 12.2294
    endloop
  endfacet
  facet normal 0.956308 0.285971 -0.0607851
    outer loop
      vertex -9.29658 7.44095 49.5354
      vertex -9.39633 -0.140537 12.298
      vertex -9.39633 7.76011 49.4676
    endloop
  endfacet
  facet normal 0.956307 0.285975 -0.0607859
    outer loop
      vertex -9.39633 -0.140537 12.298
      vertex -9.29658 7.44095 49.5354
      vertex -9.29658 -0.459692 12.3658
    endloop
  endfacet
  facet normal -0.00820555 0.207966 0.978102
    outer loop
      vertex 9.76904 2.82863 11.6668
      vertex 9.76904 2.16125 11.8087
      vertex 9.775 2.49494 11.7378
    endloop
  endfacet
  facet normal 0.00344262 0.207972 0.978129
    outer loop
      vertex 9.75119 3.16191 11.596
      vertex 9.76904 2.16125 11.8087
      vertex 9.76904 2.82863 11.6668
    endloop
  endfacet
  facet normal -0.00172241 0.207885 0.978152
    outer loop
      vertex 9.75119 3.16191 11.596
      vertex 9.75119 1.82797 11.8795
      vertex 9.76904 2.16125 11.8087
    endloop
  endfacet
  facet normal -0.00133916 0.207885 0.978152
    outer loop
      vertex 9.72145 3.49438 11.5253
      vertex 9.75119 1.82797 11.8795
      vertex 9.75119 3.16191 11.596
    endloop
  endfacet
  facet normal 0.000893674 0.207923 0.978145
    outer loop
      vertex 9.72145 3.49438 11.5253
      vertex 9.72145 1.4955 11.9502
      vertex 9.75119 1.82797 11.8795
    endloop
  endfacet
  facet normal 0.00031744 0.207923 0.978145
    outer loop
      vertex 9.67987 3.82563 11.4549
      vertex 9.72145 1.4955 11.9502
      vertex 9.72145 3.49438 11.5253
    endloop
  endfacet
  facet normal -0.00023842 0.207914 0.978147
    outer loop
      vertex 9.67987 3.82563 11.4549
      vertex 9.67987 1.16425 12.0206
      vertex 9.72145 1.4955 11.9502
    endloop
  endfacet
  facet normal 0.00120577 0.207914 0.978146
    outer loop
      vertex 9.6265 4.15526 11.3849
      vertex 9.67987 1.16425 12.0206
      vertex 9.67987 3.82563 11.4549
    endloop
  endfacet
  facet normal 0.000691469 0.207905 0.978149
    outer loop
      vertex 9.6265 4.15526 11.3849
      vertex 9.6265 0.834622 12.0907
      vertex 9.67987 1.16425 12.0206
    endloop
  endfacet
  facet normal -0.00100133 0.207905 0.978149
    outer loop
      vertex 9.56139 4.48287 11.3152
      vertex 9.6265 0.834622 12.0907
      vertex 9.6265 4.15526 11.3849
    endloop
  endfacet
  facet normal -0.00053341 0.207913 0.978147
    outer loop
      vertex 9.56139 4.48287 11.3152
      vertex 9.56139 0.507015 12.1603
      vertex 9.6265 0.834622 12.0907
    endloop
  endfacet
  facet normal 0.000250149 0.207913 0.978147
    outer loop
      vertex 9.48464 4.80805 11.2461
      vertex 9.56139 0.507015 12.1603
      vertex 9.56139 4.48287 11.3152
    endloop
  endfacet
  facet normal -0.000227575 0.207905 0.978149
    outer loop
      vertex 9.48464 4.80805 11.2461
      vertex 9.48464 0.18183 12.2294
      vertex 9.56139 0.507015 12.1603
    endloop
  endfacet
  facet normal 0.000216323 0.207905 0.978149
    outer loop
      vertex 9.39633 5.13042 11.1776
      vertex 9.48464 0.18183 12.2294
      vertex 9.48464 4.80805 11.2461
    endloop
  endfacet
  facet normal 0.000856655 0.207916 0.978146
    outer loop
      vertex 9.39633 5.13042 11.1776
      vertex 9.39633 -0.140537 12.298
      vertex 9.48464 0.18183 12.2294
    endloop
  endfacet
  facet normal -0.000599638 0.207916 0.978147
    outer loop
      vertex 9.29658 5.44957 11.1097
      vertex 9.39633 -0.140537 12.298
      vertex 9.39633 5.13042 11.1776
    endloop
  endfacet
  facet normal -0.000402629 0.207919 0.978146
    outer loop
      vertex 9.29658 5.44957 11.1097
      vertex 9.29658 -0.459692 12.3658
      vertex 9.39633 -0.140537 12.298
    endloop
  endfacet
  facet normal 0.000677014 0.207919 0.978146
    outer loop
      vertex 9.18549 5.76513 11.0427
      vertex 9.29658 -0.459692 12.3658
      vertex 9.29658 5.44957 11.1097
    endloop
  endfacet
  facet normal 0.000233457 0.207912 0.978148
    outer loop
      vertex 9.18549 5.76513 11.0427
      vertex 9.18549 -0.775248 12.4329
      vertex 9.29658 -0.459692 12.3658
    endloop
  endfacet
  facet normal -0.000590108 0.207912 0.978147
    outer loop
      vertex 9.06322 6.0767 10.9764
      vertex 9.18549 -0.775248 12.4329
      vertex 9.18549 5.76513 11.0427
    endloop
  endfacet
  facet normal -0.000229672 0.207918 0.978146
    outer loop
      vertex 9.06322 6.0767 10.9764
      vertex 9.06322 -1.08682 12.4991
      vertex 9.18549 -0.775248 12.4329
    endloop
  endfacet
  facet normal 1.10734e-05 0.207918 0.978146
    outer loop
      vertex 8.92991 6.38391 10.9111
      vertex 9.06322 -1.08682 12.4991
      vertex 9.06322 6.0767 10.9764
    endloop
  endfacet
  facet normal -1.01986e-05 0.207917 0.978146
    outer loop
      vertex 8.92991 6.38391 10.9111
      vertex 8.92991 -1.39403 12.5644
      vertex 9.06322 -1.08682 12.4991
    endloop
  endfacet
  facet normal 0.00063656 0.207917 0.978146
    outer loop
      vertex 8.78571 6.68638 10.8469
      vertex 8.92991 -1.39403 12.5644
      vertex 8.92991 6.38391 10.9111
    endloop
  endfacet
  facet normal 6.32279e-05 0.207908 0.978148
    outer loop
      vertex 8.78571 6.68638 10.8469
      vertex 8.78571 -1.6965 12.6287
      vertex 8.92991 -1.39403 12.5644
    endloop
  endfacet
  facet normal -0.000602822 0.207908 0.978148
    outer loop
      vertex 8.63081 6.98374 10.7836
      vertex 8.78571 -1.6965 12.6287
      vertex 8.78571 6.68638 10.8469
    endloop
  endfacet
  facet normal -4.76669e-05 0.207917 0.978146
    outer loop
      vertex 8.63081 6.98374 10.7836
      vertex 8.63081 -1.99386 12.6919
      vertex 8.78571 -1.6965 12.6287
    endloop
  endfacet
  facet normal 0.000277684 0.207917 0.978146
    outer loop
      vertex 8.4654 7.27564 10.7216
      vertex 8.63081 -1.99386 12.6919
      vertex 8.63081 6.98374 10.7836
    endloop
  endfacet
  facet normal -0.00026073 0.207908 0.978148
    outer loop
      vertex 8.4654 7.27564 10.7216
      vertex 8.4654 -2.28576 12.7539
      vertex 8.63081 -1.99386 12.6919
    endloop
  endfacet
  facet normal 2.73269e-05 0.207908 0.978148
    outer loop
      vertex 8.28967 7.56171 10.6608
      vertex 8.4654 -2.28576 12.7539
      vertex 8.4654 7.27564 10.7216
    endloop
  endfacet
  facet normal -2.5784e-05 0.207907 0.978149
    outer loop
      vertex 8.28967 7.56171 10.6608
      vertex 8.28967 -2.57183 12.8147
      vertex 8.4654 -2.28576 12.7539
    endloop
  endfacet
  facet normal -4.70391e-05 0.207907 0.978149
    outer loop
      vertex 8.10384 7.8416 10.6013
      vertex 8.28967 -2.57183 12.8147
      vertex 8.28967 7.56171 10.6608
    endloop
  endfacet
  facet normal 4.45767e-05 0.207909 0.978148
    outer loop
      vertex 8.10384 7.8416 10.6013
      vertex 8.10384 -2.85172 12.8742
      vertex 8.28967 -2.57183 12.8147
    endloop
  endfacet
  facet normal 4.96575e-05 0.207909 0.978148
    outer loop
      vertex 7.90814 8.11499 10.5432
      vertex 8.10384 -2.85172 12.8742
      vertex 8.10384 7.8416 10.6013
    endloop
  endfacet
  facet normal -4.72419e-05 0.207907 0.978149
    outer loop
      vertex 7.90814 8.11499 10.5432
      vertex 7.90814 -3.12511 12.9323
      vertex 8.10384 -2.85172 12.8742
    endloop
  endfacet
  facet normal -0.000231754 0.207907 0.978149
    outer loop
      vertex 7.7028 8.38152 10.4865
      vertex 7.90814 -3.12511 12.9323
      vertex 7.90814 8.11499 10.5432
    endloop
  endfacet
  facet normal 0.00022126 0.207915 0.978147
    outer loop
      vertex 7.7028 8.38152 10.4865
      vertex 7.7028 -3.39164 12.989
      vertex 7.90814 -3.12511 12.9323
    endloop
  endfacet
  facet normal 0.000134377 0.207915 0.978147
    outer loop
      vertex 7.48808 8.64088 10.4314
      vertex 7.7028 -3.39164 12.989
      vertex 7.7028 8.38152 10.4865
    endloop
  endfacet
  facet normal -0.000128706 0.20791 0.978148
    outer loop
      vertex 7.48808 8.64088 10.4314
      vertex 7.48808 -3.651 13.0441
      vertex 7.7028 -3.39164 12.989
    endloop
  endfacet
  facet normal 0.000167549 0.20791 0.978148
    outer loop
      vertex 7.26424 8.89276 10.3779
      vertex 7.48808 -3.651 13.0441
      vertex 7.48808 8.64088 10.4314
    endloop
  endfacet
  facet normal 0.00026743 0.207912 0.978148
    outer loop
      vertex 7.26424 8.89276 10.3779
      vertex 7.26424 -3.90288 13.0977
      vertex 7.48808 -3.651 13.0441
    endloop
  endfacet
  facet normal -8.04656e-05 0.207912 0.978148
    outer loop
      vertex 7.03155 9.13684 10.326
      vertex 7.26424 -3.90288 13.0977
      vertex 7.26424 8.89276 10.3779
    endloop
  endfacet
  facet normal 7.75085e-05 0.207915 0.978147
    outer loop
      vertex 7.03155 9.13684 10.326
      vertex 7.03155 -4.14696 13.1496
      vertex 7.26424 -3.90288 13.0977
    endloop
  endfacet
  facet normal -0.000154251 0.207915 0.978147
    outer loop
      vertex 6.79029 9.37283 10.2758
      vertex 7.03155 -4.14696 13.1496
      vertex 7.03155 9.13684 10.326
    endloop
  endfacet
  facet normal -0.000249519 0.207913 0.978147
    outer loop
      vertex 6.79029 9.37283 10.2758
      vertex 6.79029 -4.38295 13.1997
      vertex 7.03155 -4.14696 13.1496
    endloop
  endfacet
  facet normal 0.000314793 0.207913 0.978147
    outer loop
      vertex 6.54075 9.60044 10.2275
      vertex 6.79029 -4.38295 13.1997
      vertex 6.79029 9.37283 10.2758
    endloop
  endfacet
  facet normal 8.09928e-05 0.207909 0.978148
    outer loop
      vertex 6.54075 9.60044 10.2275
      vertex 6.54075 -4.61056 13.2481
      vertex 6.79029 -4.38295 13.1997
    endloop
  endfacet
  facet normal -0.000233149 0.207909 0.978148
    outer loop
      vertex 6.28325 9.81939 10.1809
      vertex 6.54075 -4.61056 13.2481
      vertex 6.54075 9.60044 10.2275
    endloop
  endfacet
  facet normal -0.000148006 0.20791 0.978148
    outer loop
      vertex 6.28325 9.81939 10.1809
      vertex 6.28325 -4.82951 13.2946
      vertex 6.54075 -4.61056 13.2481
    endloop
  endfacet
  facet normal 0.000142832 0.20791 0.978148
    outer loop
      vertex 6.01809 10.0294 10.1363
      vertex 6.28325 -4.82951 13.2946
      vertex 6.28325 9.81939 10.1809
    endloop
  endfacet
  facet normal 0.000209434 0.207912 0.978148
    outer loop
      vertex 6.01809 10.0294 10.1363
      vertex 6.01809 -5.03954 13.3393
      vertex 6.28325 -4.82951 13.2946
    endloop
  endfacet
  facet normal 9.28138e-06 0.207912 0.978148
    outer loop
      vertex 5.7456 10.2303 10.0936
      vertex 6.01809 -5.03954 13.3393
      vertex 6.01809 10.0294 10.1363
    endloop
  endfacet
  facet normal 2.86146e-05 0.207912 0.978148
    outer loop
      vertex 5.7456 10.2303 10.0936
      vertex 5.7456 -5.24039 13.382
      vertex 6.01809 -5.03954 13.3393
    endloop
  endfacet
  facet normal -5.82113e-05 0.207912 0.978148
    outer loop
      vertex 5.46611 10.4217 10.0529
      vertex 5.7456 -5.24039 13.382
      vertex 5.7456 10.2303 10.0936
    endloop
  endfacet
  facet normal 4.21072e-05 0.207914 0.978147
    outer loop
      vertex 5.46611 10.4217 10.0529
      vertex 5.46611 -5.43181 13.4227
      vertex 5.7456 -5.24039 13.382
    endloop
  endfacet
  facet normal 0.000147516 0.207914 0.978147
    outer loop
      vertex 5.17996 10.6035 10.0143
      vertex 5.46611 -5.43181 13.4227
      vertex 5.46611 10.4217 10.0529
    endloop
  endfacet
  facet normal -0.000122656 0.207909 0.978148
    outer loop
      vertex 5.17996 10.6035 10.0143
      vertex 5.17996 -5.61358 13.4613
      vertex 5.46611 -5.43181 13.4227
    endloop
  endfacet
  facet normal -0.000211637 0.207909 0.978148
    outer loop
      vertex 4.8875 10.7753 9.97772
      vertex 5.17996 -5.61358 13.4613
      vertex 5.17996 10.6035 10.0143
    endloop
  endfacet
  facet normal -0.00012086 0.207911 0.978148
    outer loop
      vertex 4.8875 10.7753 9.97772
      vertex 4.8875 -5.78547 13.4978
      vertex 5.17996 -5.61358 13.4613
    endloop
  endfacet
  facet normal -2.80148e-05 0.207911 0.978148
    outer loop
      vertex 4.58908 10.9371 9.94332
      vertex 4.8875 -5.78547 13.4978
      vertex 4.8875 10.7753 9.97772
    endloop
  endfacet
  facet normal 2.74779e-05 0.207911 0.978148
    outer loop
      vertex 4.58908 10.9371 9.94332
      vertex 4.58908 -5.94727 13.5322
      vertex 4.8875 -5.78547 13.4978
    endloop
  endfacet
  facet normal 7.57489e-05 0.207911 0.978148
    outer loop
      vertex 4.28508 11.0887 9.91112
      vertex 4.58908 -5.94727 13.5322
      vertex 4.58908 10.9371 9.94332
    endloop
  endfacet
  facet normal -1.34033e-05 0.20791 0.978148
    outer loop
      vertex 4.28508 11.0887 9.91112
      vertex 4.28508 -6.09878 13.5644
      vertex 4.58908 -5.94727 13.5322
    endloop
  endfacet
  facet normal -3.095e-05 0.20791 0.978148
    outer loop
      vertex 3.97585 11.2297 9.88114
      vertex 4.28508 -6.09878 13.5644
      vertex 4.28508 11.0887 9.91112
    endloop
  endfacet
  facet normal 5.98569e-05 0.207912 0.978148
    outer loop
      vertex 3.97585 11.2297 9.88114
      vertex 3.97585 -6.23983 13.5944
      vertex 4.28508 -6.09878 13.5644
    endloop
  endfacet
  facet normal -8.24848e-06 0.207912 0.978148
    outer loop
      vertex 3.66178 11.3601 9.85342
      vertex 3.97585 -6.23983 13.5944
      vertex 3.97585 11.2297 9.88114
    endloop
  endfacet
  facet normal -5.37033e-05 0.207911 0.978148
    outer loop
      vertex 3.66178 11.3601 9.85342
      vertex 3.66178 -6.37023 13.6221
      vertex 3.97585 -6.23983 13.5944
    endloop
  endfacet
  facet normal 5.04682e-06 0.207911 0.978148
    outer loop
      vertex 3.34325 11.4797 9.828
      vertex 3.66178 -6.37023 13.6221
      vertex 3.66178 11.3601 9.85342
    endloop
  endfacet
  facet normal -6.59873e-05 0.20791 0.978148
    outer loop
      vertex 3.34325 11.4797 9.828
      vertex 3.34325 -6.48983 13.6475
      vertex 3.66178 -6.37023 13.6221
    endloop
  endfacet
  facet normal 1.40901e-05 0.20791 0.978148
    outer loop
      vertex 3.02064 11.5884 9.8049
      vertex 3.34325 -6.48983 13.6475
      vertex 3.34325 11.4797 9.828
    endloop
  endfacet
  facet normal 1.81088e-05 0.20791 0.978148
    outer loop
      vertex 3.02064 11.5884 9.8049
      vertex 3.02064 -6.59848 13.6706
      vertex 3.34325 -6.48983 13.6475
    endloop
  endfacet
  facet normal -4.78261e-05 0.20791 0.978148
    outer loop
      vertex 2.69436 11.6859 9.78416
      vertex 3.02064 -6.59848 13.6706
      vertex 3.02064 11.5884 9.8049
    endloop
  endfacet
  facet normal 0.00017553 0.207913 0.978147
    outer loop
      vertex 2.69436 11.6859 9.78416
      vertex 2.69436 -6.69606 13.6914
      vertex 3.02064 -6.59848 13.6706
    endloop
  endfacet
  facet normal 1.49755e-05 0.207913 0.978147
    outer loop
      vertex 2.36479 11.7723 9.7658
      vertex 2.69436 -6.69606 13.6914
      vertex 2.69436 11.6859 9.78416
    endloop
  endfacet
  facet normal -0.000179526 0.20791 0.978148
    outer loop
      vertex 2.36479 11.7723 9.7658
      vertex 2.36479 -6.78244 13.7097
      vertex 2.69436 -6.69606 13.6914
    endloop
  endfacet
  facet normal 3.78647e-05 0.20791 0.978148
    outer loop
      vertex 2.03234 11.8474 9.74985
      vertex 2.36479 -6.78244 13.7097
      vertex 2.36479 11.7723 9.7658
    endloop
  endfacet
  facet normal 0.000127647 0.207912 0.978148
    outer loop
      vertex 2.03234 11.8474 9.74985
      vertex 2.03234 -6.85751 13.7257
      vertex 2.36479 -6.78244 13.7097
    endloop
  endfacet
  facet normal -4.42856e-07 0.207912 0.978148
    outer loop
      vertex 1.69741 11.9111 9.73631
      vertex 2.03234 -6.85751 13.7257
      vertex 2.03234 11.8474 9.74985
    endloop
  endfacet
  facet normal -0.00010361 0.20791 0.978148
    outer loop
      vertex 1.69741 11.9111 9.73631
      vertex 1.69741 -6.92119 13.7392
      vertex 2.03234 -6.85751 13.7257
    endloop
  endfacet
  facet normal -1.34957e-05 0.20791 0.978148
    outer loop
      vertex 1.36042 11.9633 9.72521
      vertex 1.69741 -6.92119 13.7392
      vertex 1.69741 11.9111 9.73631
    endloop
  endfacet
  facet normal 7.26867e-06 0.20791 0.978148
    outer loop
      vertex 1.36042 11.9633 9.72521
      vertex 1.36042 -6.9734 13.7503
      vertex 1.69741 -6.92119 13.7392
    endloop
  endfacet
  facet normal 3.17372e-05 0.20791 0.978148
    outer loop
      vertex 1.02177 12.004 9.71657
      vertex 1.36042 -6.9734 13.7503
      vertex 1.36042 11.9633 9.72521
    endloop
  endfacet
  facet normal 0.000159709 0.207912 0.978147
    outer loop
      vertex 1.02177 12.004 9.71657
      vertex 1.02177 -7.01407 13.759
      vertex 1.36042 -6.9734 13.7503
    endloop
  endfacet
  facet normal -4.5577e-05 0.207912 0.978147
    outer loop
      vertex 0.68187 12.033 9.71039
      vertex 1.02177 -7.01407 13.759
      vertex 1.02177 12.004 9.71657
    endloop
  endfacet
  facet normal 4.79373e-05 0.207914 0.978147
    outer loop
      vertex 0.68187 12.033 9.71039
      vertex 0.68187 -7.04316 13.7652
      vertex 1.02177 -7.01407 13.759
    endloop
  endfacet
  facet normal -6.23055e-07 0.207914 0.978147
    outer loop
      vertex 0.341142 12.0505 9.70667
      vertex 0.68187 -7.04316 13.7652
      vertex 0.68187 12.033 9.71039
    endloop
  endfacet
  facet normal -3.84513e-05 0.207913 0.978147
    outer loop
      vertex 0.341142 12.0505 9.70667
      vertex 0.341142 -7.06063 13.7689
      vertex 0.68187 -7.04316 13.7652
    endloop
  endfacet
  facet normal -2.05344e-05 0.207913 0.978147
    outer loop
      vertex 0 12.0563 9.70543
      vertex 0.341142 -7.06063 13.7689
      vertex 0.341142 12.0505 9.70667
    endloop
  endfacet
  facet normal -0.00010632 0.207912 0.978148
    outer loop
      vertex 0 12.0563 9.70543
      vertex 0 -7.06645 13.7701
      vertex 0.341142 -7.06063 13.7689
    endloop
  endfacet
  facet normal 2.05604e-05 0.207912 0.978148
    outer loop
      vertex -0.341142 12.0505 9.70667
      vertex 0 -7.06645 13.7701
      vertex 0 12.0563 9.70543
    endloop
  endfacet
  facet normal 0.000106346 0.207913 0.978147
    outer loop
      vertex -0.341142 12.0505 9.70667
      vertex -0.341142 -7.06063 13.7689
      vertex 0 -7.06645 13.7701
    endloop
  endfacet
  facet normal 6.57726e-07 0.207913 0.978147
    outer loop
      vertex -0.68187 12.033 9.71039
      vertex -0.341142 -7.06063 13.7689
      vertex -0.341142 12.0505 9.70667
    endloop
  endfacet
  facet normal 3.84859e-05 0.207914 0.978147
    outer loop
      vertex -0.68187 12.033 9.71039
      vertex -0.68187 -7.04316 13.7652
      vertex -0.341142 -7.06063 13.7689
    endloop
  endfacet
  facet normal 4.54346e-05 0.207914 0.978147
    outer loop
      vertex -1.02177 12.004 9.71657
      vertex -0.68187 -7.04316 13.7652
      vertex -0.68187 12.033 9.71039
    endloop
  endfacet
  facet normal -4.80802e-05 0.207912 0.978147
    outer loop
      vertex -1.02177 12.004 9.71657
      vertex -1.02177 -7.01407 13.759
      vertex -0.68187 -7.04316 13.7652
    endloop
  endfacet
  facet normal -3.20117e-05 0.207912 0.978147
    outer loop
      vertex -1.36042 11.9633 9.72521
      vertex -1.02177 -7.01407 13.759
      vertex -1.02177 12.004 9.71657
    endloop
  endfacet
  facet normal -0.000159983 0.20791 0.978148
    outer loop
      vertex -1.36042 11.9633 9.72521
      vertex -1.36042 -6.9734 13.7503
      vertex -1.02177 -7.01407 13.759
    endloop
  endfacet
  facet normal 1.34383e-05 0.20791 0.978148
    outer loop
      vertex -1.69741 11.9111 9.73631
      vertex -1.36042 -6.9734 13.7503
      vertex -1.36042 11.9633 9.72521
    endloop
  endfacet
  facet normal -7.32608e-06 0.20791 0.978148
    outer loop
      vertex -1.69741 11.9111 9.73631
      vertex -1.69741 -6.92119 13.7392
      vertex -1.36042 -6.9734 13.7503
    endloop
  endfacet
  facet normal 7.93002e-07 0.20791 0.978148
    outer loop
      vertex -2.03234 11.8474 9.74985
      vertex -1.69741 -6.92119 13.7392
      vertex -1.69741 11.9111 9.73631
    endloop
  endfacet
  facet normal 0.00010396 0.207912 0.978148
    outer loop
      vertex -2.03234 11.8474 9.74985
      vertex -2.03234 -6.85751 13.7257
      vertex -1.69741 -6.92119 13.7392
    endloop
  endfacet
  facet normal -3.82266e-05 0.207912 0.978148
    outer loop
      vertex -2.36479 11.7723 9.7658
      vertex -2.03234 -6.85751 13.7257
      vertex -2.03234 11.8474 9.74985
    endloop
  endfacet
  facet normal -0.000128009 0.20791 0.978148
    outer loop
      vertex -2.36479 11.7723 9.7658
      vertex -2.36479 -6.78244 13.7097
      vertex -2.03234 -6.85751 13.7257
    endloop
  endfacet
  facet normal -1.40656e-05 0.20791 0.978148
    outer loop
      vertex -2.69436 11.6859 9.78416
      vertex -2.36479 -6.78244 13.7097
      vertex -2.36479 11.7723 9.7658
    endloop
  endfacet
  facet normal 0.000180435 0.207913 0.978147
    outer loop
      vertex -2.69436 11.6859 9.78416
      vertex -2.69436 -6.69606 13.6914
      vertex -2.36479 -6.78244 13.7097
    endloop
  endfacet
  facet normal 4.66351e-05 0.207913 0.978147
    outer loop
      vertex -3.02064 11.5884 9.8049
      vertex -2.69436 -6.69606 13.6914
      vertex -2.69436 11.6859 9.78416
    endloop
  endfacet
  facet normal -0.000176722 0.20791 0.978148
    outer loop
      vertex -3.02064 11.5884 9.8049
      vertex -3.02064 -6.59848 13.6706
      vertex -2.69436 -6.69606 13.6914
    endloop
  endfacet
  facet normal -1.41142e-05 0.20791 0.978148
    outer loop
      vertex -3.34325 11.4797 9.828
      vertex -3.02064 -6.59848 13.6706
      vertex -3.02064 11.5884 9.8049
    endloop
  endfacet
  facet normal -1.8133e-05 0.20791 0.978148
    outer loop
      vertex -3.34325 11.4797 9.828
      vertex -3.34325 -6.48983 13.6475
      vertex -3.02064 -6.59848 13.6706
    endloop
  endfacet
  facet normal -4.57087e-06 0.20791 0.978148
    outer loop
      vertex -3.66178 11.3601 9.85342
      vertex -3.34325 -6.48983 13.6475
      vertex -3.34325 11.4797 9.828
    endloop
  endfacet
  facet normal 6.64632e-05 0.207911 0.978148
    outer loop
      vertex -3.66178 11.3601 9.85342
      vertex -3.66178 -6.37023 13.6221
      vertex -3.34325 -6.48983 13.6475
    endloop
  endfacet
  facet normal 8.58526e-06 0.207911 0.978148
    outer loop
      vertex -3.97585 11.2297 9.88114
      vertex -3.66178 -6.37023 13.6221
      vertex -3.66178 11.3601 9.85342
    endloop
  endfacet
  facet normal 5.404e-05 0.207912 0.978148
    outer loop
      vertex -3.97585 11.2297 9.88114
      vertex -3.97585 -6.23983 13.5944
      vertex -3.66178 -6.37023 13.6221
    endloop
  endfacet
  facet normal 3.02111e-05 0.207912 0.978148
    outer loop
      vertex -4.28508 11.0887 9.91112
      vertex -3.97585 -6.23983 13.5944
      vertex -3.97585 11.2297 9.88114
    endloop
  endfacet
  facet normal -6.05961e-05 0.20791 0.978148
    outer loop
      vertex -4.28508 11.0887 9.91112
      vertex -4.28508 -6.09878 13.5644
      vertex -3.97585 -6.23983 13.5944
    endloop
  endfacet
  facet normal -7.49556e-05 0.20791 0.978148
    outer loop
      vertex -4.58908 10.9371 9.94332
      vertex -4.28508 -6.09878 13.5644
      vertex -4.28508 11.0887 9.91112
    endloop
  endfacet
  facet normal 1.41962e-05 0.207911 0.978148
    outer loop
      vertex -4.58908 10.9371 9.94332
      vertex -4.58908 -5.94727 13.5322
      vertex -4.28508 -6.09878 13.5644
    endloop
  endfacet
  facet normal 2.74779e-05 0.207911 0.978148
    outer loop
      vertex -4.8875 10.7753 9.97772
      vertex -4.58908 -5.94727 13.5322
      vertex -4.58908 10.9371 9.94332
    endloop
  endfacet
  facet normal -2.80148e-05 0.207911 0.978148
    outer loop
      vertex -4.8875 10.7753 9.97772
      vertex -4.8875 -5.78547 13.4978
      vertex -4.58908 -5.94727 13.5322
    endloop
  endfacet
  facet normal 0.000210685 0.207911 0.978148
    outer loop
      vertex -5.17996 10.6035 10.0143
      vertex -4.8875 -5.78547 13.4978
      vertex -4.8875 10.7753 9.97772
    endloop
  endfacet
  facet normal 0.000119908 0.207909 0.978148
    outer loop
      vertex -5.17996 10.6035 10.0143
      vertex -5.17996 -5.61358 13.4613
      vertex -4.8875 -5.78547 13.4978
    endloop
  endfacet
  facet normal -0.000144453 0.207909 0.978148
    outer loop
      vertex -5.46611 10.4217 10.0529
      vertex -5.17996 -5.61358 13.4613
      vertex -5.17996 10.6035 10.0143
    endloop
  endfacet
  facet normal 0.000125718 0.207914 0.978147
    outer loop
      vertex -5.46611 10.4217 10.0529
      vertex -5.46611 -5.43181 13.4227
      vertex -5.17996 -5.61358 13.4613
    endloop
  endfacet
  facet normal 5.69853e-05 0.207914 0.978147
    outer loop
      vertex -5.7456 10.2303 10.0936
      vertex -5.46611 -5.43181 13.4227
      vertex -5.46611 10.4217 10.0529
    endloop
  endfacet
  facet normal -4.33333e-05 0.207912 0.978148
    outer loop
      vertex -5.7456 10.2303 10.0936
      vertex -5.7456 -5.24039 13.382
      vertex -5.46611 -5.43181 13.4227
    endloop
  endfacet
  facet normal -9.53574e-06 0.207912 0.978148
    outer loop
      vertex -6.01809 10.0294 10.1363
      vertex -5.7456 -5.24039 13.382
      vertex -5.7456 10.2303 10.0936
    endloop
  endfacet
  facet normal -2.88689e-05 0.207912 0.978148
    outer loop
      vertex -6.01809 10.0294 10.1363
      vertex -6.01809 -5.03954 13.3393
      vertex -5.7456 -5.24039 13.382
    endloop
  endfacet
  facet normal -0.000143773 0.207912 0.978148
    outer loop
      vertex -6.28325 9.81939 10.1809
      vertex -6.01809 -5.03954 13.3393
      vertex -6.01809 10.0294 10.1363
    endloop
  endfacet
  facet normal -0.000210376 0.20791 0.978148
    outer loop
      vertex -6.28325 9.81939 10.1809
      vertex -6.28325 -4.82951 13.2946
      vertex -6.01809 -5.03954 13.3393
    endloop
  endfacet
  facet normal 0.000231857 0.20791 0.978148
    outer loop
      vertex -6.54075 9.60044 10.2275
      vertex -6.28325 -4.82951 13.2946
      vertex -6.28325 9.81939 10.1809
    endloop
  endfacet
  facet normal 0.000146714 0.207909 0.978148
    outer loop
      vertex -6.54075 9.60044 10.2275
      vertex -6.54075 -4.61056 13.2481
      vertex -6.28325 -4.82951 13.2946
    endloop
  endfacet
  facet normal -0.000310988 0.207909 0.978148
    outer loop
      vertex -6.79029 9.37283 10.2758
      vertex -6.54075 -4.61056 13.2481
      vertex -6.54075 9.60044 10.2275
    endloop
  endfacet
  facet normal -7.71871e-05 0.207913 0.978147
    outer loop
      vertex -6.79029 9.37283 10.2758
      vertex -6.79029 -4.38295 13.1997
      vertex -6.54075 -4.61056 13.2481
    endloop
  endfacet
  facet normal 0.000155914 0.207913 0.978147
    outer loop
      vertex -7.03155 9.13684 10.326
      vertex -6.79029 -4.38295 13.1997
      vertex -6.79029 9.37283 10.2758
    endloop
  endfacet
  facet normal 0.000251182 0.207915 0.978147
    outer loop
      vertex -7.03155 9.13684 10.326
      vertex -7.03155 -4.14696 13.1496
      vertex -6.79029 -4.38295 13.1997
    endloop
  endfacet
  facet normal 7.75085e-05 0.207915 0.978147
    outer loop
      vertex -7.26424 8.89276 10.3779
      vertex -7.03155 -4.14696 13.1496
      vertex -7.03155 9.13684 10.326
    endloop
  endfacet
  facet normal -8.04656e-05 0.207912 0.978148
    outer loop
      vertex -7.26424 8.89276 10.3779
      vertex -7.26424 -3.90288 13.0977
      vertex -7.03155 -4.14696 13.1496
    endloop
  endfacet
  facet normal -0.000169555 0.207912 0.978148
    outer loop
      vertex -7.48808 8.64088 10.4314
      vertex -7.26424 -3.90288 13.0977
      vertex -7.26424 8.89276 10.3779
    endloop
  endfacet
  facet normal -0.000269436 0.20791 0.978148
    outer loop
      vertex -7.48808 8.64088 10.4314
      vertex -7.48808 -3.651 13.0441
      vertex -7.26424 -3.90288 13.0977
    endloop
  endfacet
  facet normal -0.000128706 0.20791 0.978148
    outer loop
      vertex -7.7028 8.38152 10.4865
      vertex -7.48808 -3.651 13.0441
      vertex -7.48808 8.64088 10.4314
    endloop
  endfacet
  facet normal 0.000134377 0.207915 0.978147
    outer loop
      vertex -7.7028 8.38152 10.4865
      vertex -7.7028 -3.39164 12.989
      vertex -7.48808 -3.651 13.0441
    endloop
  endfacet
  facet normal 0.00022126 0.207915 0.978147
    outer loop
      vertex -7.90814 8.11499 10.5432
      vertex -7.7028 -3.39164 12.989
      vertex -7.7028 8.38152 10.4865
    endloop
  endfacet
  facet normal -0.000231754 0.207907 0.978149
    outer loop
      vertex -7.90814 8.11499 10.5432
      vertex -7.90814 -3.12511 12.9323
      vertex -7.7028 -3.39164 12.989
    endloop
  endfacet
  facet normal -4.72419e-05 0.207907 0.978149
    outer loop
      vertex -8.10384 7.8416 10.6013
      vertex -7.90814 -3.12511 12.9323
      vertex -7.90814 8.11499 10.5432
    endloop
  endfacet
  facet normal 4.96575e-05 0.207909 0.978148
    outer loop
      vertex -8.10384 7.8416 10.6013
      vertex -8.10384 -2.85172 12.8742
      vertex -7.90814 -3.12511 12.9323
    endloop
  endfacet
  facet normal 4.45767e-05 0.207909 0.978148
    outer loop
      vertex -8.28967 7.56171 10.6608
      vertex -8.10384 -2.85172 12.8742
      vertex -8.10384 7.8416 10.6013
    endloop
  endfacet
  facet normal -4.70391e-05 0.207907 0.978149
    outer loop
      vertex -8.28967 7.56171 10.6608
      vertex -8.28967 -2.57183 12.8147
      vertex -8.10384 -2.85172 12.8742
    endloop
  endfacet
  facet normal -2.5784e-05 0.207907 0.978149
    outer loop
      vertex -8.4654 7.27564 10.7216
      vertex -8.28967 -2.57183 12.8147
      vertex -8.28967 7.56171 10.6608
    endloop
  endfacet
  facet normal 2.73269e-05 0.207908 0.978148
    outer loop
      vertex -8.4654 7.27564 10.7216
      vertex -8.4654 -2.28576 12.7539
      vertex -8.28967 -2.57183 12.8147
    endloop
  endfacet
  facet normal -0.00026073 0.207908 0.978148
    outer loop
      vertex -8.63081 6.98374 10.7836
      vertex -8.4654 -2.28576 12.7539
      vertex -8.4654 7.27564 10.7216
    endloop
  endfacet
  facet normal 0.000277684 0.207917 0.978146
    outer loop
      vertex -8.63081 6.98374 10.7836
      vertex -8.63081 -1.99386 12.6919
      vertex -8.4654 -2.28576 12.7539
    endloop
  endfacet
  facet normal 0.000583803 0.207917 0.978146
    outer loop
      vertex -8.78571 6.68638 10.8469
      vertex -8.63081 -1.99386 12.6919
      vertex -8.63081 6.98374 10.7836
    endloop
  endfacet
  facet normal 2.8649e-05 0.207908 0.978148
    outer loop
      vertex -8.78571 6.68638 10.8469
      vertex -8.78571 -1.6965 12.6287
      vertex -8.63081 -1.99386 12.6919
    endloop
  endfacet
  facet normal -0.0006151 0.207908 0.978148
    outer loop
      vertex -8.92991 6.38391 10.9111
      vertex -8.78571 -1.6965 12.6287
      vertex -8.78571 6.68638 10.8469
    endloop
  endfacet
  facet normal -4.17665e-05 0.207917 0.978146
    outer loop
      vertex -8.92991 6.38391 10.9111
      vertex -8.92991 -1.39403 12.5644
      vertex -8.78571 -1.6965 12.6287
    endloop
  endfacet
  facet normal -1.01986e-05 0.207917 0.978146
    outer loop
      vertex -9.06322 6.0767 10.9764
      vertex -8.92991 -1.39403 12.5644
      vertex -8.92991 6.38391 10.9111
    endloop
  endfacet
  facet normal 1.10734e-05 0.207918 0.978146
    outer loop
      vertex -9.06322 6.0767 10.9764
      vertex -9.06322 -1.08682 12.4991
      vertex -8.92991 -1.39403 12.5644
    endloop
  endfacet
  facet normal 0.000573718 0.207918 0.978146
    outer loop
      vertex -9.18549 5.76513 11.0427
      vertex -9.06322 -1.08682 12.4991
      vertex -9.06322 6.0767 10.9764
    endloop
  endfacet
  facet normal 0.000213283 0.207912 0.978148
    outer loop
      vertex -9.18549 5.76513 11.0427
      vertex -9.18549 -0.775248 12.4329
      vertex -9.06322 -1.08682 12.4991
    endloop
  endfacet
  facet normal -0.000654529 0.207912 0.978147
    outer loop
      vertex -9.29658 5.44957 11.1097
      vertex -9.18549 -0.775248 12.4329
      vertex -9.18549 5.76513 11.0427
    endloop
  endfacet
  facet normal -0.000210971 0.207919 0.978146
    outer loop
      vertex -9.29658 5.44957 11.1097
      vertex -9.29658 -0.459692 12.3658
      vertex -9.18549 -0.775248 12.4329
    endloop
  endfacet
  facet normal 0.00058839 0.207919 0.978146
    outer loop
      vertex -9.39633 5.13042 11.1776
      vertex -9.29658 -0.459692 12.3658
      vertex -9.29658 5.44957 11.1097
    endloop
  endfacet
  facet normal 0.000391382 0.207916 0.978147
    outer loop
      vertex -9.39633 5.13042 11.1776
      vertex -9.39633 -0.140537 12.298
      vertex -9.29658 -0.459692 12.3658
    endloop
  endfacet
  facet normal -0.000258036 0.207916 0.978147
    outer loop
      vertex -9.48464 4.80805 11.2461
      vertex -9.39633 -0.140537 12.298
      vertex -9.39633 5.13042 11.1776
    endloop
  endfacet
  facet normal -0.000898371 0.207905 0.978149
    outer loop
      vertex -9.48464 4.80805 11.2461
      vertex -9.48464 0.18183 12.2294
      vertex -9.39633 -0.140537 12.298
    endloop
  endfacet
  facet normal -0.000214031 0.207905 0.978149
    outer loop
      vertex -9.56139 4.48287 11.3152
      vertex -9.48464 0.18183 12.2294
      vertex -9.48464 4.80805 11.2461
    endloop
  endfacet
  facet normal 0.000263694 0.207913 0.978147
    outer loop
      vertex -9.56139 4.48287 11.3152
      vertex -9.56139 0.507015 12.1603
      vertex -9.48464 0.18183 12.2294
    endloop
  endfacet
  facet normal 0.000959309 0.207913 0.978147
    outer loop
      vertex -9.6265 4.15526 11.3849
      vertex -9.56139 0.507015 12.1603
      vertex -9.56139 4.48287 11.3152
    endloop
  endfacet
  facet normal 0.000491393 0.207905 0.978149
    outer loop
      vertex -9.6265 4.15526 11.3849
      vertex -9.6265 0.834622 12.0907
      vertex -9.56139 0.507015 12.1603
    endloop
  endfacet
  facet normal -0.00114909 0.207905 0.978148
    outer loop
      vertex -9.67987 3.82563 11.4549
      vertex -9.6265 0.834622 12.0907
      vertex -9.6265 4.15526 11.3849
    endloop
  endfacet
  facet normal -0.000634789 0.207914 0.978147
    outer loop
      vertex -9.67987 3.82563 11.4549
      vertex -9.67987 1.16425 12.0206
      vertex -9.6265 0.834622 12.0907
    endloop
  endfacet
  facet normal -0.00023842 0.207914 0.978147
    outer loop
      vertex -9.72145 3.49438 11.5253
      vertex -9.67987 1.16425 12.0206
      vertex -9.67987 3.82563 11.4549
    endloop
  endfacet
  facet normal 0.00031744 0.207923 0.978145
    outer loop
      vertex -9.72145 3.49438 11.5253
      vertex -9.72145 1.4955 11.9502
      vertex -9.67987 1.16425 12.0206
    endloop
  endfacet
  facet normal 0.000893674 0.207923 0.978145
    outer loop
      vertex -9.75119 3.16191 11.596
      vertex -9.72145 1.4955 11.9502
      vertex -9.72145 3.49438 11.5253
    endloop
  endfacet
  facet normal -0.00133916 0.207885 0.978152
    outer loop
      vertex -9.75119 3.16191 11.596
      vertex -9.75119 1.82797 11.8795
      vertex -9.72145 1.4955 11.9502
    endloop
  endfacet
  facet normal -0.00172241 0.207885 0.978152
    outer loop
      vertex -9.76904 2.82863 11.6668
      vertex -9.75119 1.82797 11.8795
      vertex -9.75119 3.16191 11.596
    endloop
  endfacet
  facet normal 0.00344262 0.207972 0.978129
    outer loop
      vertex -9.76904 2.82863 11.6668
      vertex -9.76904 2.16125 11.8087
      vertex -9.75119 1.82797 11.8795
    endloop
  endfacet
  facet normal 0.00820555 0.207966 0.978102
    outer loop
      vertex -9.76904 2.16125 11.8087
      vertex -9.76904 2.82863 11.6668
      vertex -9.775 2.49494 11.7378
    endloop
  endfacet
  facet normal -0.987687 -0.153022 0.0325258
    outer loop
      vertex 9.6265 4.15526 11.3849
      vertex 9.67987 11.7263 48.6245
      vertex 9.6265 12.0559 48.5545
    endloop
  endfacet
  facet normal -0.987689 -0.153009 0.0325232
    outer loop
      vertex 9.67987 11.7263 48.6245
      vertex 9.6265 4.15526 11.3849
      vertex 9.67987 3.82563 11.4549
    endloop
  endfacet
  facet normal -0.992549 -0.119187 0.0253341
    outer loop
      vertex 9.67987 3.82563 11.4549
      vertex 9.72145 11.395 48.6949
      vertex 9.67987 11.7263 48.6245
    endloop
  endfacet
  facet normal -0.992546 -0.119204 0.0253375
    outer loop
      vertex 9.72145 11.395 48.6949
      vertex 9.67987 3.82563 11.4549
      vertex 9.72145 3.49438 11.5253
    endloop
  endfacet
  facet normal -0.945526 -0.318431 0.0676849
    outer loop
      vertex 9.18549 5.76513 11.0427
      vertex 9.29658 13.3502 48.2794
      vertex 9.18549 13.6658 48.2123
    endloop
  endfacet
  facet normal -0.945508 -0.318484 0.0676956
    outer loop
      vertex 9.29658 13.3502 48.2794
      vertex 9.18549 5.76513 11.0427
      vertex 9.29658 5.44957 11.1097
    endloop
  endfacet
  facet normal -0.933555 -0.350602 0.0745221
    outer loop
      vertex 9.06322 6.0767 10.9764
      vertex 9.18549 13.6658 48.2123
      vertex 9.06322 13.9773 48.1461
    endloop
  endfacet
  facet normal -0.933589 -0.350516 0.0745047
    outer loop
      vertex 9.18549 13.6658 48.2123
      vertex 9.06322 6.0767 10.9764
      vertex 9.18549 5.76513 11.0427
    endloop
  endfacet
  facet normal -0.96593 -0.253149 0.0538088
    outer loop
      vertex 9.39633 5.13042 11.1776
      vertex 9.48464 12.7087 48.4157
      vertex 9.39633 13.0311 48.3472
    endloop
  endfacet
  facet normal -0.965924 -0.25317 0.0538131
    outer loop
      vertex 9.48464 12.7087 48.4157
      vertex 9.39633 5.13042 11.1776
      vertex 9.48464 4.80805 11.2461
    endloop
  endfacet
  facet normal -0.73139 -0.667056 0.141788
    outer loop
      vertex 7.03155 9.13684 10.326
      vertex 7.26424 16.7934 47.5475
      vertex 7.03155 17.0375 47.4956
    endloop
  endfacet
  facet normal -0.731364 -0.667084 0.141793
    outer loop
      vertex 7.26424 16.7934 47.5475
      vertex 7.03155 9.13684 10.326
      vertex 7.26424 8.89276 10.3779
    endloop
  endfacet
  facet normal -0.798707 -0.588571 0.125105
    outer loop
      vertex 7.7028 8.38152 10.4865
      vertex 7.90814 16.0156 47.7128
      vertex 7.7028 16.2822 47.6561
    endloop
  endfacet
  facet normal -0.798634 -0.588666 0.125124
    outer loop
      vertex 7.90814 16.0156 47.7128
      vertex 7.7028 8.38152 10.4865
      vertex 7.90814 8.11499 10.5432
    endloop
  endfacet
  facet normal -0.906267 -0.413468 0.0878851
    outer loop
      vertex 8.78571 6.68638 10.8469
      vertex 8.92991 14.2846 48.0808
      vertex 8.78571 14.587 48.0165
    endloop
  endfacet
  facet normal -0.906292 -0.413416 0.0878745
    outer loop
      vertex 8.92991 14.2846 48.0808
      vertex 8.78571 6.68638 10.8469
      vertex 8.92991 6.38391 10.9111
    endloop
  endfacet
  facet normal -0.325427 -0.924904 0.196596
    outer loop
      vertex 3.02064 19.489 46.9745
      vertex 3.34325 11.4797 9.828
      vertex 3.34325 19.3804 46.9976
    endloop
  endfacet
  facet normal -0.325683 -0.924818 0.196575
    outer loop
      vertex 3.34325 11.4797 9.828
      vertex 3.02064 19.489 46.9745
      vertex 3.02064 11.5884 9.8049
    endloop
  endfacet
  facet normal -0.994455 -0.0411042 0.0967937
    outer loop
      vertex 1.69069 17.6967 36.9504
      vertex 1.69586 17.7082 37.0084
      vertex 1.69306 17.702 36.977
    endloop
  endfacet
  facet normal -0.894693 -0.374145 0.244007
    outer loop
      vertex 1.66285 17.6645 36.7776
      vertex 1.67417 17.6748 36.8349
      vertex 1.66899 17.6701 36.8087
    endloop
  endfacet
  facet normal 0.956465 -0.0505489 -0.287435
    outer loop
      vertex 1.6168 17.6359 36.6079
      vertex 1.63414 17.645 36.664
      vertex 1.62474 17.64 36.6336
    endloop
  endfacet
  facet normal 0.887314 -0.388852 -0.247926
    outer loop
      vertex 1.59748 17.6272 36.5524
      vertex 1.6168 17.6359 36.6079
      vertex 1.60795 17.6319 36.5825
    endloop
  endfacet
  facet normal -0.904826 -0.00571469 0.425744
    outer loop
      vertex 1.52795 17.6039 36.3899
      vertex 1.55303 17.6112 36.4433
      vertex 1.54157 17.6079 36.4189
    endloop
  endfacet
  facet normal -0.858451 0.251355 0.447082
    outer loop
      vertex 1.47224 17.5908 36.2856
      vertex 1.50101 17.5971 36.3373
      vertex 1.48538 17.5937 36.3092
    endloop
  endfacet
  facet normal -0.164404 -0.964838 0.205082
    outer loop
      vertex 1.69586 17.7082 37.0084
      vertex 1.69741 11.9111 9.73631
      vertex 1.69741 17.7141 37.0374
    endloop
  endfacet
  facet normal -0.154815 -0.966355 0.205405
    outer loop
      vertex 1.69069 17.6967 36.9504
      vertex 1.69741 11.9111 9.73631
      vertex 1.69586 17.7082 37.0084
    endloop
  endfacet
  facet normal -0.160811 -0.965418 0.205204
    outer loop
      vertex 1.68677 17.6907 36.9191
      vertex 1.69741 11.9111 9.73631
      vertex 1.69069 17.6967 36.9504
    endloop
  endfacet
  facet normal -0.155521 -0.966246 0.205382
    outer loop
      vertex 1.68346 17.6856 36.8926
      vertex 1.69741 11.9111 9.73631
      vertex 1.68677 17.6907 36.9191
    endloop
  endfacet
  facet normal -0.143816 -0.967978 0.205756
    outer loop
      vertex 1.6792 17.6806 36.8661
      vertex 1.69741 11.9111 9.73631
      vertex 1.68346 17.6856 36.8926
    endloop
  endfacet
  facet normal -0.159645 -0.965603 0.205241
    outer loop
      vertex 1.67417 17.6748 36.8349
      vertex 1.69741 11.9111 9.73631
      vertex 1.6792 17.6806 36.8661
    endloop
  endfacet
  facet normal -0.16028 -0.965503 0.205219
    outer loop
      vertex 1.66285 17.6645 36.7776
      vertex 1.69741 11.9111 9.73631
      vertex 1.67417 17.6748 36.8349
    endloop
  endfacet
  facet normal -0.153206 -0.966599 0.205461
    outer loop
      vertex 1.6495 17.6545 36.7206
      vertex 1.69741 11.9111 9.73631
      vertex 1.66285 17.6645 36.7776
    endloop
  endfacet
  facet normal -0.159083 -0.965692 0.205258
    outer loop
      vertex 1.63414 17.645 36.664
      vertex 1.69741 11.9111 9.73631
      vertex 1.6495 17.6545 36.7206
    endloop
  endfacet
  facet normal -0.157334 -0.965966 0.20532
    outer loop
      vertex 1.6168 17.6359 36.6079
      vertex 1.69741 11.9111 9.73631
      vertex 1.63414 17.645 36.664
    endloop
  endfacet
  facet normal -0.154914 -0.966338 0.205407
    outer loop
      vertex 1.59748 17.6272 36.5524
      vertex 1.69741 11.9111 9.73631
      vertex 1.6168 17.6359 36.6079
    endloop
  endfacet
  facet normal -0.157541 -0.965934 0.205311
    outer loop
      vertex 1.57621 17.619 36.4975
      vertex 1.69741 11.9111 9.73631
      vertex 1.59748 17.6272 36.5524
    endloop
  endfacet
  facet normal -0.155115 -0.966307 0.205401
    outer loop
      vertex 1.55303 17.6112 36.4433
      vertex 1.69741 11.9111 9.73631
      vertex 1.57621 17.619 36.4975
    endloop
  endfacet
  facet normal -0.156042 -0.966165 0.205366
    outer loop
      vertex 1.52795 17.6039 36.3899
      vertex 1.69741 11.9111 9.73631
      vertex 1.55303 17.6112 36.4433
    endloop
  endfacet
  facet normal -0.157064 -0.966008 0.205326
    outer loop
      vertex 1.50101 17.5971 36.3373
      vertex 1.69741 11.9111 9.73631
      vertex 1.52795 17.6039 36.3899
    endloop
  endfacet
  facet normal -0.157424 -0.965953 0.205312
    outer loop
      vertex 1.47224 17.5908 36.2856
      vertex 1.69741 11.9111 9.73631
      vertex 1.50101 17.5971 36.3373
    endloop
  endfacet
  facet normal -0.155149 -0.966301 0.205405
    outer loop
      vertex 1.45563 17.5876 36.258
      vertex 1.69741 11.9111 9.73631
      vertex 1.47224 17.5908 36.2856
    endloop
  endfacet
  facet normal -0.154602 -0.966384 0.205428
    outer loop
      vertex 1.44168 17.5849 36.2348
      vertex 1.69741 11.9111 9.73631
      vertex 1.45563 17.5876 36.258
    endloop
  endfacet
  facet normal -0.157506 -0.965941 0.205305
    outer loop
      vertex 1.42694 17.5825 36.2122
      vertex 1.69741 11.9111 9.73631
      vertex 1.44168 17.5849 36.2348
    endloop
  endfacet
  facet normal -0.157156 -0.965995 0.20532
    outer loop
      vertex 1.40936 17.5796 36.1851
      vertex 1.69741 11.9111 9.73631
      vertex 1.42694 17.5825 36.2122
    endloop
  endfacet
  facet normal -0.154831 -0.966348 0.205421
    outer loop
      vertex 1.37533 17.5747 36.1364
      vertex 1.69741 11.9111 9.73631
      vertex 1.40936 17.5796 36.1851
    endloop
  endfacet
  facet normal -0.15608 -0.966159 0.205366
    outer loop
      vertex 1.36042 17.5729 36.1166
      vertex 1.69741 11.9111 9.73631
      vertex 1.37533 17.5747 36.1364
    endloop
  endfacet
  facet normal -0.156415 -0.966108 0.20535
    outer loop
      vertex 1.69741 11.9111 9.73631
      vertex 1.36042 17.5729 36.1166
      vertex 1.36042 11.9633 9.72521
    endloop
  endfacet
  facet normal -0.156415 -0.966109 0.205348
    outer loop
      vertex 1.36042 17.9967 38.1101
      vertex 1.69741 19.8117 46.9059
      vertex 1.36042 19.8639 46.8948
    endloop
  endfacet
  facet normal -0.154537 -0.966413 0.205339
    outer loop
      vertex 1.37533 17.9903 38.0912
      vertex 1.69741 19.8117 46.9059
      vertex 1.36042 17.9967 38.1101
    endloop
  endfacet
  facet normal -0.157159 -0.965988 0.205347
    outer loop
      vertex 1.40936 17.9749 38.0448
      vertex 1.69741 19.8117 46.9059
      vertex 1.37533 17.9903 38.0912
    endloop
  endfacet
  facet normal -0.157802 -0.965884 0.205346
    outer loop
      vertex 1.44168 17.9595 37.9972
      vertex 1.69741 19.8117 46.9059
      vertex 1.40936 17.9749 38.0448
    endloop
  endfacet
  facet normal -0.156437 -0.966104 0.205353
    outer loop
      vertex 1.47224 17.9442 37.9485
      vertex 1.69741 19.8117 46.9059
      vertex 1.44168 17.9595 37.9972
    endloop
  endfacet
  facet normal -0.154391 -0.96643 0.205369
    outer loop
      vertex 1.50101 17.929 37.8986
      vertex 1.69741 19.8117 46.9059
      vertex 1.47224 17.9442 37.9485
    endloop
  endfacet
  facet normal -0.16198 -0.965206 0.205279
    outer loop
      vertex 1.51332 17.922 37.8754
      vertex 1.69741 19.8117 46.9059
      vertex 1.50101 17.929 37.8986
    endloop
  endfacet
  facet normal -0.15423 -0.966453 0.205382
    outer loop
      vertex 1.52795 17.9138 37.8478
      vertex 1.69741 19.8117 46.9059
      vertex 1.51332 17.922 37.8754
    endloop
  endfacet
  facet normal -0.157888 -0.965874 0.205329
    outer loop
      vertex 1.54157 17.9056 37.8197
      vertex 1.69741 19.8117 46.9059
      vertex 1.52795 17.9138 37.8478
    endloop
  endfacet
  facet normal -0.156972 -0.96602 0.205344
    outer loop
      vertex 1.55303 17.8987 37.796
      vertex 1.69741 19.8117 46.9059
      vertex 1.54157 17.9056 37.8197
    endloop
  endfacet
  facet normal -0.155104 -0.966314 0.205376
    outer loop
      vertex 1.57621 17.8838 37.7434
      vertex 1.69741 19.8117 46.9059
      vertex 1.55303 17.8987 37.796
    endloop
  endfacet
  facet normal -0.158019 -0.965854 0.205318
    outer loop
      vertex 1.58594 17.877 37.7189
      vertex 1.69741 19.8117 46.9059
      vertex 1.57621 17.8838 37.7434
    endloop
  endfacet
  facet normal -0.153842 -0.96651 0.205405
    outer loop
      vertex 1.59748 17.869 37.6899
      vertex 1.69741 19.8117 46.9059
      vertex 1.58594 17.877 37.7189
    endloop
  endfacet
  facet normal -0.161287 -0.965331 0.205237
    outer loop
      vertex 1.60795 17.861 37.6605
      vertex 1.69741 19.8117 46.9059
      vertex 1.59748 17.869 37.6899
    endloop
  endfacet
  facet normal -0.153768 -0.96652 0.205415
    outer loop
      vertex 1.6168 17.8543 37.6356
      vertex 1.69741 19.8117 46.9059
      vertex 1.60795 17.861 37.6605
    endloop
  endfacet
  facet normal -0.157649 -0.965914 0.205321
    outer loop
      vertex 1.63414 17.8398 37.5807
      vertex 1.69741 19.8117 46.9059
      vertex 1.6168 17.8543 37.6356
    endloop
  endfacet
  facet normal -0.151345 -0.966887 0.205484
    outer loop
      vertex 1.64118 17.8333 37.5553
      vertex 1.69741 19.8117 46.9059
      vertex 1.63414 17.8398 37.5807
    endloop
  endfacet
  facet normal -0.160164 -0.965516 0.205247
    outer loop
      vertex 1.6495 17.8255 37.5251
      vertex 1.69741 19.8117 46.9059
      vertex 1.64118 17.8333 37.5553
    endloop
  endfacet
  facet normal -0.157392 -0.965955 0.205326
    outer loop
      vertex 1.66285 17.8114 37.469
      vertex 1.69741 19.8117 46.9059
      vertex 1.6495 17.8255 37.5251
    endloop
  endfacet
  facet normal -0.15666 -0.966069 0.205347
    outer loop
      vertex 1.66899 17.8039 37.4384
      vertex 1.69741 19.8117 46.9059
      vertex 1.66285 17.8114 37.469
    endloop
  endfacet
  facet normal -0.1447 -0.96786 0.205691
    outer loop
      vertex 1.67417 17.7976 37.4124
      vertex 1.69741 19.8117 46.9059
      vertex 1.66899 17.8039 37.4384
    endloop
  endfacet
  facet normal -0.154462 -0.966411 0.205408
    outer loop
      vertex 1.68346 17.784 37.3554
      vertex 1.69741 19.8117 46.9059
      vertex 1.67417 17.7976 37.4124
    endloop
  endfacet
  facet normal -0.160159 -0.965521 0.205227
    outer loop
      vertex 1.69069 17.7706 37.298
      vertex 1.69741 19.8117 46.9059
      vertex 1.68346 17.784 37.3554
    endloop
  endfacet
  facet normal -0.158345 -0.965808 0.205287
    outer loop
      vertex 1.69306 17.7646 37.2716
      vertex 1.69741 19.8117 46.9059
      vertex 1.69069 17.7706 37.298
    endloop
  endfacet
  facet normal -0.161434 -0.965318 0.205184
    outer loop
      vertex 1.69586 17.7575 37.2404
      vertex 1.69741 19.8117 46.9059
      vertex 1.69306 17.7646 37.2716
    endloop
  endfacet
  facet normal -0.160177 -0.965518 0.205226
    outer loop
      vertex 1.69741 19.8117 46.9059
      vertex 1.69586 17.7575 37.2404
      vertex 1.69741 17.7511 37.2115
    endloop
  endfacet
  facet normal -0.387801 0.214021 0.896552
    outer loop
      vertex 0.63683 17.5292 35.5563
      vertex 0.68187 17.5308 35.5754
      vertex 0.666798 17.5303 35.569
    endloop
  endfacet
  facet normal -0.0533452 -0.976755 0.207616
    outer loop
      vertex 0.63683 17.5292 35.5563
      vertex 0.68187 12.033 9.71039
      vertex 0.68187 17.5308 35.5754
    endloop
  endfacet
  facet normal -0.0519963 -0.976824 0.207634
    outer loop
      vertex 0.581433 17.5276 35.5349
      vertex 0.68187 12.033 9.71039
      vertex 0.63683 17.5292 35.5563
    endloop
  endfacet
  facet normal -0.0516453 -0.976841 0.207639
    outer loop
      vertex 0.525329 17.5264 35.5153
      vertex 0.68187 12.033 9.71039
      vertex 0.581433 17.5276 35.5349
    endloop
  endfacet
  facet normal -0.0519825 -0.976825 0.207633
    outer loop
      vertex 0.468583 17.5257 35.4978
      vertex 0.68187 12.033 9.71039
      vertex 0.525329 17.5264 35.5153
    endloop
  endfacet
  facet normal -0.053458 -0.976751 0.207605
    outer loop
      vertex 0.411266 17.5255 35.4821
      vertex 0.68187 12.033 9.71039
      vertex 0.468583 17.5257 35.4978
    endloop
  endfacet
  facet normal -0.0525772 -0.976795 0.207624
    outer loop
      vertex 0.35345 17.5257 35.4684
      vertex 0.68187 12.033 9.71039
      vertex 0.411266 17.5255 35.4821
    endloop
  endfacet
  facet normal -0.0484418 -0.976989 0.207718
    outer loop
      vertex 0.341142 17.5258 35.466
      vertex 0.68187 12.033 9.71039
      vertex 0.35345 17.5257 35.4684
    endloop
  endfacet
  facet normal -0.052436 -0.976802 0.207625
    outer loop
      vertex 0.68187 12.033 9.71039
      vertex 0.341142 17.5258 35.466
      vertex 0.341142 12.0505 9.70667
    endloop
  endfacet
  facet normal -0.0524238 -0.976802 0.207627
    outer loop
      vertex 0.341142 18.2183 38.7237
      vertex 0.68187 19.9337 46.88
      vertex 0.341142 19.9512 46.8763
    endloop
  endfacet
  facet normal -0.0580602 -0.976449 0.207788
    outer loop
      vertex 0.35345 18.2171 38.7215
      vertex 0.68187 19.9337 46.88
      vertex 0.341142 18.2183 38.7237
    endloop
  endfacet
  facet normal -0.0502459 -0.976928 0.207574
    outer loop
      vertex 0.385218 18.214 38.7146
      vertex 0.68187 19.9337 46.88
      vertex 0.35345 18.2171 38.7215
    endloop
  endfacet
  facet normal -0.0528582 -0.976777 0.207638
    outer loop
      vertex 0.411266 18.2114 38.709
      vertex 0.68187 19.9337 46.88
      vertex 0.385218 18.214 38.7146
    endloop
  endfacet
  facet normal -0.0518005 -0.976838 0.207615
    outer loop
      vertex 0.468583 18.2053 38.6946
      vertex 0.68187 19.9337 46.88
      vertex 0.411266 18.2114 38.709
    endloop
  endfacet
  facet normal -0.0552677 -0.976638 0.207663
    outer loop
      vertex 0.494167 18.2023 38.6873
      vertex 0.68187 19.9337 46.88
      vertex 0.468583 18.2053 38.6946
    endloop
  endfacet
  facet normal -0.0528738 -0.976776 0.207638
    outer loop
      vertex 0.525329 18.1987 38.6783
      vertex 0.68187 19.9337 46.88
      vertex 0.494167 18.2023 38.6873
    endloop
  endfacet
  facet normal -0.0515695 -0.976848 0.207628
    outer loop
      vertex 0.550633 18.1956 38.67
      vertex 0.68187 19.9337 46.88
      vertex 0.525329 18.1987 38.6783
    endloop
  endfacet
  facet normal -0.0499497 -0.976933 0.20762
    outer loop
      vertex 0.581433 18.1919 38.66
      vertex 0.68187 19.9337 46.88
      vertex 0.550633 18.1956 38.67
    endloop
  endfacet
  facet normal -0.0527114 -0.976788 0.207623
    outer loop
      vertex 0.611835 18.1879 38.6489
      vertex 0.68187 19.9337 46.88
      vertex 0.581433 18.1919 38.66
    endloop
  endfacet
  facet normal -0.0533678 -0.976752 0.207621
    outer loop
      vertex 0.63683 18.1846 38.6398
      vertex 0.68187 19.9337 46.88
      vertex 0.611835 18.1879 38.6489
    endloop
  endfacet
  facet normal -0.0505026 -0.976901 0.207637
    outer loop
      vertex 0.661484 18.1812 38.6298
      vertex 0.68187 19.9337 46.88
      vertex 0.63683 18.1846 38.6398
    endloop
  endfacet
  facet normal -0.0554297 -0.976643 0.207595
    outer loop
      vertex 0.68187 19.9337 46.88
      vertex 0.661484 18.1812 38.6298
      vertex 0.68187 18.1783 38.6216
    endloop
  endfacet
  facet normal -0.453963 -0.871549 0.185255
    outer loop
      vertex 4.28508 18.9893 47.0807
      vertex 4.58908 10.9371 9.94332
      vertex 4.58908 18.8378 47.1129
    endloop
  endfacet
  facet normal -0.454191 -0.871436 0.185229
    outer loop
      vertex 4.58908 10.9371 9.94332
      vertex 4.28508 18.9893 47.0807
      vertex 4.28508 11.0887 9.91112
    endloop
  endfacet
  facet normal -0.422757 -0.88644 0.188418
    outer loop
      vertex 3.97585 19.1304 47.0507
      vertex 4.28508 11.0887 9.91112
      vertex 4.28508 18.9893 47.0807
    endloop
  endfacet
  facet normal -0.422512 -0.886551 0.188444
    outer loop
      vertex 4.28508 11.0887 9.91112
      vertex 3.97585 19.1304 47.0507
      vertex 3.97585 11.2297 9.88114
    endloop
  endfacet
  facet normal -0.601729 -0.781247 0.16606
    outer loop
      vertex 5.7456 18.1309 47.2632
      vertex 6.01809 10.0294 10.1363
      vertex 6.01809 17.9301 47.3059
    endloop
  endfacet
  facet normal -0.601912 -0.781112 0.16603
    outer loop
      vertex 6.01809 10.0294 10.1363
      vertex 5.7456 18.1309 47.2632
      vertex 5.7456 10.2303 10.0936
    endloop
  endfacet
  facet normal -0.573534 -0.801281 0.170317
    outer loop
      vertex 5.46611 18.3223 47.2225
      vertex 5.7456 10.2303 10.0936
      vertex 5.7456 18.1309 47.2632
    endloop
  endfacet
  facet normal -0.573534 -0.801281 0.170317
    outer loop
      vertex 5.7456 10.2303 10.0936
      vertex 5.46611 18.3223 47.2225
      vertex 5.46611 10.4217 10.0529
    endloop
  endfacet
  facet normal -0.655999 -0.738269 0.156924
    outer loop
      vertex 6.28325 17.72 47.3505
      vertex 6.54075 9.60044 10.2275
      vertex 6.54075 17.5011 47.3971
    endloop
  endfacet
  facet normal -0.65608 -0.738199 0.156908
    outer loop
      vertex 6.54075 9.60044 10.2275
      vertex 6.28325 17.72 47.3505
      vertex 6.28325 9.81939 10.1809
    endloop
  endfacet
  facet normal 0.707136 -0.691626 0.14701
    outer loop
      vertex -7.03155 17.0375 47.4956
      vertex -6.79029 9.37283 10.2758
      vertex -6.79029 17.2735 47.4454
    endloop
  endfacet
  facet normal 0.707122 -0.69164 0.147013
    outer loop
      vertex -6.79029 9.37283 10.2758
      vertex -7.03155 17.0375 47.4956
      vertex -7.03155 9.13684 10.326
    endloop
  endfacet
  facet normal 0.777068 -0.615663 0.130863
    outer loop
      vertex -7.7028 16.2822 47.6561
      vertex -7.48808 8.64088 10.4314
      vertex -7.48808 16.5415 47.601
    endloop
  endfacet
  facet normal 0.777136 -0.61558 0.130846
    outer loop
      vertex -7.48808 8.64088 10.4314
      vertex -7.7028 16.2822 47.6561
      vertex -7.7028 8.38152 10.4865
    endloop
  endfacet
  facet normal 0.819168 -0.56102 0.119248
    outer loop
      vertex -8.10384 15.7422 47.7709
      vertex -7.90814 8.11499 10.5432
      vertex -7.90814 16.0156 47.7128
    endloop
  endfacet
  facet normal 0.819159 -0.561033 0.119251
    outer loop
      vertex -7.90814 8.11499 10.5432
      vertex -8.10384 15.7422 47.7709
      vertex -8.10384 7.8416 10.6013
    endloop
  endfacet
  facet normal 0.73139 -0.667056 0.141788
    outer loop
      vertex -7.26424 16.7934 47.5475
      vertex -7.03155 9.13684 10.326
      vertex -7.03155 17.0375 47.4956
    endloop
  endfacet
  facet normal 0.731364 -0.667084 0.141793
    outer loop
      vertex -7.03155 9.13684 10.326
      vertex -7.26424 16.7934 47.5475
      vertex -7.26424 8.89276 10.3779
    endloop
  endfacet
  facet normal 0.891026 -0.444032 0.0943818
    outer loop
      vertex -8.78571 14.587 48.0165
      vertex -8.63081 6.98374 10.7836
      vertex -8.63081 14.8844 47.9533
    endloop
  endfacet
  facet normal 0.891015 -0.444053 0.0943861
    outer loop
      vertex -8.63081 6.98374 10.7836
      vertex -8.78571 14.587 48.0165
      vertex -8.78571 6.68638 10.8469
    endloop
  endfacet
  facet normal 0.933555 -0.350602 0.0745221
    outer loop
      vertex -9.18549 13.6658 48.2123
      vertex -9.06322 6.0767 10.9764
      vertex -9.06322 13.9773 48.1461
    endloop
  endfacet
  facet normal 0.933589 -0.350516 0.0745047
    outer loop
      vertex -9.06322 6.0767 10.9764
      vertex -9.18549 13.6658 48.2123
      vertex -9.18549 5.76513 11.0427
    endloop
  endfacet
  facet normal 0.974373 -0.220023 0.0467674
    outer loop
      vertex -9.56139 12.3835 48.4848
      vertex -9.48464 4.80805 11.2461
      vertex -9.48464 12.7087 48.4157
    endloop
  endfacet
  facet normal 0.97437 -0.220035 0.0467699
    outer loop
      vertex -9.48464 4.80805 11.2461
      vertex -9.56139 12.3835 48.4848
      vertex -9.56139 4.48287 11.3152
    endloop
  endfacet
  facet normal 0.96593 -0.253149 0.0538088
    outer loop
      vertex -9.48464 12.7087 48.4157
      vertex -9.39633 5.13042 11.1776
      vertex -9.39633 13.0311 48.3472
    endloop
  endfacet
  facet normal 0.965924 -0.25317 0.0538131
    outer loop
      vertex -9.39633 5.13042 11.1776
      vertex -9.48464 12.7087 48.4157
      vertex -9.48464 4.80805 11.2461
    endloop
  endfacet
  facet normal 0.992549 -0.119187 0.0253341
    outer loop
      vertex -9.72145 11.395 48.6949
      vertex -9.67987 3.82563 11.4549
      vertex -9.67987 11.7263 48.6245
    endloop
  endfacet
  facet normal 0.992546 -0.119204 0.0253375
    outer loop
      vertex -9.67987 3.82563 11.4549
      vertex -9.72145 11.395 48.6949
      vertex -9.72145 3.49438 11.5253
    endloop
  endfacet
  facet normal 0.998631 -0.0511684 0.0108762
    outer loop
      vertex -9.76904 10.7293 48.8365
      vertex -9.75119 3.16191 11.596
      vertex -9.75119 11.0626 48.7656
    endloop
  endfacet
  facet normal 0.99863 -0.0511745 0.0108775
    outer loop
      vertex -9.75119 3.16191 11.596
      vertex -9.76904 10.7293 48.8365
      vertex -9.76904 2.82863 11.6668
    endloop
  endfacet
  facet normal 0.453963 -0.871549 0.185255
    outer loop
      vertex -4.58908 10.9371 9.94332
      vertex -4.28508 18.9893 47.0807
      vertex -4.58908 18.8378 47.1129
    endloop
  endfacet
  facet normal 0.454191 -0.871436 0.185229
    outer loop
      vertex -4.28508 18.9893 47.0807
      vertex -4.58908 10.9371 9.94332
      vertex -4.28508 11.0887 9.91112
    endloop
  endfacet
  facet normal 0.113196 0.457611 0.881918
    outer loop
      vertex -0.236594 17.5238 35.4478
      vertex -0.177698 17.5233 35.4405
      vertex -0.210075 17.5236 35.4445
    endloop
  endfacet
  facet normal 0.016855 -0.978009 0.207882
    outer loop
      vertex -0.341142 12.0505 9.70667
      vertex -0.295201 17.5247 35.4571
      vertex -0.341142 17.5258 35.466
    endloop
  endfacet
  facet normal 0.0183756 -0.977983 0.207873
    outer loop
      vertex -0.341142 12.0505 9.70667
      vertex -0.262987 17.5242 35.4519
      vertex -0.295201 17.5247 35.4571
    endloop
  endfacet
  facet normal 0.0174708 -0.977998 0.207879
    outer loop
      vertex -0.341142 12.0505 9.70667
      vertex -0.236594 17.5238 35.4478
      vertex -0.262987 17.5242 35.4519
    endloop
  endfacet
  facet normal 0.0174633 -0.977999 0.20788
    outer loop
      vertex -0.341142 12.0505 9.70667
      vertex -0.177698 17.5233 35.4405
      vertex -0.236594 17.5238 35.4478
    endloop
  endfacet
  facet normal 0.0187457 -0.977977 0.207867
    outer loop
      vertex -0.341142 12.0505 9.70667
      vertex -0.151085 17.5233 35.4381
      vertex -0.177698 17.5233 35.4405
    endloop
  endfacet
  facet normal 0.0155423 -0.978026 0.207901
    outer loop
      vertex -0.341142 12.0505 9.70667
      vertex -0.118586 17.5232 35.4352
      vertex -0.151085 17.5233 35.4381
    endloop
  endfacet
  facet normal 0.0181779 -0.977988 0.20787
    outer loop
      vertex -0.341142 12.0505 9.70667
      vertex -0.059329 17.5236 35.4319
      vertex -0.118586 17.5232 35.4352
    endloop
  endfacet
  facet normal 0.0185412 -0.977982 0.207865
    outer loop
      vertex -0.341142 12.0505 9.70667
      vertex -0.0326249 17.524 35.4314
      vertex -0.059329 17.5236 35.4319
    endloop
  endfacet
  facet normal 0.0164516 -0.978013 0.207896
    outer loop
      vertex -0.341142 12.0505 9.70667
      vertex 0 17.5244 35.4307
      vertex -0.0326249 17.524 35.4314
    endloop
  endfacet
  facet normal 0.0173833 -0.978 0.207881
    outer loop
      vertex 0 17.5244 35.4307
      vertex -0.341142 12.0505 9.70667
      vertex 0 12.0563 9.70543
    endloop
  endfacet
  facet normal 0.0174198 -0.977999 0.207881
    outer loop
      vertex -0.059329 18.2301 38.7556
      vertex 0 19.957 46.875
      vertex -0.341142 19.9512 46.8763
    endloop
  endfacet
  facet normal 0.0169782 -0.978006 0.207886
    outer loop
      vertex 0 19.957 46.875
      vertex -0.059329 18.2301 38.7556
      vertex 0 18.2313 38.7564
    endloop
  endfacet
  facet normal 0.0191961 -0.977955 0.207934
    outer loop
      vertex -0.341142 19.9512 46.8763
      vertex -0.0860037 18.2293 38.7543
      vertex -0.059329 18.2301 38.7556
    endloop
  endfacet
  facet normal 0.017444 -0.977997 0.207888
    outer loop
      vertex -0.341142 19.9512 46.8763
      vertex -0.118586 18.2284 38.7528
      vertex -0.0860037 18.2293 38.7543
    endloop
  endfacet
  facet normal 0.0158355 -0.978032 0.207851
    outer loop
      vertex -0.341142 19.9512 46.8763
      vertex -0.151085 18.2273 38.7501
      vertex -0.118586 18.2284 38.7528
    endloop
  endfacet
  facet normal 0.0203385 -0.977931 0.207935
    outer loop
      vertex -0.341142 19.9512 46.8763
      vertex -0.177698 18.2263 38.748
      vertex -0.151085 18.2273 38.7501
    endloop
  endfacet
  facet normal 0.0148758 -0.978048 0.20785
    outer loop
      vertex -0.341142 19.9512 46.8763
      vertex -0.210075 18.225 38.7442
      vertex -0.177698 18.2263 38.748
    endloop
  endfacet
  facet normal 0.0199485 -0.977945 0.20791
    outer loop
      vertex -0.341142 19.9512 46.8763
      vertex -0.236594 18.2238 38.7411
      vertex -0.210075 18.225 38.7442
    endloop
  endfacet
  facet normal 0.016825 -0.978009 0.207883
    outer loop
      vertex -0.341142 19.9512 46.8763
      vertex -0.295201 18.2209 38.7322
      vertex -0.236594 18.2238 38.7411
    endloop
  endfacet
  facet normal 0.0170908 -0.978004 0.207884
    outer loop
      vertex -0.341142 19.9512 46.8763
      vertex -0.321436 18.2194 38.7273
      vertex -0.295201 18.2209 38.7322
    endloop
  endfacet
  facet normal 0.0166158 -0.978012 0.207884
    outer loop
      vertex -0.321436 18.2194 38.7273
      vertex -0.341142 19.9512 46.8763
      vertex -0.341142 18.2183 38.7237
    endloop
  endfacet
  facet normal -0.999847 0.017086 -0.00363175
    outer loop
      vertex 9.775 2.49494 11.7378
      vertex 9.76904 10.0619 48.9783
      vertex 9.775 10.3956 48.9074
    endloop
  endfacet
  facet normal -0.999847 0.0170865 -0.00363185
    outer loop
      vertex 9.76904 10.0619 48.9783
      vertex 9.775 2.49494 11.7378
      vertex 9.76904 2.16125 11.8087
    endloop
  endfacet
  facet normal -0.0174306 0.977999 -0.20788
    outer loop
      vertex 0.341142 0.840017 50.9385
      vertex 0 -7.06645 13.7701
      vertex 0 0.834192 50.9397
    endloop
  endfacet
  facet normal -0.0174162 0.977999 -0.20788
    outer loop
      vertex 0 -7.06645 13.7701
      vertex 0.341142 0.840017 50.9385
      vertex 0.341142 -7.06063 13.7689
    endloop
  endfacet
  facet normal -0.0871674 0.974424 -0.20712
    outer loop
      vertex 1.02177 0.886571 50.9286
      vertex 0.68187 -7.04316 13.7652
      vertex 0.68187 0.857483 50.9348
    endloop
  endfacet
  facet normal -0.0871731 0.974424 -0.20712
    outer loop
      vertex 0.68187 -7.04316 13.7652
      vertex 1.02177 0.886571 50.9286
      vertex 1.02177 -7.01407 13.759
    endloop
  endfacet
  facet normal -0.121901 0.970853 -0.206361
    outer loop
      vertex 1.36042 0.927243 50.9199
      vertex 1.02177 -7.01407 13.759
      vertex 1.02177 0.886571 50.9286
    endloop
  endfacet
  facet normal -0.121896 0.970853 -0.206361
    outer loop
      vertex 1.02177 -7.01407 13.759
      vertex 1.36042 0.927243 50.9199
      vertex 1.36042 -6.9734 13.7503
    endloop
  endfacet
  facet normal -0.190782 0.960181 -0.204093
    outer loop
      vertex 2.03234 1.04313 50.8953
      vertex 1.69741 -6.92119 13.7392
      vertex 1.69741 0.979451 50.9088
    endloop
  endfacet
  facet normal -0.190785 0.960181 -0.204093
    outer loop
      vertex 1.69741 -6.92119 13.7392
      vertex 2.03234 1.04313 50.8953
      vertex 2.03234 -6.85751 13.7257
    endloop
  endfacet
  facet normal -0.156437 0.966105 -0.205352
    outer loop
      vertex 1.69741 0.979451 50.9088
      vertex 1.36042 -6.9734 13.7503
      vertex 1.36042 0.927243 50.9199
    endloop
  endfacet
  facet normal -0.156443 0.966104 -0.205352
    outer loop
      vertex 1.36042 -6.9734 13.7503
      vertex 1.69741 0.979451 50.9088
      vertex 1.69741 -6.92119 13.7392
    endloop
  endfacet
  facet normal -0.292421 0.935392 -0.198824
    outer loop
      vertex 3.02064 1.30216 50.8402
      vertex 2.69436 -6.69606 13.6914
      vertex 2.69436 1.20458 50.861
    endloop
  endfacet
  facet normal -0.292421 0.935392 -0.198824
    outer loop
      vertex 2.69436 -6.69606 13.6914
      vertex 3.02064 1.30216 50.8402
      vertex 3.02064 -6.59848 13.6706
    endloop
  endfacet
  facet normal -0.258763 0.944833 -0.200831
    outer loop
      vertex 2.69436 1.20458 50.861
      vertex 2.36479 -6.78244 13.7097
      vertex 2.36479 1.11821 50.8793
    endloop
  endfacet
  facet normal -0.258789 0.944826 -0.200829
    outer loop
      vertex 2.36479 -6.78244 13.7097
      vertex 2.69436 1.20458 50.861
      vertex 2.69436 -6.69606 13.6914
    endloop
  endfacet
  facet normal -0.390718 0.900395 -0.191385
    outer loop
      vertex 3.97585 1.66082 50.764
      vertex 3.66178 -6.37023 13.6221
      vertex 3.66178 1.53042 50.7917
    endloop
  endfacet
  facet normal -0.390718 0.900395 -0.191385
    outer loop
      vertex 3.66178 -6.37023 13.6221
      vertex 3.97585 1.66082 50.764
      vertex 3.97585 -6.23983 13.5944
    endloop
  endfacet
  facet normal -0.325526 0.924871 -0.196587
    outer loop
      vertex 3.34325 1.41082 50.8172
      vertex 3.02064 -6.59848 13.6706
      vertex 3.02064 1.30216 50.8402
    endloop
  endfacet
  facet normal -0.325555 0.924861 -0.196585
    outer loop
      vertex 3.02064 -6.59848 13.6706
      vertex 3.34325 1.41082 50.8172
      vertex 3.34325 -6.48983 13.6475
    endloop
  endfacet
  facet normal -0.358409 0.913164 -0.194099
    outer loop
      vertex 3.66178 1.53042 50.7917
      vertex 3.34325 -6.48983 13.6475
      vertex 3.34325 1.41082 50.8172
    endloop
  endfacet
  facet normal -0.358356 0.913184 -0.194103
    outer loop
      vertex 3.34325 -6.48983 13.6475
      vertex 3.66178 1.53042 50.7917
      vertex 3.66178 -6.37023 13.6221
    endloop
  endfacet
  facet normal -0.681982 0.715387 -0.15206
    outer loop
      vertex 6.79029 3.51769 50.3693
      vertex 6.54075 -4.61056 13.2481
      vertex 6.54075 3.29009 50.4177
    endloop
  endfacet
  facet normal -0.681997 0.715373 -0.152057
    outer loop
      vertex 6.54075 -4.61056 13.2481
      vertex 6.79029 3.51769 50.3693
      vertex 6.79029 -4.38295 13.1997
    endloop
  endfacet
  facet normal -0.629341 0.760147 -0.161574
    outer loop
      vertex 6.28325 3.07113 50.4642
      vertex 6.01809 -5.03954 13.3393
      vertex 6.01809 2.8611 50.5089
    endloop
  endfacet
  facet normal -0.629341 0.760147 -0.161574
    outer loop
      vertex 6.01809 -5.03954 13.3393
      vertex 6.28325 3.07113 50.4642
      vertex 6.28325 -4.82951 13.2946
    endloop
  endfacet
  facet normal -0.601802 0.781193 -0.166048
    outer loop
      vertex 6.01809 2.8611 50.5089
      vertex 5.7456 -5.24039 13.382
      vertex 5.7456 2.66026 50.5516
    endloop
  endfacet
  facet normal -0.60182 0.78118 -0.166045
    outer loop
      vertex 5.7456 -5.24039 13.382
      vertex 6.01809 2.8611 50.5089
      vertex 6.01809 -5.03954 13.3393
    endloop
  endfacet
  facet normal -0.484809 0.855508 -0.181844
    outer loop
      vertex 4.8875 2.11518 50.6674
      vertex 4.58908 -5.94727 13.5322
      vertex 4.58908 1.95338 50.7018
    endloop
  endfacet
  facet normal -0.484809 0.855508 -0.181844
    outer loop
      vertex 4.58908 -5.94727 13.5322
      vertex 4.8875 2.11518 50.6674
      vertex 4.8875 -5.78547 13.4978
    endloop
  endfacet
  facet normal -0.454009 0.871527 -0.185249
    outer loop
      vertex 4.58908 1.95338 50.7018
      vertex 4.28508 -6.09878 13.5644
      vertex 4.28508 1.80186 50.734
    endloop
  endfacet
  facet normal -0.453986 0.871538 -0.185251
    outer loop
      vertex 4.28508 -6.09878 13.5644
      vertex 4.58908 1.95338 50.7018
      vertex 4.58908 -5.94727 13.5322
    endloop
  endfacet
  facet normal -0.544629 0.82035 -0.174371
    outer loop
      vertex 5.46611 2.46883 50.5923
      vertex 5.17996 -5.61358 13.4613
      vertex 5.17996 2.28706 50.6309
    endloop
  endfacet
  facet normal -0.544629 0.82035 -0.174371
    outer loop
      vertex 5.17996 -5.61358 13.4613
      vertex 5.46611 2.46883 50.5923
      vertex 5.46611 -5.43181 13.4227
    endloop
  endfacet
  facet normal -0.838653 0.532763 -0.113242
    outer loop
      vertex 8.28967 -2.57183 12.8147
      vertex 8.10384 5.04892 50.0438
      vertex 8.28967 5.32882 49.9844
    endloop
  endfacet
  facet normal -0.838663 0.532749 -0.113239
    outer loop
      vertex 8.10384 5.04892 50.0438
      vertex 8.28967 -2.57183 12.8147
      vertex 8.10384 -2.85172 12.8742
    endloop
  endfacet
  facet normal -0.874616 0.474222 -0.100799
    outer loop
      vertex 8.63081 -1.99386 12.6919
      vertex 8.4654 5.61489 49.9235
      vertex 8.63081 5.90678 49.8615
    endloop
  endfacet
  facet normal -0.874623 0.47421 -0.100797
    outer loop
      vertex 8.4654 5.61489 49.9235
      vertex 8.63081 -1.99386 12.6919
      vertex 8.4654 -2.28576 12.7539
    endloop
  endfacet
  facet normal -0.920507 0.382188 -0.0812365
    outer loop
      vertex 9.06322 -1.08682 12.4991
      vertex 8.92991 6.50662 49.734
      vertex 9.06322 6.81382 49.6687
    endloop
  endfacet
  facet normal -0.920511 0.382178 -0.0812344
    outer loop
      vertex 8.92991 6.50662 49.734
      vertex 9.06322 -1.08682 12.4991
      vertex 8.92991 -1.39403 12.5644
    endloop
  endfacet
  facet normal -0.891009 0.444066 -0.0943892
    outer loop
      vertex 8.78571 -1.6965 12.6287
      vertex 8.63081 5.90678 49.8615
      vertex 8.78571 6.20415 49.7983
    endloop
  endfacet
  facet normal -0.891003 0.444077 -0.0943915
    outer loop
      vertex 8.63081 5.90678 49.8615
      vertex 8.78571 -1.6965 12.6287
      vertex 8.63081 -1.99386 12.6919
    endloop
  endfacet
  facet normal -0.906303 0.413393 -0.0878694
    outer loop
      vertex 8.92991 -1.39403 12.5644
      vertex 8.78571 6.20415 49.7983
      vertex 8.92991 6.50662 49.734
    endloop
  endfacet
  facet normal -0.906303 0.413393 -0.0878694
    outer loop
      vertex 8.78571 6.20415 49.7983
      vertex 8.92991 -1.39403 12.5644
      vertex 8.78571 -1.6965 12.6287
    endloop
  endfacet
  facet normal -0.965926 0.253163 -0.0538113
    outer loop
      vertex 9.48464 0.18183 12.2294
      vertex 9.39633 7.76011 49.4676
      vertex 9.48464 8.08247 49.399
    endloop
  endfacet
  facet normal -0.965927 0.253158 -0.0538103
    outer loop
      vertex 9.39633 7.76011 49.4676
      vertex 9.48464 0.18183 12.2294
      vertex 9.39633 -0.140537 12.298
    endloop
  endfacet
  facet normal -0.981623 0.186661 -0.0396761
    outer loop
      vertex 9.6265 0.834622 12.0907
      vertex 9.56139 8.40766 49.3299
      vertex 9.6265 8.73527 49.2603
    endloop
  endfacet
  facet normal -0.981623 0.186663 -0.0396764
    outer loop
      vertex 9.56139 8.40766 49.3299
      vertex 9.6265 0.834622 12.0907
      vertex 9.56139 0.507015 12.1603
    endloop
  endfacet
  facet normal -0.974372 0.220029 -0.0467687
    outer loop
      vertex 9.56139 0.507015 12.1603
      vertex 9.48464 8.08247 49.399
      vertex 9.56139 8.40766 49.3299
    endloop
  endfacet
  facet normal -0.974371 0.220032 -0.0467693
    outer loop
      vertex 9.48464 8.08247 49.399
      vertex 9.56139 0.507015 12.1603
      vertex 9.48464 0.18183 12.2294
    endloop
  endfacet
  facet normal -0.996194 0.0852576 -0.0181221
    outer loop
      vertex 9.75119 1.82797 11.8795
      vertex 9.72145 9.39615 49.1198
      vertex 9.75119 9.72862 49.0491
    endloop
  endfacet
  facet normal -0.996194 0.0852576 -0.0181221
    outer loop
      vertex 9.72145 9.39615 49.1198
      vertex 9.75119 1.82797 11.8795
      vertex 9.72145 1.4955 11.9502
    endloop
  endfacet
  facet normal -0.992546 0.119204 -0.0253376
    outer loop
      vertex 9.72145 1.4955 11.9502
      vertex 9.67987 9.0649 49.1902
      vertex 9.72145 9.39615 49.1198
    endloop
  endfacet
  facet normal -0.992546 0.119204 -0.0253376
    outer loop
      vertex 9.67987 9.0649 49.1902
      vertex 9.72145 1.4955 11.9502
      vertex 9.67987 1.16425 12.0206
    endloop
  endfacet
  facet normal 0.656062 0.738215 -0.156912
    outer loop
      vertex -6.28325 -4.82951 13.2946
      vertex -6.54075 3.29009 50.4177
      vertex -6.28325 3.07113 50.4642
    endloop
  endfacet
  facet normal 0.656046 0.738229 -0.156916
    outer loop
      vertex -6.54075 3.29009 50.4177
      vertex -6.28325 -4.82951 13.2946
      vertex -6.54075 -4.61056 13.2481
    endloop
  endfacet
  facet normal 0.707091 0.69167 -0.147019
    outer loop
      vertex -6.79029 3.51769 50.3693
      vertex -7.03155 -4.14696 13.1496
      vertex -7.03155 3.75368 50.3192
    endloop
  endfacet
  facet normal 0.707091 0.69167 -0.147019
    outer loop
      vertex -7.03155 -4.14696 13.1496
      vertex -6.79029 3.51769 50.3693
      vertex -6.79029 -4.38295 13.1997
    endloop
  endfacet
  facet normal 0.681982 0.715387 -0.15206
    outer loop
      vertex -6.54075 -4.61056 13.2481
      vertex -6.79029 3.51769 50.3693
      vertex -6.54075 3.29009 50.4177
    endloop
  endfacet
  facet normal 0.681997 0.715373 -0.152057
    outer loop
      vertex -6.79029 3.51769 50.3693
      vertex -6.54075 -4.61056 13.2481
      vertex -6.79029 -4.38295 13.1997
    endloop
  endfacet
  facet normal 0.601802 0.781193 -0.166048
    outer loop
      vertex -5.7456 -5.24039 13.382
      vertex -6.01809 2.8611 50.5089
      vertex -5.7456 2.66026 50.5516
    endloop
  endfacet
  facet normal 0.60182 0.78118 -0.166045
    outer loop
      vertex -6.01809 2.8611 50.5089
      vertex -5.7456 -5.24039 13.382
      vertex -6.01809 -5.03954 13.3393
    endloop
  endfacet
  facet normal 0.454009 0.871527 -0.185249
    outer loop
      vertex -4.28508 -6.09878 13.5644
      vertex -4.58908 1.95338 50.7018
      vertex -4.28508 1.80186 50.734
    endloop
  endfacet
  facet normal 0.453986 0.871538 -0.185251
    outer loop
      vertex -4.58908 1.95338 50.7018
      vertex -4.28508 -6.09878 13.5644
      vertex -4.58908 -5.94727 13.5322
    endloop
  endfacet
  facet normal 0.515006 0.838455 -0.178219
    outer loop
      vertex -4.8875 -5.78547 13.4978
      vertex -5.17996 2.28706 50.6309
      vertex -4.8875 2.11518 50.6674
    endloop
  endfacet
  facet normal 0.515027 0.838443 -0.178216
    outer loop
      vertex -5.17996 2.28706 50.6309
      vertex -4.8875 -5.78547 13.4978
      vertex -5.17996 -5.61358 13.4613
    endloop
  endfacet
  facet normal 0.258763 0.944833 -0.200831
    outer loop
      vertex -2.36479 -6.78244 13.7097
      vertex -2.69436 1.20458 50.861
      vertex -2.36479 1.11821 50.8793
    endloop
  endfacet
  facet normal 0.258789 0.944826 -0.200829
    outer loop
      vertex -2.69436 1.20458 50.861
      vertex -2.36479 -6.78244 13.7097
      vertex -2.69436 -6.69606 13.6914
    endloop
  endfacet
  facet normal 0.0523266 0.976808 -0.207627
    outer loop
      vertex -0.341142 -7.06063 13.7689
      vertex -0.68187 0.857483 50.9348
      vertex -0.341142 0.840017 50.9385
    endloop
  endfacet
  facet normal 0.052338 0.976807 -0.207627
    outer loop
      vertex -0.68187 0.857483 50.9348
      vertex -0.341142 -7.06063 13.7689
      vertex -0.68187 -7.04316 13.7652
    endloop
  endfacet
  facet normal 0.731364 0.667084 -0.141793
    outer loop
      vertex -7.03155 3.75368 50.3192
      vertex -7.26424 -3.90288 13.0977
      vertex -7.26424 3.99776 50.2673
    endloop
  endfacet
  facet normal 0.731364 0.667084 -0.141793
    outer loop
      vertex -7.26424 -3.90288 13.0977
      vertex -7.03155 3.75368 50.3192
      vertex -7.03155 -4.14696 13.1496
    endloop
  endfacet
  facet normal 0.777136 0.615581 -0.130846
    outer loop
      vertex -7.48808 4.24964 50.2137
      vertex -7.7028 -3.39164 12.989
      vertex -7.7028 4.509 50.1586
    endloop
  endfacet
  facet normal 0.777136 0.615581 -0.130846
    outer loop
      vertex -7.7028 -3.39164 12.989
      vertex -7.48808 4.24964 50.2137
      vertex -7.48808 -3.651 13.0441
    endloop
  endfacet
  facet normal 0.754737 0.641692 -0.136396
    outer loop
      vertex -7.26424 3.99776 50.2673
      vertex -7.48808 -3.651 13.0441
      vertex -7.48808 4.24964 50.2137
    endloop
  endfacet
  facet normal 0.754737 0.641692 -0.136396
    outer loop
      vertex -7.48808 -3.651 13.0441
      vertex -7.26424 3.99776 50.2673
      vertex -7.26424 -3.90288 13.0977
    endloop
  endfacet
  facet normal 0.965926 0.253163 -0.0538113
    outer loop
      vertex -9.39633 7.76011 49.4676
      vertex -9.48464 0.18183 12.2294
      vertex -9.48464 8.08247 49.399
    endloop
  endfacet
  facet normal 0.965927 0.253158 -0.0538103
    outer loop
      vertex -9.48464 0.18183 12.2294
      vertex -9.39633 7.76011 49.4676
      vertex -9.39633 -0.140537 12.298
    endloop
  endfacet
  facet normal 0.981623 0.186661 -0.0396761
    outer loop
      vertex -9.56139 8.40766 49.3299
      vertex -9.6265 0.834622 12.0907
      vertex -9.6265 8.73527 49.2603
    endloop
  endfacet
  facet normal 0.981623 0.186663 -0.0396764
    outer loop
      vertex -9.6265 0.834622 12.0907
      vertex -9.56139 8.40766 49.3299
      vertex -9.56139 0.507015 12.1603
    endloop
  endfacet
  facet normal 0.992546 0.119204 -0.0253376
    outer loop
      vertex -9.67987 9.0649 49.1902
      vertex -9.72145 1.4955 11.9502
      vertex -9.72145 9.39615 49.1198
    endloop
  endfacet
  facet normal 0.992546 0.119204 -0.0253376
    outer loop
      vertex -9.72145 1.4955 11.9502
      vertex -9.67987 9.0649 49.1902
      vertex -9.67987 1.16425 12.0206
    endloop
  endfacet
  facet normal 0.987691 0.153 -0.0325211
    outer loop
      vertex -9.6265 8.73527 49.2603
      vertex -9.67987 1.16425 12.0206
      vertex -9.67987 9.0649 49.1902
    endloop
  endfacet
  facet normal 0.987691 0.153001 -0.0325213
    outer loop
      vertex -9.67987 1.16425 12.0206
      vertex -9.6265 8.73527 49.2603
      vertex -9.6265 0.834622 12.0907
    endloop
  endfacet
  facet normal 0.996194 0.0852576 -0.0181221
    outer loop
      vertex -9.72145 9.39615 49.1198
      vertex -9.75119 1.82797 11.8795
      vertex -9.75119 9.72862 49.0491
    endloop
  endfacet
  facet normal 0.996194 0.0852576 -0.0181221
    outer loop
      vertex -9.75119 1.82797 11.8795
      vertex -9.72145 9.39615 49.1198
      vertex -9.72145 1.4955 11.9502
    endloop
  endfacet
  facet normal 0.999847 0.017086 -0.00363175
    outer loop
      vertex -9.76904 10.0619 48.9783
      vertex -9.775 2.49494 11.7378
      vertex -9.775 10.3956 48.9074
    endloop
  endfacet
  facet normal 0.999847 0.0170865 -0.00363185
    outer loop
      vertex -9.775 2.49494 11.7378
      vertex -9.76904 10.0619 48.9783
      vertex -9.76904 2.16125 11.8087
    endloop
  endfacet
  facet normal 0.798707 -0.588571 0.125105
    outer loop
      vertex -7.90814 16.0156 47.7128
      vertex -7.7028 8.38152 10.4865
      vertex -7.7028 16.2822 47.6561
    endloop
  endfacet
  facet normal 0.798634 -0.588666 0.125124
    outer loop
      vertex -7.7028 8.38152 10.4865
      vertex -7.90814 16.0156 47.7128
      vertex -7.90814 8.11499 10.5432
    endloop
  endfacet
  facet normal 0.754735 -0.641694 0.136396
    outer loop
      vertex -7.48808 16.5415 47.601
      vertex -7.26424 8.89276 10.3779
      vertex -7.26424 16.7934 47.5475
    endloop
  endfacet
  facet normal 0.75471 -0.641722 0.136402
    outer loop
      vertex -7.26424 8.89276 10.3779
      vertex -7.48808 16.5415 47.601
      vertex -7.48808 8.64088 10.4314
    endloop
  endfacet
  facet normal 0.629425 -0.76008 0.161559
    outer loop
      vertex -6.28325 9.81939 10.1809
      vertex -6.01809 17.9301 47.3059
      vertex -6.28325 17.72 47.3505
    endloop
  endfacet
  facet normal 0.62927 -0.760203 0.161587
    outer loop
      vertex -6.01809 17.9301 47.3059
      vertex -6.28325 9.81939 10.1809
      vertex -6.01809 10.0294 10.1363
    endloop
  endfacet
  facet normal 0.573534 -0.801281 0.170317
    outer loop
      vertex -5.7456 10.2303 10.0936
      vertex -5.46611 18.3223 47.2225
      vertex -5.7456 18.1309 47.2632
    endloop
  endfacet
  facet normal 0.573534 -0.801281 0.170317
    outer loop
      vertex -5.46611 18.3223 47.2225
      vertex -5.7456 10.2303 10.0936
      vertex -5.46611 10.4217 10.0529
    endloop
  endfacet
  facet normal 0.292418 -0.935394 0.198823
    outer loop
      vertex -3.02064 11.5884 9.8049
      vertex -2.69436 19.5866 46.9538
      vertex -3.02064 19.489 46.9745
    endloop
  endfacet
  facet normal 0.292178 -0.935465 0.19884
    outer loop
      vertex -2.69436 19.5866 46.9538
      vertex -3.02064 11.5884 9.8049
      vertex -2.69436 11.6859 9.78416
    endloop
  endfacet
  facet normal 0.123445 -0.970667 0.206319
    outer loop
      vertex -1.36042 11.9633 9.72521
      vertex -1.33962 17.5697 36.0891
      vertex -1.36042 17.5729 36.1166
    endloop
  endfacet
  facet normal 0.120961 -0.970965 0.206385
    outer loop
      vertex -1.36042 11.9633 9.72521
      vertex -1.31927 17.5669 36.064
      vertex -1.33962 17.5697 36.0891
    endloop
  endfacet
  facet normal 0.123536 -0.970656 0.206315
    outer loop
      vertex -1.36042 11.9633 9.72521
      vertex -1.30227 17.5646 36.043
      vertex -1.31927 17.5669 36.064
    endloop
  endfacet
  facet normal 0.12264 -0.970764 0.20634
    outer loop
      vertex -1.36042 11.9633 9.72521
      vertex -1.28457 17.5625 36.0226
      vertex -1.30227 17.5646 36.043
    endloop
  endfacet
  facet normal 0.122888 -0.970734 0.206333
    outer loop
      vertex -1.36042 11.9633 9.72521
      vertex -1.26335 17.56 35.9982
      vertex -1.28457 17.5625 36.0226
    endloop
  endfacet
  facet normal 0.121072 -0.970951 0.206386
    outer loop
      vertex -1.36042 11.9633 9.72521
      vertex -1.22288 17.5558 35.9547
      vertex -1.26335 17.56 35.9982
    endloop
  endfacet
  facet normal 0.121449 -0.970907 0.206374
    outer loop
      vertex -1.36042 11.9633 9.72521
      vertex -1.18092 17.5521 35.9126
      vertex -1.22288 17.5558 35.9547
    endloop
  endfacet
  facet normal 0.121937 -0.970849 0.206359
    outer loop
      vertex -1.36042 11.9633 9.72521
      vertex -1.13752 17.5489 35.8719
      vertex -1.18092 17.5521 35.9126
    endloop
  endfacet
  facet normal 0.122104 -0.970829 0.206353
    outer loop
      vertex -1.36042 11.9633 9.72521
      vertex -1.09274 17.5462 35.8327
      vertex -1.13752 17.5489 35.8719
    endloop
  endfacet
  facet normal 0.122363 -0.970798 0.206344
    outer loop
      vertex -1.36042 11.9633 9.72521
      vertex -1.04662 17.544 35.795
      vertex -1.09274 17.5462 35.8327
    endloop
  endfacet
  facet normal 0.122602 -0.97077 0.206335
    outer loop
      vertex -1.36042 11.9633 9.72521
      vertex -1.02177 17.5431 35.776
      vertex -1.04662 17.544 35.795
    endloop
  endfacet
  facet normal 0.121944 -0.970848 0.20636
    outer loop
      vertex -1.02177 17.5431 35.776
      vertex -1.36042 11.9633 9.72521
      vertex -1.02177 12.004 9.71657
    endloop
  endfacet
  facet normal 0.12192 -0.97085 0.206361
    outer loop
      vertex -1.36042 19.8639 46.8948
      vertex -1.02177 18.1079 38.4334
      vertex -1.02177 19.9046 46.8862
    endloop
  endfacet
  facet normal 0.122558 -0.970768 0.206369
    outer loop
      vertex -1.36042 19.8639 46.8948
      vertex -1.04662 18.101 38.4157
      vertex -1.02177 18.1079 38.4334
    endloop
  endfacet
  facet normal 0.12159 -0.970892 0.206359
    outer loop
      vertex -1.36042 19.8639 46.8948
      vertex -1.09274 18.0877 38.3803
      vertex -1.04662 18.101 38.4157
    endloop
  endfacet
  facet normal 0.12024 -0.971062 0.206352
    outer loop
      vertex -1.36042 19.8639 46.8948
      vertex -1.1172 18.0804 38.3602
      vertex -1.09274 18.0877 38.3803
    endloop
  endfacet
  facet normal 0.125471 -0.970398 0.206362
    outer loop
      vertex -1.36042 19.8639 46.8948
      vertex -1.13752 18.0742 38.3434
      vertex -1.1172 18.0804 38.3602
    endloop
  endfacet
  facet normal 0.117471 -0.971398 0.206363
    outer loop
      vertex -1.36042 19.8639 46.8948
      vertex -1.15722 18.0681 38.3259
      vertex -1.13752 18.0742 38.3434
    endloop
  endfacet
  facet normal 0.124297 -0.970552 0.206348
    outer loop
      vertex -1.36042 19.8639 46.8948
      vertex -1.18092 18.0606 38.3049
      vertex -1.15722 18.0681 38.3259
    endloop
  endfacet
  facet normal 0.120319 -0.971048 0.206369
    outer loop
      vertex -1.36042 19.8639 46.8948
      vertex -1.22288 18.0469 38.2649
      vertex -1.18092 18.0606 38.3049
    endloop
  endfacet
  facet normal 0.122344 -0.9708 0.206349
    outer loop
      vertex -1.36042 19.8639 46.8948
      vertex -1.26335 18.033 38.2235
      vertex -1.22288 18.0469 38.2649
    endloop
  endfacet
  facet normal 0.125601 -0.970394 0.2063
    outer loop
      vertex -1.36042 19.8639 46.8948
      vertex -1.28457 18.0253 38.2002
      vertex -1.26335 18.033 38.2235
    endloop
  endfacet
  facet normal 0.118295 -0.971285 0.206424
    outer loop
      vertex -1.36042 19.8639 46.8948
      vertex -1.30227 18.019 38.1807
      vertex -1.28457 18.0253 38.2002
    endloop
  endfacet
  facet normal 0.12152 -0.9709 0.206364
    outer loop
      vertex -1.36042 19.8639 46.8948
      vertex -1.31927 18.0126 38.1606
      vertex -1.30227 18.019 38.1807
    endloop
  endfacet
  facet normal 0.123938 -0.970605 0.206313
    outer loop
      vertex -1.36042 19.8639 46.8948
      vertex -1.33962 18.0049 38.1366
      vertex -1.31927 18.0126 38.1606
    endloop
  endfacet
  facet normal 0.121236 -0.970933 0.206376
    outer loop
      vertex -1.36042 19.8639 46.8948
      vertex -1.35907 17.9972 38.1118
      vertex -1.33962 18.0049 38.1366
    endloop
  endfacet
  facet normal 0.0999654 -0.973249 0.206865
    outer loop
      vertex -1.35907 17.9972 38.1118
      vertex -1.36042 19.8639 46.8948
      vertex -1.36042 17.9967 38.1101
    endloop
  endfacet
  facet normal -0.0523266 0.976808 -0.207627
    outer loop
      vertex 0.68187 0.857483 50.9348
      vertex 0.341142 -7.06063 13.7689
      vertex 0.341142 0.840017 50.9385
    endloop
  endfacet
  facet normal -0.052338 0.976807 -0.207627
    outer loop
      vertex 0.341142 -7.06063 13.7689
      vertex 0.68187 0.857483 50.9348
      vertex 0.68187 -7.04316 13.7652
    endloop
  endfacet
  facet normal -0.798623 0.588681 -0.125128
    outer loop
      vertex 7.90814 -3.12511 12.9323
      vertex 7.7028 4.509 50.1586
      vertex 7.90814 4.77554 50.102
    endloop
  endfacet
  facet normal -0.798634 0.588665 -0.125125
    outer loop
      vertex 7.7028 4.509 50.1586
      vertex 7.90814 -3.12511 12.9323
      vertex 7.7028 -3.39164 12.989
    endloop
  endfacet
  facet normal -0.754737 0.641692 -0.136396
    outer loop
      vertex 7.48808 -3.651 13.0441
      vertex 7.26424 3.99776 50.2673
      vertex 7.48808 4.24964 50.2137
    endloop
  endfacet
  facet normal -0.754737 0.641692 -0.136396
    outer loop
      vertex 7.26424 3.99776 50.2673
      vertex 7.48808 -3.651 13.0441
      vertex 7.26424 -3.90288 13.0977
    endloop
  endfacet
  facet normal -0.956308 0.285971 -0.0607851
    outer loop
      vertex 9.39633 -0.140537 12.298
      vertex 9.29658 7.44095 49.5354
      vertex 9.39633 7.76011 49.4676
    endloop
  endfacet
  facet normal -0.956307 0.285975 -0.0607859
    outer loop
      vertex 9.29658 7.44095 49.5354
      vertex 9.39633 -0.140537 12.298
      vertex 9.29658 -0.459692 12.3658
    endloop
  endfacet
  facet normal 0.325526 0.924871 -0.196587
    outer loop
      vertex -3.02064 -6.59848 13.6706
      vertex -3.34325 1.41082 50.8172
      vertex -3.02064 1.30216 50.8402
    endloop
  endfacet
  facet normal 0.325555 0.924861 -0.196585
    outer loop
      vertex -3.34325 1.41082 50.8172
      vertex -3.02064 -6.59848 13.6706
      vertex -3.34325 -6.48983 13.6475
    endloop
  endfacet
  facet normal 0.121901 0.970853 -0.206361
    outer loop
      vertex -1.02177 -7.01407 13.759
      vertex -1.36042 0.927243 50.9199
      vertex -1.02177 0.886571 50.9286
    endloop
  endfacet
  facet normal 0.121896 0.970853 -0.206361
    outer loop
      vertex -1.36042 0.927243 50.9199
      vertex -1.02177 -7.01407 13.759
      vertex -1.36042 -6.9734 13.7503
    endloop
  endfacet
  facet normal 0.798623 0.588681 -0.125128
    outer loop
      vertex -7.7028 4.509 50.1586
      vertex -7.90814 -3.12511 12.9323
      vertex -7.90814 4.77554 50.102
    endloop
  endfacet
  facet normal 0.798634 0.588665 -0.125125
    outer loop
      vertex -7.90814 -3.12511 12.9323
      vertex -7.7028 4.509 50.1586
      vertex -7.7028 -3.39164 12.989
    endloop
  endfacet
  facet normal 0.891009 0.444066 -0.0943892
    outer loop
      vertex -8.63081 5.90678 49.8615
      vertex -8.78571 -1.6965 12.6287
      vertex -8.78571 6.20415 49.7983
    endloop
  endfacet
  facet normal 0.891003 0.444077 -0.0943915
    outer loop
      vertex -8.78571 -1.6965 12.6287
      vertex -8.63081 5.90678 49.8615
      vertex -8.63081 -1.99386 12.6919
    endloop
  endfacet
  facet normal 0.945511 0.318474 -0.0676938
    outer loop
      vertex -9.18549 7.1254 49.6025
      vertex -9.29658 -0.459692 12.3658
      vertex -9.29658 7.44095 49.5354
    endloop
  endfacet
  facet normal 0.945513 0.318469 -0.0676928
    outer loop
      vertex -9.29658 -0.459692 12.3658
      vertex -9.18549 7.1254 49.6025
      vertex -9.18549 -0.775248 12.4329
    endloop
  endfacet
  facet normal 0.933584 0.350526 -0.0745067
    outer loop
      vertex -9.06322 6.81382 49.6687
      vertex -9.18549 -0.775248 12.4329
      vertex -9.18549 7.1254 49.6025
    endloop
  endfacet
  facet normal 0.933582 0.350534 -0.0745083
    outer loop
      vertex -9.18549 -0.775248 12.4329
      vertex -9.06322 6.81382 49.6687
      vertex -9.06322 -1.08682 12.4991
    endloop
  endfacet
  facet normal 0.99863 0.0511745 -0.0108775
    outer loop
      vertex -9.75119 9.72862 49.0491
      vertex -9.76904 2.16125 11.8087
      vertex -9.76904 10.0619 48.9783
    endloop
  endfacet
  facet normal 0.99863 0.0511745 -0.0108775
    outer loop
      vertex -9.76904 2.16125 11.8087
      vertex -9.75119 9.72862 49.0491
      vertex -9.75119 1.82797 11.8795
    endloop
  endfacet
  facet normal -0.777136 0.615581 -0.130846
    outer loop
      vertex 7.7028 -3.39164 12.989
      vertex 7.48808 4.24964 50.2137
      vertex 7.7028 4.509 50.1586
    endloop
  endfacet
  facet normal -0.777136 0.615581 -0.130846
    outer loop
      vertex 7.48808 4.24964 50.2137
      vertex 7.7028 -3.39164 12.989
      vertex 7.48808 -3.651 13.0441
    endloop
  endfacet
  facet normal 0.0160176 -0.400803 0.916024
    outer loop
      vertex 10.8986 -7.6105 19.0418
      vertex 26.1425 -25.3806 11
      vertex 26.2526 -25.3762 11
    endloop
  endfacet
  facet normal 0.0160141 -0.400806 0.916023
    outer loop
      vertex 26.1425 -25.3806 11
      vertex 10.8986 -7.6105 19.0418
      vertex 10.8825 -7.62737 19.0347
    endloop
  endfacet
  facet normal 0.0134819 -0.402637 0.91526
    outer loop
      vertex 26.1425 -25.3806 11
      vertex 10.8825 -7.62737 19.0347
      vertex 10.8737 -7.63653 19.0308
    endloop
  endfacet
  facet normal 0.0302217 -0.390394 0.920152
    outer loop
      vertex 10.9242 -7.58391 19.0522
      vertex 26.2526 -25.3762 11
      vertex 26.3624 -25.3677 11
    endloop
  endfacet
  facet normal 0.0317666 -0.389257 0.920581
    outer loop
      vertex 26.2526 -25.3762 11
      vertex 10.9242 -7.58391 19.0522
      vertex 10.9076 -7.60111 19.0455
    endloop
  endfacet
  facet normal 0.0295884 -0.390862 0.919973
    outer loop
      vertex 26.2526 -25.3762 11
      vertex 10.9076 -7.60111 19.0455
      vertex 10.8986 -7.6105 19.0418
    endloop
  endfacet
  facet normal 0.0434775 -0.380515 0.923752
    outer loop
      vertex 10.9504 -7.5568 19.0621
      vertex 26.3624 -25.3677 11
      vertex 26.4718 -25.3552 11
    endloop
  endfacet
  facet normal 0.0441197 -0.380035 0.923919
    outer loop
      vertex 26.3624 -25.3677 11
      vertex 10.9504 -7.5568 19.0621
      vertex 10.9242 -7.58391 19.0522
    endloop
  endfacet
  facet normal 0.0562414 -0.370852 0.926987
    outer loop
      vertex 10.9766 -7.52848 19.0719
      vertex 26.4718 -25.3552 11
      vertex 26.5806 -25.3387 11
    endloop
  endfacet
  facet normal 0.055435 -0.371464 0.926791
    outer loop
      vertex 26.4718 -25.3552 11
      vertex 10.9766 -7.52848 19.0719
      vertex 10.9599 -7.54694 19.0655
    endloop
  endfacet
  facet normal 0.0599878 -0.367996 0.92789
    outer loop
      vertex 10.9582 -7.54873 19.0649
      vertex 26.4718 -25.3552 11
      vertex 10.9599 -7.54694 19.0655
    endloop
  endfacet
  facet normal 0.0534045 -0.373007 0.92629
    outer loop
      vertex 26.4718 -25.3552 11
      vertex 10.9582 -7.54873 19.0649
      vertex 10.9504 -7.5568 19.0621
    endloop
  endfacet
  facet normal 0.0684793 -0.361437 0.929878
    outer loop
      vertex 11.0031 -7.49938 19.0812
      vertex 26.5806 -25.3387 11
      vertex 26.6888 -25.3182 11
    endloop
  endfacet
  facet normal 0.0691804 -0.360897 0.930036
    outer loop
      vertex 26.5806 -25.3387 11
      vertex 11.0031 -7.49938 19.0812
      vertex 10.986 -7.51812 19.0752
    endloop
  endfacet
  facet normal 0.0702532 -0.360067 0.930277
    outer loop
      vertex 26.5806 -25.3387 11
      vertex 10.986 -7.51812 19.0752
      vertex 10.9766 -7.52848 19.0719
    endloop
  endfacet
  facet normal 0.0803391 -0.35218 0.932478
    outer loop
      vertex 11.0302 -7.46984 19.0901
      vertex 26.6888 -25.3182 11
      vertex 26.7962 -25.2937 11
    endloop
  endfacet
  facet normal 0.0795881 -0.352768 0.93232
    outer loop
      vertex 26.6888 -25.3182 11
      vertex 11.0302 -7.46984 19.0901
      vertex 11.0128 -7.48883 19.0844
    endloop
  endfacet
  facet normal 0.0777785 -0.354184 0.931936
    outer loop
      vertex 26.6888 -25.3182 11
      vertex 11.0128 -7.48883 19.0844
      vertex 11.0031 -7.49938 19.0812
    endloop
  endfacet
  facet normal 0.0916175 -0.343243 0.934768
    outer loop
      vertex 11.0577 -7.43989 19.0984
      vertex 26.7962 -25.2937 11
      vertex 26.9026 -25.2653 11
    endloop
  endfacet
  facet normal 0.089594 -0.344848 0.934373
    outer loop
      vertex 26.7962 -25.2937 11
      vertex 11.0577 -7.43989 19.0984
      vertex 11.04 -7.45912 19.093
    endloop
  endfacet
  facet normal 0.0953672 -0.340253 0.935486
    outer loop
      vertex 26.7962 -25.2937 11
      vertex 11.04 -7.45912 19.093
      vertex 11.0302 -7.46984 19.0901
    endloop
  endfacet
  facet normal 0.102583 -0.334427 0.936822
    outer loop
      vertex 11.0858 -7.40957 19.1061
      vertex 26.9026 -25.2653 11
      vertex 27.0079 -25.233 11
    endloop
  endfacet
  facet normal 0.103394 -0.333774 0.936966
    outer loop
      vertex 26.9026 -25.2653 11
      vertex 11.0858 -7.40957 19.1061
      vertex 11.0577 -7.43989 19.0984
    endloop
  endfacet
  facet normal 0.113022 -0.325918 0.938618
    outer loop
      vertex 11.1143 -7.37892 19.1133
      vertex 27.0079 -25.233 11
      vertex 27.112 -25.1969 11
    endloop
  endfacet
  facet normal 0.113359 -0.325643 0.938673
    outer loop
      vertex 27.0079 -25.233 11
      vertex 11.1143 -7.37892 19.1133
      vertex 11.096 -7.39855 19.1087
    endloop
  endfacet
  facet normal 0.11294 -0.325985 0.938604
    outer loop
      vertex 27.0079 -25.233 11
      vertex 11.096 -7.39855 19.1087
      vertex 11.0858 -7.40957 19.1061
    endloop
  endfacet
  facet normal 0.123409 -0.317337 0.940249
    outer loop
      vertex 11.1432 -7.34796 19.12
      vertex 27.112 -25.1969 11
      vertex 27.2146 -25.157 11
    endloop
  endfacet
  facet normal 0.122202 -0.318335 0.940069
    outer loop
      vertex 27.112 -25.1969 11
      vertex 11.1432 -7.34796 19.12
      vertex 11.1247 -7.36776 19.1157
    endloop
  endfacet
  facet normal 0.123479 -0.317277 0.94026
    outer loop
      vertex 27.112 -25.1969 11
      vertex 11.1247 -7.36776 19.1157
      vertex 11.1143 -7.37892 19.1133
    endloop
  endfacet
  facet normal 0.133286 -0.309064 0.941655
    outer loop
      vertex 11.1724 -7.31673 19.1261
      vertex 27.2146 -25.157 11
      vertex 27.3157 -25.1134 11
    endloop
  endfacet
  facet normal 0.133312 -0.309042 0.941659
    outer loop
      vertex 27.2146 -25.157 11
      vertex 11.1724 -7.31673 19.1261
      vertex 11.1537 -7.33668 19.1222
    endloop
  endfacet
  facet normal 0.134031 -0.308438 0.941755
    outer loop
      vertex 27.2146 -25.157 11
      vertex 11.1537 -7.33668 19.1222
      vertex 11.1432 -7.34796 19.12
    endloop
  endfacet
  facet normal 0.143104 -0.30073 0.942912
    outer loop
      vertex 11.2021 -7.28526 19.1316
      vertex 27.3157 -25.1134 11
      vertex 27.4151 -25.0661 11
    endloop
  endfacet
  facet normal 0.144116 -0.29987 0.943031
    outer loop
      vertex 27.3157 -25.1134 11
      vertex 11.2021 -7.28526 19.1316
      vertex 11.1832 -7.30535 19.1281
    endloop
  endfacet
  facet normal 0.142669 -0.301102 0.942859
    outer loop
      vertex 27.3157 -25.1134 11
      vertex 11.1832 -7.30535 19.1281
      vertex 11.1724 -7.31673 19.1261
    endloop
  endfacet
  facet normal 0.152684 -0.292494 0.943999
    outer loop
      vertex 11.232 -7.25359 19.1366
      vertex 27.4151 -25.0661 11
      vertex 27.5128 -25.0151 11
    endloop
  endfacet
  facet normal 0.151905 -0.293164 0.943917
    outer loop
      vertex 27.4151 -25.0661 11
      vertex 11.232 -7.25359 19.1366
      vertex 11.2129 -7.27379 19.1334
    endloop
  endfacet
  facet normal 0.153005 -0.292216 0.944034
    outer loop
      vertex 27.4151 -25.0661 11
      vertex 11.2129 -7.27379 19.1334
      vertex 11.2021 -7.28526 19.1316
    endloop
  endfacet
  facet normal 0.161967 -0.284407 0.944923
    outer loop
      vertex 11.2622 -7.22175 19.141
      vertex 27.5128 -25.0151 11
      vertex 27.6085 -24.9606 11
    endloop
  endfacet
  facet normal 0.162373 -0.284053 0.94496
    outer loop
      vertex 27.5128 -25.0151 11
      vertex 11.2622 -7.22175 19.141
      vertex 11.243 -7.24204 19.1382
    endloop
  endfacet
  facet normal 0.161562 -0.284762 0.944885
    outer loop
      vertex 27.5128 -25.0151 11
      vertex 11.243 -7.24204 19.1382
      vertex 11.232 -7.25359 19.1366
    endloop
  endfacet
  facet normal 0.171191 -0.276268 0.945711
    outer loop
      vertex 11.2927 -7.18978 19.1448
      vertex 27.6085 -24.9606 11
      vertex 27.7021 -24.9026 11
    endloop
  endfacet
  facet normal 0.172096 -0.275469 0.94578
    outer loop
      vertex 27.6085 -24.9606 11
      vertex 11.2927 -7.18978 19.1448
      vertex 11.2733 -7.21014 19.1424
    endloop
  endfacet
  facet normal 0.170412 -0.276958 0.94565
    outer loop
      vertex 27.6085 -24.9606 11
      vertex 11.2733 -7.21014 19.1424
      vertex 11.2622 -7.22175 19.141
    endloop
  endfacet
  facet normal 0.180006 -0.268394 0.946342
    outer loop
      vertex 11.3234 -7.1577 19.1481
      vertex 27.7021 -24.9026 11
      vertex 27.7935 -24.8413 11
    endloop
  endfacet
  facet normal 0.179491 -0.268854 0.946309
    outer loop
      vertex 27.7021 -24.9026 11
      vertex 11.3234 -7.1577 19.1481
      vertex 11.3039 -7.17811 19.146
    endloop
  endfacet
  facet normal 0.179107 -0.269198 0.946284
    outer loop
      vertex 27.7021 -24.9026 11
      vertex 11.3039 -7.17811 19.146
      vertex 11.2927 -7.18978 19.1448
    endloop
  endfacet
  facet normal 0.188864 -0.260381 0.946854
    outer loop
      vertex 11.3541 -7.12529 19.1509
      vertex 27.7935 -24.8413 11
      vertex 27.8827 -24.7766 11
    endloop
  endfacet
  facet normal 0.18886 -0.260384 0.946854
    outer loop
      vertex 11.3476 -7.13255 19.1502
      vertex 27.7935 -24.8413 11
      vertex 11.3541 -7.12529 19.1509
    endloop
  endfacet
  facet normal 0.189828 -0.259507 0.946901
    outer loop
      vertex 27.7935 -24.8413 11
      vertex 11.3476 -7.13255 19.1502
      vertex 11.3347 -7.146 19.1491
    endloop
  endfacet
  facet normal 0.18729 -0.261808 0.946773
    outer loop
      vertex 27.7935 -24.8413 11
      vertex 11.3347 -7.146 19.1491
      vertex 11.3234 -7.1577 19.1481
    endloop
  endfacet
  facet normal 0.193405 -0.256227 0.94707
    outer loop
      vertex 11.3664 -7.11151 19.1521
      vertex 27.8827 -24.7766 11
      vertex 27.919 -24.7492 11
    endloop
  endfacet
  facet normal 0.1922 -0.257329 0.947017
    outer loop
      vertex 27.8827 -24.7766 11
      vertex 11.3664 -7.11151 19.1521
      vertex 11.3586 -7.12028 19.1513
    endloop
  endfacet
  facet normal 0.197196 -0.252749 0.947223
    outer loop
      vertex 27.8827 -24.7766 11
      vertex 11.3586 -7.12028 19.1513
      vertex 11.3541 -7.12529 19.1509
    endloop
  endfacet
  facet normal 0.197655 -0.25232 0.947242
    outer loop
      vertex 11.3967 -7.07777 19.1548
      vertex 27.919 -24.7492 11
      vertex 28.0067 -24.6805 11
    endloop
  endfacet
  facet normal 0.197327 -0.252621 0.94723
    outer loop
      vertex 27.919 -24.7492 11
      vertex 11.3967 -7.07777 19.1548
      vertex 11.3774 -7.09922 19.1531
    endloop
  endfacet
  facet normal 0.19674 -0.253161 0.947208
    outer loop
      vertex 27.919 -24.7492 11
      vertex 11.3774 -7.09922 19.1531
      vertex 11.3664 -7.11151 19.1521
    endloop
  endfacet
  facet normal 0.206909 -0.243709 0.94752
    outer loop
      vertex 11.4077 -7.06547 19.1555
      vertex 28.0918 -24.6086 11
      vertex 11.427 -7.04403 19.1568
    endloop
  endfacet
  facet normal 0.20635 -0.244234 0.947507
    outer loop
      vertex 28.0918 -24.6086 11
      vertex 11.4077 -7.06547 19.1555
      vertex 28.0067 -24.6805 11
    endloop
  endfacet
  facet normal 0.209505 -0.241289 0.947569
    outer loop
      vertex 28.0067 -24.6805 11
      vertex 11.4077 -7.06547 19.1555
      vertex 11.3967 -7.07777 19.1548
    endloop
  endfacet
  facet normal 0.215777 -0.235356 0.947654
    outer loop
      vertex 11.4381 -7.03174 19.1574
      vertex 28.1741 -24.5335 11
      vertex 11.4575 -7.01033 19.1583
    endloop
  endfacet
  facet normal 0.215236 -0.235871 0.947649
    outer loop
      vertex 28.1741 -24.5335 11
      vertex 11.4381 -7.03174 19.1574
      vertex 28.0918 -24.6086 11
    endloop
  endfacet
  facet normal 0.212643 -0.238316 0.947623
    outer loop
      vertex 28.0918 -24.6086 11
      vertex 11.4381 -7.03174 19.1574
      vertex 11.427 -7.04403 19.1568
    endloop
  endfacet
  facet normal 0.222693 -0.228772 0.947666
    outer loop
      vertex 11.4575 -7.01033 19.1583
      vertex 28.2536 -24.4555 11
      vertex 11.4769 -6.98896 19.1589
    endloop
  endfacet
  facet normal 0.223599 -0.227899 0.947663
    outer loop
      vertex 28.2536 -24.4555 11
      vertex 11.4575 -7.01033 19.1583
      vertex 28.1741 -24.5335 11
    endloop
  endfacet
  facet normal 0.224912 -0.226636 0.947655
    outer loop
      vertex 28.2536 -24.4555 11
      vertex 11.488 -6.97669 19.1592
      vertex 11.4769 -6.98896 19.1589
    endloop
  endfacet
  facet normal 0.231729 -0.220059 0.947563
    outer loop
      vertex 11.488 -6.97669 19.1592
      vertex 28.3301 -24.3745 11
      vertex 11.5074 -6.9554 19.1594
    endloop
  endfacet
  facet normal 0.232356 -0.219447 0.947551
    outer loop
      vertex 28.3301 -24.3745 11
      vertex 11.488 -6.97669 19.1592
      vertex 28.2536 -24.4555 11
    endloop
  endfacet
  facet normal 0.232883 -0.218934 0.947541
    outer loop
      vertex 28.3301 -24.3745 11
      vertex 11.5185 -6.94316 19.1595
      vertex 11.5074 -6.9554 19.1594
    endloop
  endfacet
  facet normal 0.240682 -0.21131 0.947323
    outer loop
      vertex 11.5185 -6.94316 19.1595
      vertex 28.4036 -24.2908 11
      vertex 11.5379 -6.92196 19.1593
    endloop
  endfacet
  facet normal 0.24066 -0.211332 0.947323
    outer loop
      vertex 28.4036 -24.2908 11
      vertex 11.5185 -6.94316 19.1595
      vertex 28.3301 -24.3745 11
    endloop
  endfacet
  facet normal 0.240549 -0.211442 0.947327
    outer loop
      vertex 28.4036 -24.2908 11
      vertex 11.549 -6.90978 19.1592
      vertex 11.5379 -6.92196 19.1593
    endloop
  endfacet
  facet normal 0.249557 -0.202523 0.946945
    outer loop
      vertex 11.549 -6.90978 19.1592
      vertex 28.474 -24.2044 11
      vertex 11.5684 -6.88868 19.1586
    endloop
  endfacet
  facet normal 0.249106 -0.202975 0.946967
    outer loop
      vertex 28.474 -24.2044 11
      vertex 11.549 -6.90978 19.1592
      vertex 28.4036 -24.2908 11
    endloop
  endfacet
  facet normal 0.248116 -0.203963 0.947015
    outer loop
      vertex 28.474 -24.2044 11
      vertex 11.5795 -6.87657 19.1583
      vertex 11.5684 -6.88868 19.1586
    endloop
  endfacet
  facet normal 0.258898 -0.193149 0.946396
    outer loop
      vertex 11.5795 -6.87657 19.1583
      vertex 28.541 -24.1155 11
      vertex 11.5988 -6.8556 19.1573
    endloop
  endfacet
  facet normal 0.257784 -0.19428 0.946469
    outer loop
      vertex 28.541 -24.1155 11
      vertex 11.5795 -6.87657 19.1583
      vertex 28.474 -24.2044 11
    endloop
  endfacet
  facet normal 0.255594 -0.196491 0.946606
    outer loop
      vertex 28.541 -24.1155 11
      vertex 11.6099 -6.84357 19.1568
      vertex 11.5988 -6.8556 19.1573
    endloop
  endfacet
  facet normal 0.265802 -0.186148 0.945885
    outer loop
      vertex 11.6099 -6.84357 19.1568
      vertex 28.6048 -24.0241 11
      vertex 11.6291 -6.82276 19.1555
    endloop
  endfacet
  facet normal 0.266156 -0.185785 0.945857
    outer loop
      vertex 28.6048 -24.0241 11
      vertex 11.6099 -6.84357 19.1568
      vertex 28.541 -24.1155 11
    endloop
  endfacet
  facet normal 0.267037 -0.184881 0.945785
    outer loop
      vertex 28.6048 -24.0241 11
      vertex 11.6402 -6.81082 19.1547
      vertex 11.6291 -6.82276 19.1555
    endloop
  endfacet
  facet normal 0.275027 -0.176666 0.945066
    outer loop
      vertex 11.6402 -6.81082 19.1547
      vertex 28.665 -23.9304 11
      vertex 11.6593 -6.79018 19.153
    endloop
  endfacet
  facet normal 0.275008 -0.176686 0.945068
    outer loop
      vertex 28.665 -23.9304 11
      vertex 11.6402 -6.81082 19.1547
      vertex 28.6048 -24.0241 11
    endloop
  endfacet
  facet normal 0.275368 -0.176312 0.945033
    outer loop
      vertex 28.665 -23.9304 11
      vertex 11.6703 -6.77836 19.152
      vertex 11.6593 -6.79018 19.153
    endloop
  endfacet
  facet normal 0.283507 -0.167835 0.944169
    outer loop
      vertex 11.6703 -6.77836 19.152
      vertex 28.7218 -23.8346 11
      vertex 11.6894 -6.75791 19.1499
    endloop
  endfacet
  facet normal 0.283351 -0.168 0.944186
    outer loop
      vertex 28.7218 -23.8346 11
      vertex 11.6703 -6.77836 19.152
      vertex 28.665 -23.9304 11
    endloop
  endfacet
  facet normal 0.283784 -0.167545 0.944138
    outer loop
      vertex 28.7218 -23.8346 11
      vertex 11.7003 -6.74621 19.1487
      vertex 11.6894 -6.75791 19.1499
    endloop
  endfacet
  facet normal 0.291031 -0.159915 0.943254
    outer loop
      vertex 11.7003 -6.74621 19.1487
      vertex 28.775 -23.7367 11
      vertex 11.7192 -6.72597 19.1463
    endloop
  endfacet
  facet normal 0.292127 -0.158745 0.943113
    outer loop
      vertex 28.775 -23.7367 11
      vertex 11.7003 -6.74621 19.1487
      vertex 28.7218 -23.8346 11
    endloop
  endfacet
  facet normal 0.292801 -0.15803 0.943024
    outer loop
      vertex 11.7231 -6.72179 19.1458
      vertex 28.775 -23.7367 11
      vertex 11.7298 -6.71415 19.145
    endloop
  endfacet
  facet normal 0.291631 -0.159276 0.943177
    outer loop
      vertex 28.775 -23.7367 11
      vertex 11.7231 -6.72179 19.1458
      vertex 11.7192 -6.72597 19.1463
    endloop
  endfacet
  facet normal 0.301723 -0.148485 0.941762
    outer loop
      vertex 11.7298 -6.71415 19.145
      vertex 28.8245 -23.6369 11
      vertex 11.7478 -6.69343 19.1425
    endloop
  endfacet
  facet normal 0.300984 -0.149285 0.941872
    outer loop
      vertex 28.8245 -23.6369 11
      vertex 11.7298 -6.71415 19.145
      vertex 28.775 -23.7367 11
    endloop
  endfacet
  facet normal 0.300254 -0.150071 0.94198
    outer loop
      vertex 28.8245 -23.6369 11
      vertex 11.7581 -6.68161 19.1411
      vertex 11.7478 -6.69343 19.1425
    endloop
  endfacet
  facet normal 0.310807 -0.138639 0.940308
    outer loop
      vertex 11.7581 -6.68161 19.1411
      vertex 28.8702 -23.5353 11
      vertex 11.776 -6.66115 19.1382
    endloop
  endfacet
  facet normal 0.310055 -0.139464 0.940434
    outer loop
      vertex 28.8702 -23.5353 11
      vertex 11.7581 -6.68161 19.1411
      vertex 28.8245 -23.6369 11
    endloop
  endfacet
  facet normal 0.308566 -0.141089 0.940681
    outer loop
      vertex 28.8702 -23.5353 11
      vertex 11.7862 -6.64951 19.1366
      vertex 11.776 -6.66115 19.1382
    endloop
  endfacet
  facet normal 0.31467 -0.134396 0.939639
    outer loop
      vertex 11.7862 -6.64951 19.1366
      vertex 29.1222 -22.9473 11
      vertex 11.8892 -6.5321 19.1189
    endloop
  endfacet
  facet normal 0.314376 -0.134733 0.939689
    outer loop
      vertex 29.1222 -22.9473 11
      vertex 11.7862 -6.64951 19.1366
      vertex 28.8702 -23.5353 11
    endloop
  endfacet
  facet normal 0.313649 -0.135553 0.939814
    outer loop
      vertex 29.1222 -22.9473 11
      vertex 11.9476 -6.46561 19.109
      vertex 11.8892 -6.5321 19.1189
    endloop
  endfacet
  facet normal 0.320131 -0.128219 0.938657
    outer loop
      vertex 11.9476 -6.46561 19.109
      vertex 29.1648 -22.8424 11
      vertex 11.9659 -6.44481 19.1056
    endloop
  endfacet
  facet normal 0.318977 -0.129537 0.938868
    outer loop
      vertex 29.1648 -22.8424 11
      vertex 11.9476 -6.46561 19.109
      vertex 29.1222 -22.9473 11
    endloop
  endfacet
  facet normal 0.320735 -0.127529 0.938544
    outer loop
      vertex 29.1648 -22.8424 11
      vertex 11.9761 -6.43314 19.1037
      vertex 11.9659 -6.44481 19.1056
    endloop
  endfacet
  facet normal 0.327374 -0.119944 0.937251
    outer loop
      vertex 11.9761 -6.43314 19.1037
      vertex 29.2034 -22.736 11
      vertex 11.9942 -6.41265 19.1
    endloop
  endfacet
  facet normal 0.328149 -0.119047 0.937094
    outer loop
      vertex 29.2034 -22.736 11
      vertex 11.9761 -6.43314 19.1037
      vertex 29.1648 -22.8424 11
    endloop
  endfacet
  facet normal 0.327524 -0.119771 0.937221
    outer loop
      vertex 29.2034 -22.736 11
      vertex 12.0044 -6.40119 19.0979
      vertex 11.9942 -6.41265 19.1
    endloop
  endfacet
  facet normal 0.336915 -0.108894 0.935217
    outer loop
      vertex 12.0044 -6.40119 19.0979
      vertex 29.238 -22.6282 11
      vertex 12.0223 -6.38102 19.0938
    endloop
  endfacet
  facet normal 0.337421 -0.1083 0.935103
    outer loop
      vertex 29.238 -22.6282 11
      vertex 12.0044 -6.40119 19.0979
      vertex 29.2034 -22.736 11
    endloop
  endfacet
  facet normal 0.33859 -0.106932 0.934838
    outer loop
      vertex 29.238 -22.6282 11
      vertex 12.0322 -6.36978 19.0915
      vertex 12.0223 -6.38102 19.0938
    endloop
  endfacet
  facet normal 0.346483 -0.0976496 0.93296
    outer loop
      vertex 12.0322 -6.36978 19.0915
      vertex 29.2684 -22.5192 11
      vertex 12.0499 -6.34997 19.087
    endloop
  endfacet
  facet normal 0.347174 -0.0968266 0.932789
    outer loop
      vertex 29.2684 -22.5192 11
      vertex 12.0322 -6.36978 19.0915
      vertex 29.238 -22.6282 11
    endloop
  endfacet
  facet normal 0.347035 -0.0969946 0.932823
    outer loop
      vertex 29.2684 -22.5192 11
      vertex 12.0597 -6.33895 19.0845
      vertex 12.0499 -6.34997 19.087
    endloop
  endfacet
  facet normal 0.356991 -0.0851028 0.930223
    outer loop
      vertex 12.0597 -6.33895 19.0845
      vertex 29.2948 -22.4091 11
      vertex 12.0771 -6.31952 19.0796
    endloop
  endfacet
  facet normal 0.356648 -0.0855177 0.930317
    outer loop
      vertex 29.2948 -22.4091 11
      vertex 12.0597 -6.33895 19.0845
      vertex 29.2684 -22.5192 11
    endloop
  endfacet
  facet normal 0.368578 -0.0710405 0.926879
    outer loop
      vertex 12.0844 -6.31145 19.0776
      vertex 29.2948 -22.4091 11
      vertex 12.0867 -6.30865 19.0769
    endloop
  endfacet
  facet normal 0.353643 -0.089138 0.931124
    outer loop
      vertex 29.2948 -22.4091 11
      vertex 12.0844 -6.31145 19.0776
      vertex 12.0771 -6.31952 19.0796
    endloop
  endfacet
  facet normal 0.366111 -0.0740548 0.92762
    outer loop
      vertex 12.0867 -6.30865 19.0769
      vertex 29.317 -22.2981 11
      vertex 12.1031 -6.28895 19.072
    endloop
  endfacet
  facet normal 0.366694 -0.0733388 0.927446
    outer loop
      vertex 29.317 -22.2981 11
      vertex 12.0867 -6.30865 19.0769
      vertex 29.2948 -22.4091 11
    endloop
  endfacet
  facet normal 0.36516 -0.0752185 0.927901
    outer loop
      vertex 29.317 -22.2981 11
      vertex 12.1122 -6.27808 19.0693
      vertex 12.1031 -6.28895 19.072
    endloop
  endfacet
  facet normal 0.379128 -0.0579921 0.923525
    outer loop
      vertex 12.1122 -6.27808 19.0693
      vertex 29.335 -22.1863 11
      vertex 12.1283 -6.25882 19.0639
    endloop
  endfacet
  facet normal 0.376967 -0.0606924 0.924236
    outer loop
      vertex 29.335 -22.1863 11
      vertex 12.1122 -6.27808 19.0693
      vertex 29.317 -22.2981 11
    endloop
  endfacet
  facet normal 0.375602 -0.0623857 0.924679
    outer loop
      vertex 29.335 -22.1863 11
      vertex 12.1372 -6.24822 19.061
      vertex 12.1283 -6.25882 19.0639
    endloop
  endfacet
  facet normal 0.387011 -0.0481286 0.920818
    outer loop
      vertex 12.1372 -6.24822 19.061
      vertex 29.3487 -22.0739 11
      vertex 12.1531 -6.22942 19.0553
    endloop
  endfacet
  facet normal 0.3877 -0.0472552 0.920574
    outer loop
      vertex 29.3487 -22.0739 11
      vertex 12.1372 -6.24822 19.061
      vertex 29.335 -22.1863 11
    endloop
  endfacet
  facet normal 0.386278 -0.0490562 0.921077
    outer loop
      vertex 29.3487 -22.0739 11
      vertex 12.1618 -6.21912 19.0522
      vertex 12.1531 -6.22942 19.0553
    endloop
  endfacet
  facet normal 0.399178 -0.0326352 0.916292
    outer loop
      vertex 12.1618 -6.21912 19.0522
      vertex 29.3582 -21.9611 11
      vertex 12.1773 -6.2008 19.0461
    endloop
  endfacet
  facet normal 0.398463 -0.0335585 0.91657
    outer loop
      vertex 29.3582 -21.9611 11
      vertex 12.1618 -6.21912 19.0522
      vertex 29.3487 -22.0739 11
    endloop
  endfacet
  facet normal 0.397269 -0.0350935 0.917031
    outer loop
      vertex 29.3582 -21.9611 11
      vertex 12.1858 -6.19081 19.0428
      vertex 12.1773 -6.2008 19.0461
    endloop
  endfacet
  facet normal 0.410647 -0.0177593 0.911621
    outer loop
      vertex 12.1858 -6.19081 19.0428
      vertex 29.3634 -21.848 11
      vertex 12.201 -6.173 19.0363
    endloop
  endfacet
  facet normal 0.409823 -0.0188424 0.91197
    outer loop
      vertex 29.3634 -21.848 11
      vertex 12.1858 -6.19081 19.0428
      vertex 29.3582 -21.9611 11
    endloop
  endfacet
  facet normal 0.410436 -0.018036 0.911711
    outer loop
      vertex 29.3634 -21.848 11
      vertex 12.2092 -6.16332 19.0328
      vertex 12.201 -6.173 19.0363
    endloop
  endfacet
  facet normal 0.415452 -0.0114473 0.909543
    outer loop
      vertex 12.2092 -6.16332 19.0328
      vertex 29.4072 -20.249 11
      vertex 12.4284 -5.90717 18.9359
    endloop
  endfacet
  facet normal 0.415496 -0.0113813 0.909524
    outer loop
      vertex 29.4072 -20.249 11
      vertex 12.2092 -6.16332 19.0328
      vertex 29.3634 -21.848 11
    endloop
  endfacet
  facet normal 0.415703 -0.0110897 0.909433
    outer loop
      vertex 12.4309 -5.90432 18.9348
      vertex 29.4072 -20.249 11
      vertex 12.5398 -5.76669 18.8867
    endloop
  endfacet
  facet normal 0.41467 -0.0125618 0.909885
    outer loop
      vertex 29.4072 -20.249 11
      vertex 12.4309 -5.90432 18.9348
      vertex 12.4284 -5.90717 18.9359
    endloop
  endfacet
  facet normal 0.421244 -0.00327917 0.906941
    outer loop
      vertex 12.5398 -5.76669 18.8867
      vertex 29.4081 -20.1323 11
      vertex 12.5635 -5.73686 18.8758
    endloop
  endfacet
  facet normal 0.421265 -0.00324883 0.906932
    outer loop
      vertex 29.4081 -20.1323 11
      vertex 12.5398 -5.76669 18.8867
      vertex 29.4072 -20.249 11
    endloop
  endfacet
  facet normal 0.431323 0.01113 0.902129
    outer loop
      vertex 12.5635 -5.73686 18.8758
      vertex 29.4045 -20.0157 11
      vertex 12.5789 -5.71765 18.8682
    endloop
  endfacet
  facet normal 0.432859 0.0133644 0.901363
    outer loop
      vertex 29.4045 -20.0157 11
      vertex 12.5635 -5.73686 18.8758
      vertex 29.4081 -20.1323 11
    endloop
  endfacet
  facet normal 0.435103 0.0166246 0.900227
    outer loop
      vertex 29.4045 -20.0157 11
      vertex 12.5866 -5.70799 18.8643
      vertex 12.5789 -5.71765 18.8682
    endloop
  endfacet
  facet normal 0.444919 0.0310175 0.895034
    outer loop
      vertex 12.5866 -5.70799 18.8643
      vertex 29.3964 -19.8993 11
      vertex 12.6016 -5.68942 18.8562
    endloop
  endfacet
  facet normal 0.444879 0.0309581 0.895056
    outer loop
      vertex 29.3964 -19.8993 11
      vertex 12.5866 -5.70799 18.8643
      vertex 29.4045 -20.0157 11
    endloop
  endfacet
  facet normal 0.443004 0.0281782 0.896077
    outer loop
      vertex 29.3964 -19.8993 11
      vertex 12.6091 -5.68013 18.8522
      vertex 12.6016 -5.68942 18.8562
    endloop
  endfacet
  facet normal 0.457655 0.05009 0.887718
    outer loop
      vertex 12.6091 -5.68013 18.8522
      vertex 29.3837 -19.7834 11
      vertex 12.6308 -5.65332 18.8395
    endloop
  endfacet
  facet normal 0.457696 0.050153 0.887693
    outer loop
      vertex 29.3837 -19.7834 11
      vertex 12.6091 -5.68013 18.8522
      vertex 29.3964 -19.8993 11
    endloop
  endfacet
  facet normal 0.470358 0.0695835 0.879728
    outer loop
      vertex 12.6308 -5.65332 18.8395
      vertex 29.3666 -19.668 11
      vertex 12.6449 -5.63611 18.8306
    endloop
  endfacet
  facet normal 0.470439 0.0697097 0.879675
    outer loop
      vertex 29.3666 -19.668 11
      vertex 12.6308 -5.65332 18.8395
      vertex 29.3837 -19.7834 11
    endloop
  endfacet
  facet normal 0.473508 0.0745062 0.877633
    outer loop
      vertex 29.3666 -19.668 11
      vertex 12.6519 -5.62759 18.8261
      vertex 12.6449 -5.63611 18.8306
    endloop
  endfacet
  facet normal 0.484209 0.0914065 0.870165
    outer loop
      vertex 12.6519 -5.62759 18.8261
      vertex 29.3449 -19.5533 11
      vertex 12.6655 -5.6111 18.8168
    endloop
  endfacet
  facet normal 0.48435 0.0916338 0.870062
    outer loop
      vertex 29.3449 -19.5533 11
      vertex 12.6519 -5.62759 18.8261
      vertex 29.3666 -19.668 11
    endloop
  endfacet
  facet normal 0.481161 0.086535 0.872351
    outer loop
      vertex 29.3449 -19.5533 11
      vertex 12.6722 -5.60299 18.8123
      vertex 12.6655 -5.6111 18.8168
    endloop
  endfacet
  facet normal 0.491054 0.102398 0.86509
    outer loop
      vertex 12.7622 -5.4944 18.7482
      vertex 28.8075 -16.9812 11
      vertex 12.9836 -5.20525 18.5883
    endloop
  endfacet
  facet normal 0.491447 0.103158 0.864776
    outer loop
      vertex 12.6722 -5.60299 18.8123
      vertex 28.8075 -16.9812 11
      vertex 12.7622 -5.4944 18.7482
    endloop
  endfacet
  facet normal 0.491176 0.102623 0.864994
    outer loop
      vertex 28.8075 -16.9812 11
      vertex 12.6722 -5.60299 18.8123
      vertex 29.3449 -19.5533 11
    endloop
  endfacet
  facet normal 0.491307 0.102861 0.864891
    outer loop
      vertex 13.0781 -5.0818 18.52
      vertex 28.8075 -16.9812 11
      vertex 13.1252 -5.015 18.4853
    endloop
  endfacet
  facet normal 0.49116 0.102594 0.865006
    outer loop
      vertex 28.8075 -16.9812 11
      vertex 13.0781 -5.0818 18.52
      vertex 12.9836 -5.20525 18.5883
    endloop
  endfacet
  facet normal 0.497714 0.114477 0.859753
    outer loop
      vertex 13.1252 -5.015 18.4853
      vertex 28.7825 -16.8719 11
      vertex 13.1385 -4.99622 18.4751
    endloop
  endfacet
  facet normal 0.497319 0.113751 0.860078
    outer loop
      vertex 28.7825 -16.8719 11
      vertex 13.1252 -5.015 18.4853
      vertex 28.8075 -16.9812 11
    endloop
  endfacet
  facet normal 0.497555 0.114185 0.859884
    outer loop
      vertex 28.7825 -16.8719 11
      vertex 13.1441 -4.98824 18.4708
      vertex 13.1385 -4.99622 18.4751
    endloop
  endfacet
  facet normal 0.509689 0.136733 0.849424
    outer loop
      vertex 13.1441 -4.98824 18.4708
      vertex 28.7535 -16.7635 11
      vertex 13.1624 -4.96265 18.4557
    endloop
  endfacet
  facet normal 0.509458 0.136294 0.849633
    outer loop
      vertex 28.7535 -16.7635 11
      vertex 13.1441 -4.98824 18.4708
      vertex 28.7825 -16.8719 11
    endloop
  endfacet
  facet normal 0.523289 0.162917 0.836437
    outer loop
      vertex 13.1624 -4.96265 18.4557
      vertex 28.7204 -16.6564 11
      vertex 13.1748 -4.94549 18.4446
    endloop
  endfacet
  facet normal 0.522573 0.161505 0.837158
    outer loop
      vertex 28.7204 -16.6564 11
      vertex 13.1624 -4.96265 18.4557
      vertex 28.7535 -16.7635 11
    endloop
  endfacet
  facet normal 0.521281 0.158973 0.838447
    outer loop
      vertex 28.7204 -16.6564 11
      vertex 13.18 -4.93828 18.44
      vertex 13.1748 -4.94549 18.4446
    endloop
  endfacet
  facet normal 0.536232 0.18882 0.82268
    outer loop
      vertex 13.18 -4.93828 18.44
      vertex 28.6833 -16.5505 11
      vertex 13.1919 -4.92197 18.4285
    endloop
  endfacet
  facet normal 0.535667 0.18766 0.823313
    outer loop
      vertex 28.6833 -16.5505 11
      vertex 13.18 -4.93828 18.44
      vertex 28.7204 -16.6564 11
    endloop
  endfacet
  facet normal 0.532133 0.18047 0.827204
    outer loop
      vertex 28.6833 -16.5505 11
      vertex 13.1969 -4.91517 18.4238
      vertex 13.1919 -4.92197 18.4285
    endloop
  endfacet
  facet normal 0.542281 0.201286 0.81573
    outer loop
      vertex 13.378 -4.66866 18.2425
      vertex 27.4525 -13.2356 11
      vertex 13.5939 -4.34861 18.02
    endloop
  endfacet
  facet normal 0.54234 0.201451 0.81565
    outer loop
      vertex 13.1969 -4.91517 18.4238
      vertex 27.4525 -13.2356 11
      vertex 13.378 -4.66866 18.2425
    endloop
  endfacet
  facet normal 0.542308 0.201355 0.815695
    outer loop
      vertex 27.4525 -13.2356 11
      vertex 13.1969 -4.91517 18.4238
      vertex 28.6833 -16.5505 11
    endloop
  endfacet
  facet normal 0.542449 0.201716 0.815512
    outer loop
      vertex 13.6616 -4.24827 17.9502
      vertex 27.4525 -13.2356 11
      vertex 13.7375 -4.12531 17.8693
    endloop
  endfacet
  facet normal 0.542349 0.201462 0.815641
    outer loop
      vertex 27.4525 -13.2356 11
      vertex 13.6616 -4.24827 17.9502
      vertex 13.5939 -4.34861 18.02
    endloop
  endfacet
  facet normal 0.549616 0.219639 0.806028
    outer loop
      vertex 13.7375 -4.12531 17.8693
      vertex 27.3943 -13.0907 11
      vertex 13.7552 -4.09694 17.8495
    endloop
  endfacet
  facet normal 0.550127 0.220962 0.805317
    outer loop
      vertex 27.3943 -13.0907 11
      vertex 13.7375 -4.12531 17.8693
      vertex 27.4525 -13.2356 11
    endloop
  endfacet
  facet normal 0.549933 0.220455 0.805588
    outer loop
      vertex 27.3943 -13.0907 11
      vertex 13.7611 -4.08754 17.8429
      vertex 13.7552 -4.09694 17.8495
    endloop
  endfacet
  facet normal 0.564892 0.260213 0.783062
    outer loop
      vertex 13.7611 -4.08754 17.8429
      vertex 27.3288 -12.949 11
      vertex 13.7778 -4.0612 17.8221
    endloop
  endfacet
  facet normal 0.565277 0.261296 0.782423
    outer loop
      vertex 27.3288 -12.949 11
      vertex 13.7611 -4.08754 17.8429
      vertex 27.3943 -13.0907 11
    endloop
  endfacet
  facet normal 0.56749 0.267515 0.778711
    outer loop
      vertex 27.3288 -12.949 11
      vertex 13.7832 -4.05257 17.8152
      vertex 13.7778 -4.0612 17.8221
    endloop
  endfacet
  facet normal 0.573106 0.283581 0.768851
    outer loop
      vertex 14.1785 -3.3971 17.2787
      vertex 25.4122 -9.07703 11
      vertex 14.2724 -3.22004 17.1434
    endloop
  endfacet
  facet normal 0.573119 0.283643 0.768818
    outer loop
      vertex 13.9285 -3.82546 17.6231
      vertex 25.4122 -9.07703 11
      vertex 14.1785 -3.3971 17.2787
    endloop
  endfacet
  facet normal 0.573118 0.283636 0.768821
    outer loop
      vertex 13.7832 -4.05257 17.8152
      vertex 25.4122 -9.07703 11
      vertex 13.9285 -3.82546 17.6231
    endloop
  endfacet
  facet normal 0.573127 0.283694 0.768794
    outer loop
      vertex 25.4122 -9.07703 11
      vertex 13.7832 -4.05257 17.8152
      vertex 27.3288 -12.949 11
    endloop
  endfacet
  facet normal 0.573177 0.28389 0.768684
    outer loop
      vertex 25.4122 -9.07703 11
      vertex 14.401 -2.97741 16.9579
      vertex 14.2724 -3.22004 17.1434
    endloop
  endfacet
  facet normal 0.578709 0.306625 0.755696
    outer loop
      vertex 14.4112 -2.95834 16.9427
      vertex 25.358 -8.97266 11
      vertex 14.4148 -2.95084 16.9369
    endloop
  endfacet
  facet normal 0.576657 0.297914 0.760732
    outer loop
      vertex 14.401 -2.97741 16.9579
      vertex 25.358 -8.97266 11
      vertex 14.4112 -2.95834 16.9427
    endloop
  endfacet
  facet normal 0.577074 0.299678 0.759723
    outer loop
      vertex 25.358 -8.97266 11
      vertex 14.401 -2.97741 16.9579
      vertex 25.4122 -9.07703 11
    endloop
  endfacet
  facet normal 0.575898 0.294785 0.762524
    outer loop
      vertex 25.358 -8.97266 11
      vertex 14.4179 -2.94448 16.9321
      vertex 14.4148 -2.95084 16.9369
    endloop
  endfacet
  facet normal 0.584753 0.333539 0.73947
    outer loop
      vertex 14.4179 -2.94448 16.9321
      vertex 25.2997 -8.87048 11
      vertex 14.4304 -2.91895 16.9107
    endloop
  endfacet
  facet normal 0.584776 0.333651 0.739401
    outer loop
      vertex 25.2997 -8.87048 11
      vertex 14.4179 -2.94448 16.9321
      vertex 25.358 -8.97266 11
    endloop
  endfacet
  facet normal 0.585124 0.3353 0.738379
    outer loop
      vertex 25.2997 -8.87048 11
      vertex 14.4333 -2.913 16.9057
      vertex 14.4304 -2.91895 16.9107
    endloop
  endfacet
  facet normal 0.588326 0.350449 0.728738
    outer loop
      vertex 15.0029 -1.62047 15.8225
      vertex 22.7461 -4.59148 11
      vertex 15.0071 -1.60839 15.8133
    endloop
  endfacet
  facet normal 0.588368 0.351205 0.728339
    outer loop
      vertex 14.8237 -2.07534 16.1866
      vertex 22.7461 -4.59148 11
      vertex 15.0029 -1.62047 15.8225
    endloop
  endfacet
  facet normal 0.588368 0.351082 0.728399
    outer loop
      vertex 14.6263 -2.5213 16.561
      vertex 22.7461 -4.59148 11
      vertex 14.8237 -2.07534 16.1866
    endloop
  endfacet
  facet normal 0.588367 0.351092 0.728394
    outer loop
      vertex 14.4333 -2.913 16.9057
      vertex 22.7461 -4.59148 11
      vertex 14.6263 -2.5213 16.561
    endloop
  endfacet
  facet normal 0.588365 0.351121 0.728382
    outer loop
      vertex 22.7461 -4.59148 11
      vertex 14.4333 -2.913 16.9057
      vertex 25.2997 -8.87048 11
    endloop
  endfacet
  facet normal 0.588366 0.351144 0.728371
    outer loop
      vertex 22.7461 -4.59148 11
      vertex 15.0921 -1.36396 15.6268
      vertex 15.0071 -1.60839 15.8133
    endloop
  endfacet
  facet normal 0.589508 0.365049 0.720569
    outer loop
      vertex 15.0921 -1.36396 15.6268
      vertex 22.6962 -4.5108 11
      vertex 15.1026 -1.33374 15.6029
    endloop
  endfacet
  facet normal 0.589475 0.364586 0.72083
    outer loop
      vertex 22.6962 -4.5108 11
      vertex 15.0921 -1.36396 15.6268
      vertex 22.7461 -4.59148 11
    endloop
  endfacet
  facet normal 0.5892 0.360992 0.722861
    outer loop
      vertex 22.6962 -4.5108 11
      vertex 15.1041 -1.32938 15.5995
      vertex 15.1026 -1.33374 15.6029
    endloop
  endfacet
  facet normal 0.591257 0.391946 0.704835
    outer loop
      vertex 15.1041 -1.32938 15.5995
      vertex 22.6437 -4.43173 11
      vertex 15.1144 -1.30032 15.5747
    endloop
  endfacet
  facet normal 0.591288 0.392597 0.704447
    outer loop
      vertex 22.6437 -4.43173 11
      vertex 15.1041 -1.32938 15.5995
      vertex 22.6962 -4.5108 11
    endloop
  endfacet
  facet normal 0.590855 0.384575 0.709219
    outer loop
      vertex 22.6437 -4.43173 11
      vertex 15.1159 -1.29617 15.5712
      vertex 15.1144 -1.30032 15.5747
    endloop
  endfacet
  facet normal 0.591928 0.405979 0.696277
    outer loop
      vertex 15.6215 0.723496 13.9633
      vertex 19.557 0.0676575 11
      vertex 15.6405 0.861468 13.8667
    endloop
  endfacet
  facet normal 0.591916 0.406054 0.696244
    outer loop
      vertex 15.5353 0.242677 14.317
      vertex 19.557 0.0676575 11
      vertex 15.6215 0.723496 13.9633
    endloop
  endfacet
  facet normal 0.591897 0.406128 0.696217
    outer loop
      vertex 15.4303 -0.232064 14.6832
      vertex 19.557 0.0676575 11
      vertex 15.5353 0.242677 14.317
    endloop
  endfacet
  facet normal 0.591934 0.406018 0.69625
    outer loop
      vertex 15.3064 -0.700148 15.0615
      vertex 19.557 0.0676575 11
      vertex 15.4303 -0.232064 14.6832
    endloop
  endfacet
  facet normal 0.591874 0.406164 0.696215
    outer loop
      vertex 15.1639 -1.161 15.4515
      vertex 19.557 0.0676575 11
      vertex 15.3064 -0.700148 15.0615
    endloop
  endfacet
  facet normal 0.591785 0.406355 0.696179
    outer loop
      vertex 15.1159 -1.29617 15.5712
      vertex 19.557 0.0676575 11
      vertex 15.1639 -1.161 15.4515
    endloop
  endfacet
  facet normal 0.591921 0.406074 0.696228
    outer loop
      vertex 19.557 0.0676575 11
      vertex 15.1159 -1.29617 15.5712
      vertex 22.6437 -4.43173 11
    endloop
  endfacet
  facet normal 0.591926 0.405999 0.696268
    outer loop
      vertex 19.557 0.0676575 11
      vertex 15.6664 1.04888 13.7354
      vertex 15.6405 0.861468 13.8667
    endloop
  endfacet
  facet normal 0.589777 0.42603 0.686048
    outer loop
      vertex 15.6664 1.04888 13.7354
      vertex 19.4733 0.18367 11
      vertex 15.676 1.1182 13.6841
    endloop
  endfacet
  facet normal 0.589841 0.425555 0.686288
    outer loop
      vertex 19.4733 0.18367 11
      vertex 15.6664 1.04888 13.7354
      vertex 19.557 0.0676575 11
    endloop
  endfacet
  facet normal 0.589831 0.425576 0.686283
    outer loop
      vertex 19.4733 0.18367 11
      vertex 15.6766 1.12269 13.6808
      vertex 15.676 1.1182 13.6841
    endloop
  endfacet
  facet normal 0.584501 0.465121 0.664847
    outer loop
      vertex 15.6766 1.12269 13.6808
      vertex 19.3841 0.295563 11
      vertex 15.686 1.18878 13.6263
    endloop
  endfacet
  facet normal 0.584373 0.465857 0.664444
    outer loop
      vertex 19.3841 0.295563 11
      vertex 15.6766 1.12269 13.6808
      vertex 19.4733 0.18367 11
    endloop
  endfacet
  facet normal 0.583404 0.471965 0.660976
    outer loop
      vertex 19.3841 0.295563 11
      vertex 15.6866 1.19294 13.6228
      vertex 15.686 1.18878 13.6263
    endloop
  endfacet
  facet normal 0.581003 0.48604 0.652841
    outer loop
      vertex 19.3841 0.295563 11
      vertex 15.7654 3.136 12.1058
      vertex 15.775 2.6485 12.4602
    endloop
  endfacet
  facet normal 0.581035 0.486112 0.652758
    outer loop
      vertex 19.3841 0.295563 11
      vertex 15.7366 3.62604 11.7665
      vertex 15.7654 3.136 12.1058
    endloop
  endfacet
  facet normal 0.581053 0.486141 0.652721
    outer loop
      vertex 19.3841 0.295563 11
      vertex 15.6886 4.11803 11.4428
      vertex 15.7366 3.62604 11.7665
    endloop
  endfacet
  facet normal 0.580994 0.486072 0.652825
    outer loop
      vertex 19.3841 0.295563 11
      vertex 15.6215 4.61136 11.1352
      vertex 15.6886 4.11803 11.4428
    endloop
  endfacet
  facet normal 0.581024 0.486099 0.652778
    outer loop
      vertex 15.6215 4.61136 11.1352
      vertex 19.3841 0.295563 11
      vertex 15.5815 4.84073 11
    endloop
  endfacet
  facet normal 0.581035 0.486161 0.652722
    outer loop
      vertex 15.7654 2.16415 12.8295
      vertex 19.3841 0.295563 11
      vertex 15.775 2.6485 12.4602
    endloop
  endfacet
  facet normal 0.581025 0.486063 0.652803
    outer loop
      vertex 15.7366 1.68352 13.213
      vertex 19.3841 0.295563 11
      vertex 15.7654 2.16415 12.8295
    endloop
  endfacet
  facet normal 0.581024 0.486087 0.652787
    outer loop
      vertex 15.6886 1.20721 13.6104
      vertex 19.3841 0.295563 11
      vertex 15.7366 1.68352 13.213
    endloop
  endfacet
  facet normal 0.581056 0.485901 0.652897
    outer loop
      vertex 19.3841 0.295563 11
      vertex 15.6886 1.20721 13.6104
      vertex 15.6866 1.19294 13.6228
    endloop
  endfacet
  facet normal -0.581003 0.48604 0.652841
    outer loop
      vertex -15.7654 3.136 12.1058
      vertex -19.3841 0.295563 11
      vertex -15.775 2.6485 12.4602
    endloop
  endfacet
  facet normal -0.581035 0.486112 0.652758
    outer loop
      vertex -15.7366 3.62604 11.7665
      vertex -19.3841 0.295563 11
      vertex -15.7654 3.136 12.1058
    endloop
  endfacet
  facet normal -0.581053 0.486141 0.652721
    outer loop
      vertex -15.6886 4.11803 11.4428
      vertex -19.3841 0.295563 11
      vertex -15.7366 3.62604 11.7665
    endloop
  endfacet
  facet normal -0.580994 0.486072 0.652825
    outer loop
      vertex -15.6215 4.61136 11.1352
      vertex -19.3841 0.295563 11
      vertex -15.6886 4.11803 11.4428
    endloop
  endfacet
  facet normal -0.581024 0.486099 0.652778
    outer loop
      vertex -19.3841 0.295563 11
      vertex -15.6215 4.61136 11.1352
      vertex -15.5815 4.84073 11
    endloop
  endfacet
  facet normal -0.581056 0.485901 0.652897
    outer loop
      vertex -15.6886 1.20721 13.6104
      vertex -19.3841 0.295563 11
      vertex -15.6866 1.19294 13.6228
    endloop
  endfacet
  facet normal -0.581024 0.486087 0.652787
    outer loop
      vertex -15.7366 1.68352 13.213
      vertex -19.3841 0.295563 11
      vertex -15.6886 1.20721 13.6104
    endloop
  endfacet
  facet normal -0.581025 0.486063 0.652803
    outer loop
      vertex -15.7654 2.16415 12.8295
      vertex -19.3841 0.295563 11
      vertex -15.7366 1.68352 13.213
    endloop
  endfacet
  facet normal -0.581035 0.486161 0.652722
    outer loop
      vertex -19.3841 0.295563 11
      vertex -15.7654 2.16415 12.8295
      vertex -15.775 2.6485 12.4602
    endloop
  endfacet
  facet normal -0.584501 0.465121 0.664847
    outer loop
      vertex -19.3841 0.295563 11
      vertex -15.6766 1.12269 13.6808
      vertex -15.686 1.18878 13.6263
    endloop
  endfacet
  facet normal -0.584373 0.465857 0.664444
    outer loop
      vertex -15.6766 1.12269 13.6808
      vertex -19.3841 0.295563 11
      vertex -19.4733 0.18367 11
    endloop
  endfacet
  facet normal -0.583404 0.471965 0.660976
    outer loop
      vertex -15.686 1.18878 13.6263
      vertex -15.6866 1.19294 13.6228
      vertex -19.3841 0.295563 11
    endloop
  endfacet
  facet normal -0.589777 0.42603 0.686048
    outer loop
      vertex -19.4733 0.18367 11
      vertex -15.6664 1.04888 13.7354
      vertex -15.676 1.1182 13.6841
    endloop
  endfacet
  facet normal -0.589841 0.425555 0.686288
    outer loop
      vertex -15.6664 1.04888 13.7354
      vertex -19.4733 0.18367 11
      vertex -19.557 0.0676575 11
    endloop
  endfacet
  facet normal -0.589831 0.425576 0.686283
    outer loop
      vertex -15.676 1.1182 13.6841
      vertex -15.6766 1.12269 13.6808
      vertex -19.4733 0.18367 11
    endloop
  endfacet
  facet normal -0.591928 0.405979 0.696277
    outer loop
      vertex -19.557 0.0676575 11
      vertex -15.6215 0.723496 13.9633
      vertex -15.6405 0.861468 13.8667
    endloop
  endfacet
  facet normal -0.591916 0.406054 0.696244
    outer loop
      vertex -19.557 0.0676575 11
      vertex -15.5353 0.242677 14.317
      vertex -15.6215 0.723496 13.9633
    endloop
  endfacet
  facet normal -0.591897 0.406128 0.696217
    outer loop
      vertex -19.557 0.0676575 11
      vertex -15.4303 -0.232064 14.6832
      vertex -15.5353 0.242677 14.317
    endloop
  endfacet
  facet normal -0.591934 0.406018 0.69625
    outer loop
      vertex -19.557 0.0676575 11
      vertex -15.3064 -0.700148 15.0615
      vertex -15.4303 -0.232064 14.6832
    endloop
  endfacet
  facet normal -0.591874 0.406164 0.696215
    outer loop
      vertex -19.557 0.0676575 11
      vertex -15.1639 -1.161 15.4515
      vertex -15.3064 -0.700148 15.0615
    endloop
  endfacet
  facet normal -0.591785 0.406355 0.696179
    outer loop
      vertex -19.557 0.0676575 11
      vertex -15.1159 -1.29617 15.5712
      vertex -15.1639 -1.161 15.4515
    endloop
  endfacet
  facet normal -0.591921 0.406074 0.696228
    outer loop
      vertex -15.1159 -1.29617 15.5712
      vertex -19.557 0.0676575 11
      vertex -22.6437 -4.43173 11
    endloop
  endfacet
  facet normal -0.591926 0.405999 0.696268
    outer loop
      vertex -15.6405 0.861468 13.8667
      vertex -15.6664 1.04888 13.7354
      vertex -19.557 0.0676575 11
    endloop
  endfacet
  facet normal -0.591257 0.391946 0.704835
    outer loop
      vertex -22.6437 -4.43173 11
      vertex -15.1041 -1.32938 15.5995
      vertex -15.1144 -1.30032 15.5747
    endloop
  endfacet
  facet normal -0.591288 0.392597 0.704447
    outer loop
      vertex -15.1041 -1.32938 15.5995
      vertex -22.6437 -4.43173 11
      vertex -22.6962 -4.5108 11
    endloop
  endfacet
  facet normal -0.590855 0.384575 0.709219
    outer loop
      vertex -15.1144 -1.30032 15.5747
      vertex -15.1159 -1.29617 15.5712
      vertex -22.6437 -4.43173 11
    endloop
  endfacet
  facet normal -0.589508 0.365049 0.720569
    outer loop
      vertex -22.6962 -4.5108 11
      vertex -15.0921 -1.36396 15.6268
      vertex -15.1026 -1.33374 15.6029
    endloop
  endfacet
  facet normal -0.589475 0.364586 0.72083
    outer loop
      vertex -15.0921 -1.36396 15.6268
      vertex -22.6962 -4.5108 11
      vertex -22.7461 -4.59148 11
    endloop
  endfacet
  facet normal -0.5892 0.360992 0.722861
    outer loop
      vertex -15.1026 -1.33374 15.6029
      vertex -15.1041 -1.32938 15.5995
      vertex -22.6962 -4.5108 11
    endloop
  endfacet
  facet normal -0.588326 0.350449 0.728738
    outer loop
      vertex -22.7461 -4.59148 11
      vertex -15.0029 -1.62047 15.8225
      vertex -15.0071 -1.60839 15.8133
    endloop
  endfacet
  facet normal -0.588368 0.351205 0.728339
    outer loop
      vertex -22.7461 -4.59148 11
      vertex -14.8237 -2.07534 16.1866
      vertex -15.0029 -1.62047 15.8225
    endloop
  endfacet
  facet normal -0.588368 0.351082 0.728399
    outer loop
      vertex -22.7461 -4.59148 11
      vertex -14.6263 -2.5213 16.561
      vertex -14.8237 -2.07534 16.1866
    endloop
  endfacet
  facet normal -0.588367 0.351092 0.728394
    outer loop
      vertex -22.7461 -4.59148 11
      vertex -14.4333 -2.913 16.9057
      vertex -14.6263 -2.5213 16.561
    endloop
  endfacet
  facet normal -0.588365 0.351121 0.728382
    outer loop
      vertex -14.4333 -2.913 16.9057
      vertex -22.7461 -4.59148 11
      vertex -25.2997 -8.87048 11
    endloop
  endfacet
  facet normal -0.588366 0.351144 0.728371
    outer loop
      vertex -15.0071 -1.60839 15.8133
      vertex -15.0921 -1.36396 15.6268
      vertex -22.7461 -4.59148 11
    endloop
  endfacet
  facet normal -0.584753 0.333539 0.73947
    outer loop
      vertex -25.2997 -8.87048 11
      vertex -14.4179 -2.94448 16.9321
      vertex -14.4304 -2.91895 16.9107
    endloop
  endfacet
  facet normal -0.584776 0.333651 0.739401
    outer loop
      vertex -14.4179 -2.94448 16.9321
      vertex -25.2997 -8.87048 11
      vertex -25.358 -8.97266 11
    endloop
  endfacet
  facet normal -0.585124 0.3353 0.738379
    outer loop
      vertex -14.4304 -2.91895 16.9107
      vertex -14.4333 -2.913 16.9057
      vertex -25.2997 -8.87048 11
    endloop
  endfacet
  facet normal -0.578709 0.306625 0.755696
    outer loop
      vertex -25.358 -8.97266 11
      vertex -14.4112 -2.95834 16.9427
      vertex -14.4148 -2.95084 16.9369
    endloop
  endfacet
  facet normal -0.576657 0.297914 0.760732
    outer loop
      vertex -25.358 -8.97266 11
      vertex -14.401 -2.97741 16.9579
      vertex -14.4112 -2.95834 16.9427
    endloop
  endfacet
  facet normal -0.577074 0.299678 0.759723
    outer loop
      vertex -14.401 -2.97741 16.9579
      vertex -25.358 -8.97266 11
      vertex -25.4122 -9.07703 11
    endloop
  endfacet
  facet normal -0.575898 0.294785 0.762524
    outer loop
      vertex -14.4148 -2.95084 16.9369
      vertex -14.4179 -2.94448 16.9321
      vertex -25.358 -8.97266 11
    endloop
  endfacet
  facet normal -0.573106 0.283581 0.768851
    outer loop
      vertex -25.4122 -9.07703 11
      vertex -14.1785 -3.3971 17.2787
      vertex -14.2724 -3.22004 17.1434
    endloop
  endfacet
  facet normal -0.573119 0.283643 0.768818
    outer loop
      vertex -25.4122 -9.07703 11
      vertex -13.9285 -3.82546 17.6231
      vertex -14.1785 -3.3971 17.2787
    endloop
  endfacet
  facet normal -0.573118 0.283636 0.768821
    outer loop
      vertex -25.4122 -9.07703 11
      vertex -13.7832 -4.05257 17.8152
      vertex -13.9285 -3.82546 17.6231
    endloop
  endfacet
  facet normal -0.573127 0.283694 0.768794
    outer loop
      vertex -13.7832 -4.05257 17.8152
      vertex -25.4122 -9.07703 11
      vertex -27.3288 -12.949 11
    endloop
  endfacet
  facet normal -0.573177 0.28389 0.768684
    outer loop
      vertex -14.2724 -3.22004 17.1434
      vertex -14.401 -2.97741 16.9579
      vertex -25.4122 -9.07703 11
    endloop
  endfacet
  facet normal -0.564892 0.260213 0.783062
    outer loop
      vertex -27.3288 -12.949 11
      vertex -13.7611 -4.08754 17.8429
      vertex -13.7778 -4.0612 17.8221
    endloop
  endfacet
  facet normal -0.565277 0.261296 0.782423
    outer loop
      vertex -13.7611 -4.08754 17.8429
      vertex -27.3288 -12.949 11
      vertex -27.3943 -13.0907 11
    endloop
  endfacet
  facet normal -0.56749 0.267515 0.778711
    outer loop
      vertex -13.7778 -4.0612 17.8221
      vertex -13.7832 -4.05257 17.8152
      vertex -27.3288 -12.949 11
    endloop
  endfacet
  facet normal -0.549616 0.219639 0.806028
    outer loop
      vertex -27.3943 -13.0907 11
      vertex -13.7375 -4.12531 17.8693
      vertex -13.7552 -4.09694 17.8495
    endloop
  endfacet
  facet normal -0.550127 0.220962 0.805317
    outer loop
      vertex -13.7375 -4.12531 17.8693
      vertex -27.3943 -13.0907 11
      vertex -27.4525 -13.2356 11
    endloop
  endfacet
  facet normal -0.549933 0.220455 0.805588
    outer loop
      vertex -13.7552 -4.09694 17.8495
      vertex -13.7611 -4.08754 17.8429
      vertex -27.3943 -13.0907 11
    endloop
  endfacet
  facet normal -0.542281 0.201286 0.81573
    outer loop
      vertex -27.4525 -13.2356 11
      vertex -13.378 -4.66866 18.2425
      vertex -13.5939 -4.34861 18.02
    endloop
  endfacet
  facet normal -0.54234 0.201451 0.81565
    outer loop
      vertex -27.4525 -13.2356 11
      vertex -13.1969 -4.91517 18.4238
      vertex -13.378 -4.66866 18.2425
    endloop
  endfacet
  facet normal -0.542308 0.201355 0.815695
    outer loop
      vertex -13.1969 -4.91517 18.4238
      vertex -27.4525 -13.2356 11
      vertex -28.6833 -16.5505 11
    endloop
  endfacet
  facet normal -0.542349 0.201462 0.815641
    outer loop
      vertex -13.6616 -4.24827 17.9502
      vertex -27.4525 -13.2356 11
      vertex -13.5939 -4.34861 18.02
    endloop
  endfacet
  facet normal -0.542449 0.201716 0.815512
    outer loop
      vertex -27.4525 -13.2356 11
      vertex -13.6616 -4.24827 17.9502
      vertex -13.7375 -4.12531 17.8693
    endloop
  endfacet
  facet normal -0.536232 0.18882 0.82268
    outer loop
      vertex -28.6833 -16.5505 11
      vertex -13.18 -4.93828 18.44
      vertex -13.1919 -4.92197 18.4285
    endloop
  endfacet
  facet normal -0.535667 0.18766 0.823313
    outer loop
      vertex -13.18 -4.93828 18.44
      vertex -28.6833 -16.5505 11
      vertex -28.7204 -16.6564 11
    endloop
  endfacet
  facet normal -0.532133 0.18047 0.827204
    outer loop
      vertex -13.1919 -4.92197 18.4285
      vertex -13.1969 -4.91517 18.4238
      vertex -28.6833 -16.5505 11
    endloop
  endfacet
  facet normal -0.523289 0.162917 0.836437
    outer loop
      vertex -28.7204 -16.6564 11
      vertex -13.1624 -4.96265 18.4557
      vertex -13.1748 -4.94549 18.4446
    endloop
  endfacet
  facet normal -0.522573 0.161505 0.837158
    outer loop
      vertex -13.1624 -4.96265 18.4557
      vertex -28.7204 -16.6564 11
      vertex -28.7535 -16.7635 11
    endloop
  endfacet
  facet normal -0.521281 0.158973 0.838447
    outer loop
      vertex -13.1748 -4.94549 18.4446
      vertex -13.18 -4.93828 18.44
      vertex -28.7204 -16.6564 11
    endloop
  endfacet
  facet normal -0.509689 0.136733 0.849424
    outer loop
      vertex -28.7535 -16.7635 11
      vertex -13.1441 -4.98824 18.4708
      vertex -13.1624 -4.96265 18.4557
    endloop
  endfacet
  facet normal -0.509458 0.136294 0.849633
    outer loop
      vertex -13.1441 -4.98824 18.4708
      vertex -28.7535 -16.7635 11
      vertex -28.7825 -16.8719 11
    endloop
  endfacet
  facet normal -0.497714 0.114477 0.859753
    outer loop
      vertex -28.7825 -16.8719 11
      vertex -13.1252 -5.015 18.4853
      vertex -13.1385 -4.99622 18.4751
    endloop
  endfacet
  facet normal -0.497319 0.113751 0.860078
    outer loop
      vertex -13.1252 -5.015 18.4853
      vertex -28.7825 -16.8719 11
      vertex -28.8075 -16.9812 11
    endloop
  endfacet
  facet normal -0.497555 0.114185 0.859884
    outer loop
      vertex -13.1385 -4.99622 18.4751
      vertex -13.1441 -4.98824 18.4708
      vertex -28.7825 -16.8719 11
    endloop
  endfacet
  facet normal -0.491054 0.102398 0.86509
    outer loop
      vertex -28.8075 -16.9812 11
      vertex -12.7622 -5.4944 18.7482
      vertex -12.9836 -5.20525 18.5883
    endloop
  endfacet
  facet normal -0.491447 0.103158 0.864776
    outer loop
      vertex -28.8075 -16.9812 11
      vertex -12.6722 -5.60299 18.8123
      vertex -12.7622 -5.4944 18.7482
    endloop
  endfacet
  facet normal -0.491176 0.102623 0.864994
    outer loop
      vertex -12.6722 -5.60299 18.8123
      vertex -28.8075 -16.9812 11
      vertex -29.3449 -19.5533 11
    endloop
  endfacet
  facet normal -0.49116 0.102594 0.865006
    outer loop
      vertex -13.0781 -5.0818 18.52
      vertex -28.8075 -16.9812 11
      vertex -12.9836 -5.20525 18.5883
    endloop
  endfacet
  facet normal -0.491307 0.102861 0.864891
    outer loop
      vertex -28.8075 -16.9812 11
      vertex -13.0781 -5.0818 18.52
      vertex -13.1252 -5.015 18.4853
    endloop
  endfacet
  facet normal -0.484209 0.0914065 0.870165
    outer loop
      vertex -29.3449 -19.5533 11
      vertex -12.6519 -5.62759 18.8261
      vertex -12.6655 -5.6111 18.8168
    endloop
  endfacet
  facet normal -0.48435 0.0916338 0.870062
    outer loop
      vertex -12.6519 -5.62759 18.8261
      vertex -29.3449 -19.5533 11
      vertex -29.3666 -19.668 11
    endloop
  endfacet
  facet normal -0.481161 0.086535 0.872351
    outer loop
      vertex -12.6655 -5.6111 18.8168
      vertex -12.6722 -5.60299 18.8123
      vertex -29.3449 -19.5533 11
    endloop
  endfacet
  facet normal -0.470358 0.0695835 0.879728
    outer loop
      vertex -29.3666 -19.668 11
      vertex -12.6308 -5.65332 18.8395
      vertex -12.6449 -5.63611 18.8306
    endloop
  endfacet
  facet normal -0.470439 0.0697097 0.879675
    outer loop
      vertex -12.6308 -5.65332 18.8395
      vertex -29.3666 -19.668 11
      vertex -29.3837 -19.7834 11
    endloop
  endfacet
  facet normal -0.473508 0.0745062 0.877633
    outer loop
      vertex -12.6449 -5.63611 18.8306
      vertex -12.6519 -5.62759 18.8261
      vertex -29.3666 -19.668 11
    endloop
  endfacet
  facet normal -0.457655 0.05009 0.887718
    outer loop
      vertex -29.3837 -19.7834 11
      vertex -12.6091 -5.68013 18.8522
      vertex -12.6308 -5.65332 18.8395
    endloop
  endfacet
  facet normal -0.457696 0.050153 0.887693
    outer loop
      vertex -12.6091 -5.68013 18.8522
      vertex -29.3837 -19.7834 11
      vertex -29.3964 -19.8993 11
    endloop
  endfacet
  facet normal -0.444919 0.0310175 0.895034
    outer loop
      vertex -29.3964 -19.8993 11
      vertex -12.5866 -5.70799 18.8643
      vertex -12.6016 -5.68942 18.8562
    endloop
  endfacet
  facet normal -0.444879 0.0309581 0.895056
    outer loop
      vertex -12.5866 -5.70799 18.8643
      vertex -29.3964 -19.8993 11
      vertex -29.4045 -20.0157 11
    endloop
  endfacet
  facet normal -0.443004 0.0281782 0.896077
    outer loop
      vertex -12.6016 -5.68942 18.8562
      vertex -12.6091 -5.68013 18.8522
      vertex -29.3964 -19.8993 11
    endloop
  endfacet
  facet normal -0.431323 0.01113 0.902129
    outer loop
      vertex -29.4045 -20.0157 11
      vertex -12.5635 -5.73686 18.8758
      vertex -12.5789 -5.71765 18.8682
    endloop
  endfacet
  facet normal -0.432859 0.0133644 0.901363
    outer loop
      vertex -12.5635 -5.73686 18.8758
      vertex -29.4045 -20.0157 11
      vertex -29.4081 -20.1323 11
    endloop
  endfacet
  facet normal -0.435103 0.0166246 0.900227
    outer loop
      vertex -12.5789 -5.71765 18.8682
      vertex -12.5866 -5.70799 18.8643
      vertex -29.4045 -20.0157 11
    endloop
  endfacet
  facet normal -0.421244 -0.00327917 0.906941
    outer loop
      vertex -29.4081 -20.1323 11
      vertex -12.5398 -5.76669 18.8867
      vertex -12.5635 -5.73686 18.8758
    endloop
  endfacet
  facet normal -0.421265 -0.00324883 0.906932
    outer loop
      vertex -12.5398 -5.76669 18.8867
      vertex -29.4081 -20.1323 11
      vertex -29.4072 -20.249 11
    endloop
  endfacet
  facet normal -0.415452 -0.0114473 0.909543
    outer loop
      vertex -29.4072 -20.249 11
      vertex -12.2092 -6.16332 19.0328
      vertex -12.4284 -5.90717 18.9359
    endloop
  endfacet
  facet normal -0.415496 -0.0113813 0.909524
    outer loop
      vertex -12.2092 -6.16332 19.0328
      vertex -29.4072 -20.249 11
      vertex -29.3634 -21.848 11
    endloop
  endfacet
  facet normal -0.41467 -0.0125618 0.909885
    outer loop
      vertex -12.4309 -5.90432 18.9348
      vertex -29.4072 -20.249 11
      vertex -12.4284 -5.90717 18.9359
    endloop
  endfacet
  facet normal -0.415703 -0.0110897 0.909433
    outer loop
      vertex -29.4072 -20.249 11
      vertex -12.4309 -5.90432 18.9348
      vertex -12.5398 -5.76669 18.8867
    endloop
  endfacet
  facet normal -0.410647 -0.0177593 0.911621
    outer loop
      vertex -29.3634 -21.848 11
      vertex -12.1858 -6.19081 19.0428
      vertex -12.201 -6.173 19.0363
    endloop
  endfacet
  facet normal -0.409823 -0.0188424 0.91197
    outer loop
      vertex -12.1858 -6.19081 19.0428
      vertex -29.3634 -21.848 11
      vertex -29.3582 -21.9611 11
    endloop
  endfacet
  facet normal -0.410436 -0.018036 0.911711
    outer loop
      vertex -12.201 -6.173 19.0363
      vertex -12.2092 -6.16332 19.0328
      vertex -29.3634 -21.848 11
    endloop
  endfacet
  facet normal -0.399178 -0.0326352 0.916292
    outer loop
      vertex -29.3582 -21.9611 11
      vertex -12.1618 -6.21912 19.0522
      vertex -12.1773 -6.2008 19.0461
    endloop
  endfacet
  facet normal -0.398463 -0.0335585 0.91657
    outer loop
      vertex -12.1618 -6.21912 19.0522
      vertex -29.3582 -21.9611 11
      vertex -29.3487 -22.0739 11
    endloop
  endfacet
  facet normal -0.397269 -0.0350935 0.917031
    outer loop
      vertex -12.1773 -6.2008 19.0461
      vertex -12.1858 -6.19081 19.0428
      vertex -29.3582 -21.9611 11
    endloop
  endfacet
  facet normal -0.387011 -0.0481286 0.920818
    outer loop
      vertex -29.3487 -22.0739 11
      vertex -12.1372 -6.24822 19.061
      vertex -12.1531 -6.22942 19.0553
    endloop
  endfacet
  facet normal -0.3877 -0.0472552 0.920574
    outer loop
      vertex -12.1372 -6.24822 19.061
      vertex -29.3487 -22.0739 11
      vertex -29.335 -22.1863 11
    endloop
  endfacet
  facet normal -0.386278 -0.0490562 0.921077
    outer loop
      vertex -12.1531 -6.22942 19.0553
      vertex -12.1618 -6.21912 19.0522
      vertex -29.3487 -22.0739 11
    endloop
  endfacet
  facet normal -0.379128 -0.0579921 0.923525
    outer loop
      vertex -29.335 -22.1863 11
      vertex -12.1122 -6.27808 19.0693
      vertex -12.1283 -6.25882 19.0639
    endloop
  endfacet
  facet normal -0.376967 -0.0606924 0.924236
    outer loop
      vertex -12.1122 -6.27808 19.0693
      vertex -29.335 -22.1863 11
      vertex -29.317 -22.2981 11
    endloop
  endfacet
  facet normal -0.375602 -0.0623857 0.924679
    outer loop
      vertex -12.1283 -6.25882 19.0639
      vertex -12.1372 -6.24822 19.061
      vertex -29.335 -22.1863 11
    endloop
  endfacet
  facet normal -0.366111 -0.0740548 0.92762
    outer loop
      vertex -29.317 -22.2981 11
      vertex -12.0867 -6.30865 19.0769
      vertex -12.1031 -6.28895 19.072
    endloop
  endfacet
  facet normal -0.366694 -0.0733388 0.927446
    outer loop
      vertex -12.0867 -6.30865 19.0769
      vertex -29.317 -22.2981 11
      vertex -29.2948 -22.4091 11
    endloop
  endfacet
  facet normal -0.36516 -0.0752185 0.927901
    outer loop
      vertex -12.1031 -6.28895 19.072
      vertex -12.1122 -6.27808 19.0693
      vertex -29.317 -22.2981 11
    endloop
  endfacet
  facet normal -0.356991 -0.0851028 0.930223
    outer loop
      vertex -29.2948 -22.4091 11
      vertex -12.0597 -6.33895 19.0845
      vertex -12.0771 -6.31952 19.0796
    endloop
  endfacet
  facet normal -0.356648 -0.0855177 0.930317
    outer loop
      vertex -12.0597 -6.33895 19.0845
      vertex -29.2948 -22.4091 11
      vertex -29.2684 -22.5192 11
    endloop
  endfacet
  facet normal -0.353643 -0.089138 0.931124
    outer loop
      vertex -12.0844 -6.31145 19.0776
      vertex -29.2948 -22.4091 11
      vertex -12.0771 -6.31952 19.0796
    endloop
  endfacet
  facet normal -0.368578 -0.0710405 0.926879
    outer loop
      vertex -29.2948 -22.4091 11
      vertex -12.0844 -6.31145 19.0776
      vertex -12.0867 -6.30865 19.0769
    endloop
  endfacet
  facet normal -0.346483 -0.0976496 0.93296
    outer loop
      vertex -29.2684 -22.5192 11
      vertex -12.0322 -6.36978 19.0915
      vertex -12.0499 -6.34997 19.087
    endloop
  endfacet
  facet normal -0.347174 -0.0968266 0.932789
    outer loop
      vertex -12.0322 -6.36978 19.0915
      vertex -29.2684 -22.5192 11
      vertex -29.238 -22.6282 11
    endloop
  endfacet
  facet normal -0.347035 -0.0969946 0.932823
    outer loop
      vertex -12.0499 -6.34997 19.087
      vertex -12.0597 -6.33895 19.0845
      vertex -29.2684 -22.5192 11
    endloop
  endfacet
  facet normal -0.336915 -0.108894 0.935217
    outer loop
      vertex -29.238 -22.6282 11
      vertex -12.0044 -6.40119 19.0979
      vertex -12.0223 -6.38102 19.0938
    endloop
  endfacet
  facet normal -0.337421 -0.1083 0.935103
    outer loop
      vertex -12.0044 -6.40119 19.0979
      vertex -29.238 -22.6282 11
      vertex -29.2034 -22.736 11
    endloop
  endfacet
  facet normal -0.33859 -0.106932 0.934838
    outer loop
      vertex -12.0223 -6.38102 19.0938
      vertex -12.0322 -6.36978 19.0915
      vertex -29.238 -22.6282 11
    endloop
  endfacet
  facet normal -0.327374 -0.119944 0.937251
    outer loop
      vertex -29.2034 -22.736 11
      vertex -11.9761 -6.43314 19.1037
      vertex -11.9942 -6.41265 19.1
    endloop
  endfacet
  facet normal -0.328149 -0.119047 0.937094
    outer loop
      vertex -11.9761 -6.43314 19.1037
      vertex -29.2034 -22.736 11
      vertex -29.1648 -22.8424 11
    endloop
  endfacet
  facet normal -0.327524 -0.119771 0.937221
    outer loop
      vertex -11.9942 -6.41265 19.1
      vertex -12.0044 -6.40119 19.0979
      vertex -29.2034 -22.736 11
    endloop
  endfacet
  facet normal -0.320131 -0.128219 0.938657
    outer loop
      vertex -29.1648 -22.8424 11
      vertex -11.9476 -6.46561 19.109
      vertex -11.9659 -6.44481 19.1056
    endloop
  endfacet
  facet normal -0.318977 -0.129537 0.938868
    outer loop
      vertex -11.9476 -6.46561 19.109
      vertex -29.1648 -22.8424 11
      vertex -29.1222 -22.9473 11
    endloop
  endfacet
  facet normal -0.320735 -0.127529 0.938544
    outer loop
      vertex -11.9659 -6.44481 19.1056
      vertex -11.9761 -6.43314 19.1037
      vertex -29.1648 -22.8424 11
    endloop
  endfacet
  facet normal -0.31467 -0.134396 0.939639
    outer loop
      vertex -29.1222 -22.9473 11
      vertex -11.7862 -6.64951 19.1366
      vertex -11.8892 -6.5321 19.1189
    endloop
  endfacet
  facet normal -0.314376 -0.134733 0.939689
    outer loop
      vertex -11.7862 -6.64951 19.1366
      vertex -29.1222 -22.9473 11
      vertex -28.8702 -23.5353 11
    endloop
  endfacet
  facet normal -0.313649 -0.135553 0.939814
    outer loop
      vertex -11.8892 -6.5321 19.1189
      vertex -11.9476 -6.46561 19.109
      vertex -29.1222 -22.9473 11
    endloop
  endfacet
  facet normal -0.310807 -0.138639 0.940308
    outer loop
      vertex -28.8702 -23.5353 11
      vertex -11.7581 -6.68161 19.1411
      vertex -11.776 -6.66115 19.1382
    endloop
  endfacet
  facet normal -0.310055 -0.139464 0.940434
    outer loop
      vertex -11.7581 -6.68161 19.1411
      vertex -28.8702 -23.5353 11
      vertex -28.8245 -23.6369 11
    endloop
  endfacet
  facet normal -0.308566 -0.141089 0.940681
    outer loop
      vertex -11.776 -6.66115 19.1382
      vertex -11.7862 -6.64951 19.1366
      vertex -28.8702 -23.5353 11
    endloop
  endfacet
  facet normal -0.301723 -0.148485 0.941762
    outer loop
      vertex -28.8245 -23.6369 11
      vertex -11.7298 -6.71415 19.145
      vertex -11.7478 -6.69343 19.1425
    endloop
  endfacet
  facet normal -0.300984 -0.149285 0.941872
    outer loop
      vertex -11.7298 -6.71415 19.145
      vertex -28.8245 -23.6369 11
      vertex -28.775 -23.7367 11
    endloop
  endfacet
  facet normal -0.300254 -0.150071 0.94198
    outer loop
      vertex -11.7478 -6.69343 19.1425
      vertex -11.7581 -6.68161 19.1411
      vertex -28.8245 -23.6369 11
    endloop
  endfacet
  facet normal -0.291031 -0.159915 0.943254
    outer loop
      vertex -28.775 -23.7367 11
      vertex -11.7003 -6.74621 19.1487
      vertex -11.7192 -6.72597 19.1463
    endloop
  endfacet
  facet normal -0.292127 -0.158745 0.943113
    outer loop
      vertex -11.7003 -6.74621 19.1487
      vertex -28.775 -23.7367 11
      vertex -28.7218 -23.8346 11
    endloop
  endfacet
  facet normal -0.291631 -0.159276 0.943177
    outer loop
      vertex -11.7231 -6.72179 19.1458
      vertex -28.775 -23.7367 11
      vertex -11.7192 -6.72597 19.1463
    endloop
  endfacet
  facet normal -0.292801 -0.15803 0.943024
    outer loop
      vertex -28.775 -23.7367 11
      vertex -11.7231 -6.72179 19.1458
      vertex -11.7298 -6.71415 19.145
    endloop
  endfacet
  facet normal -0.283507 -0.167835 0.944169
    outer loop
      vertex -28.7218 -23.8346 11
      vertex -11.6703 -6.77836 19.152
      vertex -11.6894 -6.75791 19.1499
    endloop
  endfacet
  facet normal -0.283351 -0.168 0.944186
    outer loop
      vertex -11.6703 -6.77836 19.152
      vertex -28.7218 -23.8346 11
      vertex -28.665 -23.9304 11
    endloop
  endfacet
  facet normal -0.283784 -0.167545 0.944138
    outer loop
      vertex -11.6894 -6.75791 19.1499
      vertex -11.7003 -6.74621 19.1487
      vertex -28.7218 -23.8346 11
    endloop
  endfacet
  facet normal -0.275027 -0.176666 0.945066
    outer loop
      vertex -28.665 -23.9304 11
      vertex -11.6402 -6.81082 19.1547
      vertex -11.6593 -6.79018 19.153
    endloop
  endfacet
  facet normal -0.275008 -0.176686 0.945068
    outer loop
      vertex -11.6402 -6.81082 19.1547
      vertex -28.665 -23.9304 11
      vertex -28.6048 -24.0241 11
    endloop
  endfacet
  facet normal -0.275368 -0.176312 0.945033
    outer loop
      vertex -11.6593 -6.79018 19.153
      vertex -11.6703 -6.77836 19.152
      vertex -28.665 -23.9304 11
    endloop
  endfacet
  facet normal -0.265802 -0.186148 0.945885
    outer loop
      vertex -28.6048 -24.0241 11
      vertex -11.6099 -6.84357 19.1568
      vertex -11.6291 -6.82276 19.1555
    endloop
  endfacet
  facet normal -0.266156 -0.185785 0.945857
    outer loop
      vertex -11.6099 -6.84357 19.1568
      vertex -28.6048 -24.0241 11
      vertex -28.541 -24.1155 11
    endloop
  endfacet
  facet normal -0.267037 -0.184881 0.945785
    outer loop
      vertex -11.6291 -6.82276 19.1555
      vertex -11.6402 -6.81082 19.1547
      vertex -28.6048 -24.0241 11
    endloop
  endfacet
  facet normal -0.258898 -0.193149 0.946396
    outer loop
      vertex -28.541 -24.1155 11
      vertex -11.5795 -6.87657 19.1583
      vertex -11.5988 -6.8556 19.1573
    endloop
  endfacet
  facet normal -0.257784 -0.19428 0.946469
    outer loop
      vertex -11.5795 -6.87657 19.1583
      vertex -28.541 -24.1155 11
      vertex -28.474 -24.2044 11
    endloop
  endfacet
  facet normal -0.255594 -0.196491 0.946606
    outer loop
      vertex -11.5988 -6.8556 19.1573
      vertex -11.6099 -6.84357 19.1568
      vertex -28.541 -24.1155 11
    endloop
  endfacet
  facet normal -0.249557 -0.202523 0.946945
    outer loop
      vertex -28.474 -24.2044 11
      vertex -11.549 -6.90978 19.1592
      vertex -11.5684 -6.88868 19.1586
    endloop
  endfacet
  facet normal -0.249106 -0.202975 0.946967
    outer loop
      vertex -11.549 -6.90978 19.1592
      vertex -28.474 -24.2044 11
      vertex -28.4036 -24.2908 11
    endloop
  endfacet
  facet normal -0.248116 -0.203963 0.947015
    outer loop
      vertex -11.5684 -6.88868 19.1586
      vertex -11.5795 -6.87657 19.1583
      vertex -28.474 -24.2044 11
    endloop
  endfacet
  facet normal -0.240682 -0.21131 0.947323
    outer loop
      vertex -28.4036 -24.2908 11
      vertex -11.5185 -6.94316 19.1595
      vertex -11.5379 -6.92196 19.1593
    endloop
  endfacet
  facet normal -0.24066 -0.211332 0.947323
    outer loop
      vertex -11.5185 -6.94316 19.1595
      vertex -28.4036 -24.2908 11
      vertex -28.3301 -24.3745 11
    endloop
  endfacet
  facet normal -0.240549 -0.211442 0.947327
    outer loop
      vertex -11.5379 -6.92196 19.1593
      vertex -11.549 -6.90978 19.1592
      vertex -28.4036 -24.2908 11
    endloop
  endfacet
  facet normal -0.231729 -0.220059 0.947563
    outer loop
      vertex -28.3301 -24.3745 11
      vertex -11.488 -6.97669 19.1592
      vertex -11.5074 -6.9554 19.1594
    endloop
  endfacet
  facet normal -0.232356 -0.219447 0.947551
    outer loop
      vertex -11.488 -6.97669 19.1592
      vertex -28.3301 -24.3745 11
      vertex -28.2536 -24.4555 11
    endloop
  endfacet
  facet normal -0.232883 -0.218934 0.947541
    outer loop
      vertex -11.5074 -6.9554 19.1594
      vertex -11.5185 -6.94316 19.1595
      vertex -28.3301 -24.3745 11
    endloop
  endfacet
  facet normal -0.222693 -0.228772 0.947666
    outer loop
      vertex -28.2536 -24.4555 11
      vertex -11.4575 -7.01033 19.1583
      vertex -11.4769 -6.98896 19.1589
    endloop
  endfacet
  facet normal -0.223599 -0.227899 0.947663
    outer loop
      vertex -11.4575 -7.01033 19.1583
      vertex -28.2536 -24.4555 11
      vertex -28.1741 -24.5335 11
    endloop
  endfacet
  facet normal -0.224912 -0.226636 0.947655
    outer loop
      vertex -11.4769 -6.98896 19.1589
      vertex -11.488 -6.97669 19.1592
      vertex -28.2536 -24.4555 11
    endloop
  endfacet
  facet normal -0.215777 -0.235356 0.947654
    outer loop
      vertex -28.1741 -24.5335 11
      vertex -11.4381 -7.03174 19.1574
      vertex -11.4575 -7.01033 19.1583
    endloop
  endfacet
  facet normal -0.215236 -0.235871 0.947649
    outer loop
      vertex -11.4381 -7.03174 19.1574
      vertex -28.1741 -24.5335 11
      vertex -28.0918 -24.6086 11
    endloop
  endfacet
  facet normal -0.212643 -0.238316 0.947623
    outer loop
      vertex -11.427 -7.04403 19.1568
      vertex -11.4381 -7.03174 19.1574
      vertex -28.0918 -24.6086 11
    endloop
  endfacet
  facet normal -0.206909 -0.243709 0.94752
    outer loop
      vertex -28.0918 -24.6086 11
      vertex -11.4077 -7.06547 19.1555
      vertex -11.427 -7.04403 19.1568
    endloop
  endfacet
  facet normal -0.20635 -0.244234 0.947507
    outer loop
      vertex -11.4077 -7.06547 19.1555
      vertex -28.0918 -24.6086 11
      vertex -28.0067 -24.6805 11
    endloop
  endfacet
  facet normal -0.209505 -0.241289 0.947569
    outer loop
      vertex -11.3967 -7.07777 19.1548
      vertex -11.4077 -7.06547 19.1555
      vertex -28.0067 -24.6805 11
    endloop
  endfacet
  facet normal -0.197327 -0.252621 0.94723
    outer loop
      vertex -11.3967 -7.07777 19.1548
      vertex -27.919 -24.7492 11
      vertex -11.3774 -7.09922 19.1531
    endloop
  endfacet
  facet normal -0.197655 -0.25232 0.947242
    outer loop
      vertex -27.919 -24.7492 11
      vertex -11.3967 -7.07777 19.1548
      vertex -28.0067 -24.6805 11
    endloop
  endfacet
  facet normal -0.19674 -0.253161 0.947208
    outer loop
      vertex -11.3664 -7.11151 19.1521
      vertex -11.3774 -7.09922 19.1531
      vertex -27.919 -24.7492 11
    endloop
  endfacet
  facet normal -0.1922 -0.257329 0.947017
    outer loop
      vertex -11.3664 -7.11151 19.1521
      vertex -27.8827 -24.7766 11
      vertex -11.3586 -7.12028 19.1513
    endloop
  endfacet
  facet normal -0.193405 -0.256227 0.94707
    outer loop
      vertex -27.8827 -24.7766 11
      vertex -11.3664 -7.11151 19.1521
      vertex -27.919 -24.7492 11
    endloop
  endfacet
  facet normal -0.197196 -0.252749 0.947223
    outer loop
      vertex -11.3541 -7.12529 19.1509
      vertex -11.3586 -7.12028 19.1513
      vertex -27.8827 -24.7766 11
    endloop
  endfacet
  facet normal -0.189828 -0.259507 0.946901
    outer loop
      vertex -11.3476 -7.13255 19.1502
      vertex -27.7935 -24.8413 11
      vertex -11.3347 -7.146 19.1491
    endloop
  endfacet
  facet normal -0.18886 -0.260384 0.946854
    outer loop
      vertex -11.3541 -7.12529 19.1509
      vertex -27.7935 -24.8413 11
      vertex -11.3476 -7.13255 19.1502
    endloop
  endfacet
  facet normal -0.188864 -0.260381 0.946854
    outer loop
      vertex -27.7935 -24.8413 11
      vertex -11.3541 -7.12529 19.1509
      vertex -27.8827 -24.7766 11
    endloop
  endfacet
  facet normal -0.18729 -0.261808 0.946773
    outer loop
      vertex -11.3234 -7.1577 19.1481
      vertex -11.3347 -7.146 19.1491
      vertex -27.7935 -24.8413 11
    endloop
  endfacet
  facet normal -0.179491 -0.268854 0.946309
    outer loop
      vertex -11.3234 -7.1577 19.1481
      vertex -27.7021 -24.9026 11
      vertex -11.3039 -7.17811 19.146
    endloop
  endfacet
  facet normal -0.180006 -0.268394 0.946342
    outer loop
      vertex -27.7021 -24.9026 11
      vertex -11.3234 -7.1577 19.1481
      vertex -27.7935 -24.8413 11
    endloop
  endfacet
  facet normal -0.179107 -0.269198 0.946284
    outer loop
      vertex -11.2927 -7.18978 19.1448
      vertex -11.3039 -7.17811 19.146
      vertex -27.7021 -24.9026 11
    endloop
  endfacet
  facet normal -0.172096 -0.275469 0.94578
    outer loop
      vertex -11.2927 -7.18978 19.1448
      vertex -27.6085 -24.9606 11
      vertex -11.2733 -7.21014 19.1424
    endloop
  endfacet
  facet normal -0.171191 -0.276268 0.945711
    outer loop
      vertex -27.6085 -24.9606 11
      vertex -11.2927 -7.18978 19.1448
      vertex -27.7021 -24.9026 11
    endloop
  endfacet
  facet normal -0.170412 -0.276958 0.94565
    outer loop
      vertex -11.2622 -7.22175 19.141
      vertex -11.2733 -7.21014 19.1424
      vertex -27.6085 -24.9606 11
    endloop
  endfacet
  facet normal -0.162373 -0.284053 0.94496
    outer loop
      vertex -11.2622 -7.22175 19.141
      vertex -27.5128 -25.0151 11
      vertex -11.243 -7.24204 19.1382
    endloop
  endfacet
  facet normal -0.161967 -0.284407 0.944923
    outer loop
      vertex -27.5128 -25.0151 11
      vertex -11.2622 -7.22175 19.141
      vertex -27.6085 -24.9606 11
    endloop
  endfacet
  facet normal -0.161562 -0.284762 0.944885
    outer loop
      vertex -11.232 -7.25359 19.1366
      vertex -11.243 -7.24204 19.1382
      vertex -27.5128 -25.0151 11
    endloop
  endfacet
  facet normal -0.151905 -0.293164 0.943917
    outer loop
      vertex -11.232 -7.25359 19.1366
      vertex -27.4151 -25.0661 11
      vertex -11.2129 -7.27379 19.1334
    endloop
  endfacet
  facet normal -0.152684 -0.292494 0.943999
    outer loop
      vertex -27.4151 -25.0661 11
      vertex -11.232 -7.25359 19.1366
      vertex -27.5128 -25.0151 11
    endloop
  endfacet
  facet normal -0.153005 -0.292216 0.944034
    outer loop
      vertex -11.2021 -7.28526 19.1316
      vertex -11.2129 -7.27379 19.1334
      vertex -27.4151 -25.0661 11
    endloop
  endfacet
  facet normal -0.144116 -0.29987 0.943031
    outer loop
      vertex -11.2021 -7.28526 19.1316
      vertex -27.3157 -25.1134 11
      vertex -11.1832 -7.30535 19.1281
    endloop
  endfacet
  facet normal -0.143104 -0.30073 0.942912
    outer loop
      vertex -27.3157 -25.1134 11
      vertex -11.2021 -7.28526 19.1316
      vertex -27.4151 -25.0661 11
    endloop
  endfacet
  facet normal -0.142669 -0.301102 0.942859
    outer loop
      vertex -11.1724 -7.31673 19.1261
      vertex -11.1832 -7.30535 19.1281
      vertex -27.3157 -25.1134 11
    endloop
  endfacet
  facet normal -0.133312 -0.309042 0.941659
    outer loop
      vertex -11.1724 -7.31673 19.1261
      vertex -27.2146 -25.157 11
      vertex -11.1537 -7.33668 19.1222
    endloop
  endfacet
  facet normal -0.133286 -0.309064 0.941655
    outer loop
      vertex -27.2146 -25.157 11
      vertex -11.1724 -7.31673 19.1261
      vertex -27.3157 -25.1134 11
    endloop
  endfacet
  facet normal -0.134031 -0.308438 0.941755
    outer loop
      vertex -11.1432 -7.34796 19.12
      vertex -11.1537 -7.33668 19.1222
      vertex -27.2146 -25.157 11
    endloop
  endfacet
  facet normal -0.122202 -0.318335 0.940069
    outer loop
      vertex -11.1432 -7.34796 19.12
      vertex -27.112 -25.1969 11
      vertex -11.1247 -7.36776 19.1157
    endloop
  endfacet
  facet normal -0.123409 -0.317337 0.940249
    outer loop
      vertex -27.112 -25.1969 11
      vertex -11.1432 -7.34796 19.12
      vertex -27.2146 -25.157 11
    endloop
  endfacet
  facet normal -0.123479 -0.317277 0.94026
    outer loop
      vertex -11.1143 -7.37892 19.1133
      vertex -11.1247 -7.36776 19.1157
      vertex -27.112 -25.1969 11
    endloop
  endfacet
  facet normal -0.113359 -0.325643 0.938673
    outer loop
      vertex -11.1143 -7.37892 19.1133
      vertex -27.0079 -25.233 11
      vertex -11.096 -7.39855 19.1087
    endloop
  endfacet
  facet normal -0.113022 -0.325918 0.938618
    outer loop
      vertex -27.0079 -25.233 11
      vertex -11.1143 -7.37892 19.1133
      vertex -27.112 -25.1969 11
    endloop
  endfacet
  facet normal -0.11294 -0.325985 0.938604
    outer loop
      vertex -11.0858 -7.40957 19.1061
      vertex -11.096 -7.39855 19.1087
      vertex -27.0079 -25.233 11
    endloop
  endfacet
  facet normal -0.103394 -0.333774 0.936966
    outer loop
      vertex -11.0858 -7.40957 19.1061
      vertex -26.9026 -25.2653 11
      vertex -11.0577 -7.43989 19.0984
    endloop
  endfacet
  facet normal -0.102583 -0.334427 0.936822
    outer loop
      vertex -26.9026 -25.2653 11
      vertex -11.0858 -7.40957 19.1061
      vertex -27.0079 -25.233 11
    endloop
  endfacet
  facet normal -0.089594 -0.344848 0.934373
    outer loop
      vertex -11.0577 -7.43989 19.0984
      vertex -26.7962 -25.2937 11
      vertex -11.04 -7.45912 19.093
    endloop
  endfacet
  facet normal -0.0916175 -0.343243 0.934768
    outer loop
      vertex -26.7962 -25.2937 11
      vertex -11.0577 -7.43989 19.0984
      vertex -26.9026 -25.2653 11
    endloop
  endfacet
  facet normal -0.0953672 -0.340253 0.935486
    outer loop
      vertex -11.0302 -7.46984 19.0901
      vertex -11.04 -7.45912 19.093
      vertex -26.7962 -25.2937 11
    endloop
  endfacet
  facet normal -0.0795881 -0.352768 0.93232
    outer loop
      vertex -11.0302 -7.46984 19.0901
      vertex -26.6888 -25.3182 11
      vertex -11.0128 -7.48883 19.0844
    endloop
  endfacet
  facet normal -0.0803391 -0.35218 0.932478
    outer loop
      vertex -26.6888 -25.3182 11
      vertex -11.0302 -7.46984 19.0901
      vertex -26.7962 -25.2937 11
    endloop
  endfacet
  facet normal -0.0777785 -0.354184 0.931936
    outer loop
      vertex -11.0031 -7.49938 19.0812
      vertex -11.0128 -7.48883 19.0844
      vertex -26.6888 -25.3182 11
    endloop
  endfacet
  facet normal -0.0691804 -0.360897 0.930036
    outer loop
      vertex -11.0031 -7.49938 19.0812
      vertex -26.5806 -25.3387 11
      vertex -10.986 -7.51812 19.0752
    endloop
  endfacet
  facet normal -0.0684793 -0.361437 0.929878
    outer loop
      vertex -26.5806 -25.3387 11
      vertex -11.0031 -7.49938 19.0812
      vertex -26.6888 -25.3182 11
    endloop
  endfacet
  facet normal -0.0702532 -0.360067 0.930277
    outer loop
      vertex -10.9766 -7.52848 19.0719
      vertex -10.986 -7.51812 19.0752
      vertex -26.5806 -25.3387 11
    endloop
  endfacet
  facet normal -0.055435 -0.371464 0.926791
    outer loop
      vertex -10.9766 -7.52848 19.0719
      vertex -26.4718 -25.3552 11
      vertex -10.9599 -7.54694 19.0655
    endloop
  endfacet
  facet normal -0.0562414 -0.370852 0.926987
    outer loop
      vertex -26.4718 -25.3552 11
      vertex -10.9766 -7.52848 19.0719
      vertex -26.5806 -25.3387 11
    endloop
  endfacet
  facet normal -0.0534045 -0.373007 0.92629
    outer loop
      vertex -10.9582 -7.54873 19.0649
      vertex -26.4718 -25.3552 11
      vertex -10.9504 -7.5568 19.0621
    endloop
  endfacet
  facet normal -0.0599878 -0.367996 0.92789
    outer loop
      vertex -26.4718 -25.3552 11
      vertex -10.9582 -7.54873 19.0649
      vertex -10.9599 -7.54694 19.0655
    endloop
  endfacet
  facet normal -0.0441197 -0.380035 0.923919
    outer loop
      vertex -10.9504 -7.5568 19.0621
      vertex -26.3624 -25.3677 11
      vertex -10.9242 -7.58391 19.0522
    endloop
  endfacet
  facet normal -0.0434775 -0.380515 0.923752
    outer loop
      vertex -26.3624 -25.3677 11
      vertex -10.9504 -7.5568 19.0621
      vertex -26.4718 -25.3552 11
    endloop
  endfacet
  facet normal -0.0317666 -0.389257 0.920581
    outer loop
      vertex -10.9242 -7.58391 19.0522
      vertex -26.2526 -25.3762 11
      vertex -10.9076 -7.60111 19.0455
    endloop
  endfacet
  facet normal -0.0302217 -0.390394 0.920152
    outer loop
      vertex -26.2526 -25.3762 11
      vertex -10.9242 -7.58391 19.0522
      vertex -26.3624 -25.3677 11
    endloop
  endfacet
  facet normal -0.0295884 -0.390862 0.919973
    outer loop
      vertex -10.8986 -7.6105 19.0418
      vertex -10.9076 -7.60111 19.0455
      vertex -26.2526 -25.3762 11
    endloop
  endfacet
  facet normal -0.0160141 -0.400806 0.916023
    outer loop
      vertex -10.8986 -7.6105 19.0418
      vertex -26.1425 -25.3806 11
      vertex -10.8825 -7.62737 19.0347
    endloop
  endfacet
  facet normal -0.0160176 -0.400803 0.916024
    outer loop
      vertex -26.1425 -25.3806 11
      vertex -10.8986 -7.6105 19.0418
      vertex -26.2526 -25.3762 11
    endloop
  endfacet
  facet normal -0.0134819 -0.402637 0.91526
    outer loop
      vertex -10.8737 -7.63653 19.0308
      vertex -10.8825 -7.62737 19.0347
      vertex -26.1425 -25.3806 11
    endloop
  endfacet
  facet normal -0.00248979 -0.410551 0.911834
    outer loop
      vertex -10.8737 -7.63653 19.0308
      vertex -26.0324 -25.381 11
      vertex -10.8581 -7.65306 19.0234
    endloop
  endfacet
  facet normal -0.00149413 -0.411259 0.911517
    outer loop
      vertex -26.0324 -25.381 11
      vertex -10.8737 -7.63653 19.0308
      vertex -26.1425 -25.3806 11
    endloop
  endfacet
  facet normal -0.00209397 -0.410833 0.911708
    outer loop
      vertex -10.8496 -7.66198 19.0194
      vertex -10.8581 -7.65306 19.0234
      vertex -26.0324 -25.381 11
    endloop
  endfacet
  facet normal 0.00609761 -0.416649 0.909047
    outer loop
      vertex -3.27981 -12.1836 16.8962
      vertex -0.0438995 -25.0006 11
      vertex -2.78602 -12.2931 16.8427
    endloop
  endfacet
  facet normal 0.00615213 -0.416638 0.909052
    outer loop
      vertex -3.81632 -12.0425 16.9645
      vertex -0.0438995 -25.0006 11
      vertex -3.27981 -12.1836 16.8962
    endloop
  endfacet
  facet normal 0.00599269 -0.416676 0.909035
    outer loop
      vertex -4.34818 -11.8802 17.0424
      vertex -0.0438995 -25.0006 11
      vertex -3.81632 -12.0425 16.9645
    endloop
  endfacet
  facet normal 0.00609989 -0.416647 0.909048
    outer loop
      vertex -4.87474 -11.697 17.1299
      vertex -0.0438995 -25.0006 11
      vertex -4.34818 -11.8802 17.0424
    endloop
  endfacet
  facet normal 0.00600269 -0.416676 0.909035
    outer loop
      vertex -5.39537 -11.4931 17.2268
      vertex -0.0438995 -25.0006 11
      vertex -4.87474 -11.697 17.1299
    endloop
  endfacet
  facet normal 0.00620099 -0.416611 0.909064
    outer loop
      vertex -5.90942 -11.2688 17.3331
      vertex -0.0438995 -25.0006 11
      vertex -5.39537 -11.4931 17.2268
    endloop
  endfacet
  facet normal 0.00618231 -0.416618 0.909061
    outer loop
      vertex -6.41627 -11.0243 17.4486
      vertex -0.0438995 -25.0006 11
      vertex -5.90942 -11.2688 17.3331
    endloop
  endfacet
  facet normal 0.00613169 -0.416637 0.909052
    outer loop
      vertex -6.9153 -10.76 17.5731
      vertex -0.0438995 -25.0006 11
      vertex -6.41627 -11.0243 17.4486
    endloop
  endfacet
  facet normal 0.00603632 -0.416583 0.909078
    outer loop
      vertex -26.0324 -25.381 11
      vertex -6.9153 -10.76 17.5731
      vertex -7.40591 -10.476 17.7065
    endloop
  endfacet
  facet normal 0.0061494 -0.4167 0.909023
    outer loop
      vertex -26.0324 -25.381 11
      vertex -7.40591 -10.476 17.7065
      vertex -7.8875 -10.1729 17.8487
    endloop
  endfacet
  facet normal 0.0060642 -0.416616 0.909063
    outer loop
      vertex -26.0324 -25.381 11
      vertex -7.8875 -10.1729 17.8487
      vertex -8.35948 -9.85094 17.9994
    endloop
  endfacet
  facet normal 0.00607754 -0.416628 0.909057
    outer loop
      vertex -26.0324 -25.381 11
      vertex -8.35948 -9.85094 17.9994
      vertex -8.82127 -9.51053 18.1585
    endloop
  endfacet
  facet normal 0.00608185 -0.416632 0.909055
    outer loop
      vertex -26.0324 -25.381 11
      vertex -8.82127 -9.51053 18.1585
      vertex -9.27231 -9.15208 18.3258
    endloop
  endfacet
  facet normal 0.00609696 -0.416645 0.909049
    outer loop
      vertex -26.0324 -25.381 11
      vertex -9.27231 -9.15208 18.3258
      vertex -9.71206 -8.77604 18.5011
    endloop
  endfacet
  facet normal 0.00612815 -0.41667 0.909037
    outer loop
      vertex -26.0324 -25.381 11
      vertex -9.71206 -8.77604 18.5011
      vertex -10.14 -8.38287 18.6842
    endloop
  endfacet
  facet normal 0.00606855 -0.416624 0.909059
    outer loop
      vertex -26.0324 -25.381 11
      vertex -10.14 -8.38287 18.6842
      vertex -10.5555 -7.97304 18.8748
    endloop
  endfacet
  facet normal 0.00619092 -0.416714 0.909017
    outer loop
      vertex -26.0324 -25.381 11
      vertex -10.5555 -7.97304 18.8748
      vertex -10.8496 -7.66198 19.0194
    endloop
  endfacet
  facet normal 0.00609861 -0.41665 0.909046
    outer loop
      vertex -6.9153 -10.76 17.5731
      vertex -26.0324 -25.381 11
      vertex -0.0438995 -25.0006 11
    endloop
  endfacet
  facet normal 0.00600462 -0.41665 0.909047
    outer loop
      vertex -0.550539 -12.5675 16.7019
      vertex -0.0438995 -25.0006 11
      vertex -0.0257225 -12.5787 16.6933
    endloop
  endfacet
  facet normal 0.00619287 -0.416643 0.909049
    outer loop
      vertex -1.10041 -12.534 16.721
      vertex -0.0438995 -25.0006 11
      vertex -0.550539 -12.5675 16.7019
    endloop
  endfacet
  facet normal 0.00613169 -0.416648 0.909047
    outer loop
      vertex -1.64894 -12.4788 16.75
      vertex -0.0438995 -25.0006 11
      vertex -1.10041 -12.534 16.721
    endloop
  endfacet
  facet normal 0.00607695 -0.416654 0.909045
    outer loop
      vertex -2.19546 -12.4019 16.7889
      vertex -0.0438995 -25.0006 11
      vertex -1.64894 -12.4788 16.75
    endloop
  endfacet
  facet normal 0.00601407 -0.416663 0.909041
    outer loop
      vertex -2.7393 -12.3035 16.8376
      vertex -0.0438995 -25.0006 11
      vertex -2.19546 -12.4019 16.7889
    endloop
  endfacet
  facet normal 0.00650499 -0.416575 0.909078
    outer loop
      vertex -0.0438995 -25.0006 11
      vertex -2.7393 -12.3035 16.8376
      vertex -2.78602 -12.2931 16.8427
    endloop
  endfacet
  facet normal 0.00500764 -0.416651 0.909053
    outer loop
      vertex -0.0438995 -25.0006 11
      vertex -0.0045438 -12.5791 16.693
      vertex -0.0257225 -12.5787 16.6933
    endloop
  endfacet
  facet normal 0.00284729 -0.416649 0.909063
    outer loop
      vertex -0.0045438 -12.5791 16.693
      vertex -0.0438995 -25.0006 11
      vertex 0 -25.0003 11
    endloop
  endfacet
  facet normal 0.0108365 -0.416624 0.909014
    outer loop
      vertex 0 -25.0003 11
      vertex 0 -12.5792 16.6929
      vertex -0.0045438 -12.5791 16.693
    endloop
  endfacet
  facet normal -0.00500764 -0.416651 0.909053
    outer loop
      vertex 0.0045438 -12.5791 16.693
      vertex 0.0438995 -25.0006 11
      vertex 0.0257225 -12.5787 16.6933
    endloop
  endfacet
  facet normal -0.00284729 -0.416649 0.909063
    outer loop
      vertex 0.0438995 -25.0006 11
      vertex 0.0045438 -12.5791 16.693
      vertex 0 -25.0003 11
    endloop
  endfacet
  facet normal -0.0108365 -0.416624 0.909014
    outer loop
      vertex 0.0045438 -12.5791 16.693
      vertex 0 -12.5792 16.6929
      vertex 0 -25.0003 11
    endloop
  endfacet
  facet normal -0.00619092 -0.416714 0.909017
    outer loop
      vertex 10.5555 -7.97304 18.8748
      vertex 26.0324 -25.381 11
      vertex 10.8496 -7.66198 19.0194
    endloop
  endfacet
  facet normal -0.00606855 -0.416624 0.909059
    outer loop
      vertex 10.14 -8.38287 18.6842
      vertex 26.0324 -25.381 11
      vertex 10.5555 -7.97304 18.8748
    endloop
  endfacet
  facet normal -0.00612815 -0.41667 0.909037
    outer loop
      vertex 9.71206 -8.77604 18.5011
      vertex 26.0324 -25.381 11
      vertex 10.14 -8.38287 18.6842
    endloop
  endfacet
  facet normal -0.00609696 -0.416645 0.909049
    outer loop
      vertex 9.27231 -9.15208 18.3258
      vertex 26.0324 -25.381 11
      vertex 9.71206 -8.77604 18.5011
    endloop
  endfacet
  facet normal -0.00608185 -0.416632 0.909055
    outer loop
      vertex 8.82127 -9.51053 18.1585
      vertex 26.0324 -25.381 11
      vertex 9.27231 -9.15208 18.3258
    endloop
  endfacet
  facet normal -0.00607754 -0.416628 0.909057
    outer loop
      vertex 8.35948 -9.85094 17.9994
      vertex 26.0324 -25.381 11
      vertex 8.82127 -9.51053 18.1585
    endloop
  endfacet
  facet normal -0.0060642 -0.416616 0.909063
    outer loop
      vertex 7.8875 -10.1729 17.8487
      vertex 26.0324 -25.381 11
      vertex 8.35948 -9.85094 17.9994
    endloop
  endfacet
  facet normal -0.0061494 -0.4167 0.909023
    outer loop
      vertex 7.40591 -10.476 17.7065
      vertex 26.0324 -25.381 11
      vertex 7.8875 -10.1729 17.8487
    endloop
  endfacet
  facet normal -0.00603632 -0.416583 0.909078
    outer loop
      vertex 6.9153 -10.76 17.5731
      vertex 26.0324 -25.381 11
      vertex 7.40591 -10.476 17.7065
    endloop
  endfacet
  facet normal -0.00613169 -0.416637 0.909052
    outer loop
      vertex 0.0438995 -25.0006 11
      vertex 6.9153 -10.76 17.5731
      vertex 6.41627 -11.0243 17.4486
    endloop
  endfacet
  facet normal -0.00618231 -0.416618 0.909061
    outer loop
      vertex 0.0438995 -25.0006 11
      vertex 6.41627 -11.0243 17.4486
      vertex 5.90942 -11.2688 17.3331
    endloop
  endfacet
  facet normal -0.00620099 -0.416611 0.909064
    outer loop
      vertex 0.0438995 -25.0006 11
      vertex 5.90942 -11.2688 17.3331
      vertex 5.39537 -11.4931 17.2268
    endloop
  endfacet
  facet normal -0.00600269 -0.416676 0.909035
    outer loop
      vertex 0.0438995 -25.0006 11
      vertex 5.39537 -11.4931 17.2268
      vertex 4.87474 -11.697 17.1299
    endloop
  endfacet
  facet normal -0.00609989 -0.416647 0.909048
    outer loop
      vertex 0.0438995 -25.0006 11
      vertex 4.87474 -11.697 17.1299
      vertex 4.34818 -11.8802 17.0424
    endloop
  endfacet
  facet normal -0.00599269 -0.416676 0.909035
    outer loop
      vertex 0.0438995 -25.0006 11
      vertex 4.34818 -11.8802 17.0424
      vertex 3.81632 -12.0425 16.9645
    endloop
  endfacet
  facet normal -0.00615213 -0.416638 0.909052
    outer loop
      vertex 0.0438995 -25.0006 11
      vertex 3.81632 -12.0425 16.9645
      vertex 3.27981 -12.1836 16.8962
    endloop
  endfacet
  facet normal -0.00609761 -0.416649 0.909047
    outer loop
      vertex 0.0438995 -25.0006 11
      vertex 3.27981 -12.1836 16.8962
      vertex 2.78602 -12.2931 16.8427
    endloop
  endfacet
  facet normal -0.00609861 -0.41665 0.909046
    outer loop
      vertex 6.9153 -10.76 17.5731
      vertex 0.0438995 -25.0006 11
      vertex 26.0324 -25.381 11
    endloop
  endfacet
  facet normal -0.00650499 -0.416575 0.909078
    outer loop
      vertex 2.7393 -12.3035 16.8376
      vertex 0.0438995 -25.0006 11
      vertex 2.78602 -12.2931 16.8427
    endloop
  endfacet
  facet normal -0.00601407 -0.416663 0.909041
    outer loop
      vertex 2.19546 -12.4019 16.7889
      vertex 0.0438995 -25.0006 11
      vertex 2.7393 -12.3035 16.8376
    endloop
  endfacet
  facet normal -0.00607695 -0.416654 0.909045
    outer loop
      vertex 1.64894 -12.4788 16.75
      vertex 0.0438995 -25.0006 11
      vertex 2.19546 -12.4019 16.7889
    endloop
  endfacet
  facet normal -0.00613169 -0.416648 0.909047
    outer loop
      vertex 1.10041 -12.534 16.721
      vertex 0.0438995 -25.0006 11
      vertex 1.64894 -12.4788 16.75
    endloop
  endfacet
  facet normal -0.00619287 -0.416643 0.909049
    outer loop
      vertex 0.550539 -12.5675 16.7019
      vertex 0.0438995 -25.0006 11
      vertex 1.10041 -12.534 16.721
    endloop
  endfacet
  facet normal -0.00600462 -0.41665 0.909047
    outer loop
      vertex 0.0438995 -25.0006 11
      vertex 0.550539 -12.5675 16.7019
      vertex 0.0257225 -12.5787 16.6933
    endloop
  endfacet
  facet normal 0.00149413 -0.411259 0.911517
    outer loop
      vertex 10.8737 -7.63653 19.0308
      vertex 26.0324 -25.381 11
      vertex 26.1425 -25.3806 11
    endloop
  endfacet
  facet normal 0.00248979 -0.410551 0.911834
    outer loop
      vertex 26.0324 -25.381 11
      vertex 10.8737 -7.63653 19.0308
      vertex 10.8581 -7.65306 19.0234
    endloop
  endfacet
  facet normal 0.00209397 -0.410833 0.911708
    outer loop
      vertex 26.0324 -25.381 11
      vertex 10.8581 -7.65306 19.0234
      vertex 10.8496 -7.66198 19.0194
    endloop
  endfacet
  facet normal 0 0 -1
    outer loop
      vertex 29.4072 -20.249 0
      vertex 29.4045 -20.0157 0
      vertex 29.4081 -20.1323 0
    endloop
  endfacet
  facet normal 0 0 -1
    outer loop
      vertex 29.4072 -20.249 0
      vertex 29.3964 -19.8993 0
      vertex 29.4045 -20.0157 0
    endloop
  endfacet
  facet normal 0 0 -1
    outer loop
      vertex 29.4072 -20.249 0
      vertex 29.3837 -19.7834 0
      vertex 29.3964 -19.8993 0
    endloop
  endfacet
  facet normal 0 0 -1
    outer loop
      vertex 29.4072 -20.249 0
      vertex 29.3666 -19.668 0
      vertex 29.3837 -19.7834 0
    endloop
  endfacet
  facet normal 0 0 -1
    outer loop
      vertex 26.0324 -25.381 0
      vertex 29.4072 -20.249 0
      vertex 29.3634 -21.848 0
    endloop
  endfacet
  facet normal 0 0 -1
    outer loop
      vertex 26.0324 -25.381 0
      vertex 29.3634 -21.848 0
      vertex 29.3582 -21.9611 0
    endloop
  endfacet
  facet normal 0 0 -1
    outer loop
      vertex 26.0324 -25.381 0
      vertex 29.3582 -21.9611 0
      vertex 29.3487 -22.0739 0
    endloop
  endfacet
  facet normal 0 -0 -1
    outer loop
      vertex 29.3449 -19.5533 0
      vertex 29.4072 -20.249 0
      vertex 26.0324 -25.381 0
    endloop
  endfacet
  facet normal 0 0 -1
    outer loop
      vertex 26.0324 -25.381 0
      vertex 29.3487 -22.0739 0
      vertex 29.335 -22.1863 0
    endloop
  endfacet
  facet normal 0 0 -1
    outer loop
      vertex 26.0324 -25.381 0
      vertex 29.335 -22.1863 0
      vertex 29.317 -22.2981 0
    endloop
  endfacet
  facet normal 0 0 -1
    outer loop
      vertex 26.0324 -25.381 0
      vertex 29.317 -22.2981 0
      vertex 29.2948 -22.4091 0
    endloop
  endfacet
  facet normal 0 0 -1
    outer loop
      vertex 26.0324 -25.381 0
      vertex 29.2948 -22.4091 0
      vertex 29.2684 -22.5192 0
    endloop
  endfacet
  facet normal 0 0 -1
    outer loop
      vertex 26.0324 -25.381 0
      vertex 29.2684 -22.5192 0
      vertex 29.238 -22.6282 0
    endloop
  endfacet
  facet normal 0 0 -1
    outer loop
      vertex 26.0324 -25.381 0
      vertex 29.238 -22.6282 0
      vertex 29.2034 -22.736 0
    endloop
  endfacet
  facet normal 0 0 -1
    outer loop
      vertex 26.0324 -25.381 0
      vertex 29.2034 -22.736 0
      vertex 29.1648 -22.8424 0
    endloop
  endfacet
  facet normal 0 0 -1
    outer loop
      vertex 26.0324 -25.381 0
      vertex 29.1648 -22.8424 0
      vertex 29.1222 -22.9473 0
    endloop
  endfacet
  facet normal 0 0 -1
    outer loop
      vertex 26.0324 -25.381 0
      vertex 29.1222 -22.9473 0
      vertex 28.8702 -23.5353 0
    endloop
  endfacet
  facet normal 0 0 -1
    outer loop
      vertex 26.0324 -25.381 0
      vertex 28.8702 -23.5353 0
      vertex 28.8245 -23.6369 0
    endloop
  endfacet
  facet normal 0 0 -1
    outer loop
      vertex 29.4072 -20.249 0
      vertex 29.3449 -19.5533 0
      vertex 29.3666 -19.668 0
    endloop
  endfacet
  facet normal -0 0 -1
    outer loop
      vertex 29.3449 -19.5533 0
      vertex 26.0324 -25.381 0
      vertex 28.8075 -16.9812 0
    endloop
  endfacet
  facet normal 0 0 -1
    outer loop
      vertex 26.0324 -25.381 0
      vertex 28.8245 -23.6369 0
      vertex 28.775 -23.7367 0
    endloop
  endfacet
  facet normal 0 -0 -1
    outer loop
      vertex 28.6833 -16.5505 0
      vertex 28.8075 -16.9812 0
      vertex 26.0324 -25.381 0
    endloop
  endfacet
  facet normal 0 0 -1
    outer loop
      vertex 26.0324 -25.381 0
      vertex 28.775 -23.7367 0
      vertex 28.7218 -23.8346 0
    endloop
  endfacet
  facet normal 0 0 -1
    outer loop
      vertex 28.8075 -16.9812 0
      vertex 28.6833 -16.5505 0
      vertex 28.7825 -16.8719 0
    endloop
  endfacet
  facet normal 0 0 -1
    outer loop
      vertex 28.7825 -16.8719 0
      vertex 28.6833 -16.5505 0
      vertex 28.7535 -16.7635 0
    endloop
  endfacet
  facet normal 0 0 -1
    outer loop
      vertex 26.0324 -25.381 0
      vertex 28.7218 -23.8346 0
      vertex 28.665 -23.9304 0
    endloop
  endfacet
  facet normal 0 0 -1
    outer loop
      vertex 26.0324 -25.381 0
      vertex 28.665 -23.9304 0
      vertex 28.6048 -24.0241 0
    endloop
  endfacet
  facet normal 0 0 -1
    outer loop
      vertex 26.0324 -25.381 0
      vertex 28.6048 -24.0241 0
      vertex 28.541 -24.1155 0
    endloop
  endfacet
  facet normal 0 0 -1
    outer loop
      vertex 26.0324 -25.381 0
      vertex 28.541 -24.1155 0
      vertex 28.474 -24.2044 0
    endloop
  endfacet
  facet normal 0 0 -1
    outer loop
      vertex 26.0324 -25.381 0
      vertex 28.474 -24.2044 0
      vertex 28.4036 -24.2908 0
    endloop
  endfacet
  facet normal 0 0 -1
    outer loop
      vertex 26.0324 -25.381 0
      vertex 28.4036 -24.2908 0
      vertex 28.3301 -24.3745 0
    endloop
  endfacet
  facet normal 0 0 -1
    outer loop
      vertex 26.0324 -25.381 0
      vertex 28.3301 -24.3745 0
      vertex 28.2536 -24.4555 0
    endloop
  endfacet
  facet normal 0 0 -1
    outer loop
      vertex 26.0324 -25.381 0
      vertex 28.2536 -24.4555 0
      vertex 28.1741 -24.5335 0
    endloop
  endfacet
  facet normal 0 0 -1
    outer loop
      vertex 26.0324 -25.381 0
      vertex 28.1741 -24.5335 0
      vertex 28.0918 -24.6086 0
    endloop
  endfacet
  facet normal 0 0 -1
    outer loop
      vertex 26.0324 -25.381 0
      vertex 28.0918 -24.6086 0
      vertex 28.0067 -24.6805 0
    endloop
  endfacet
  facet normal 0 0 -1
    outer loop
      vertex 26.0324 -25.381 0
      vertex 28.0067 -24.6805 0
      vertex 27.919 -24.7492 0
    endloop
  endfacet
  facet normal 0 0 -1
    outer loop
      vertex 26.0324 -25.381 0
      vertex 27.919 -24.7492 0
      vertex 27.8827 -24.7766 0
    endloop
  endfacet
  facet normal 0 0 -1
    outer loop
      vertex 26.0324 -25.381 0
      vertex 27.8827 -24.7766 0
      vertex 27.7935 -24.8413 0
    endloop
  endfacet
  facet normal 0 0 -1
    outer loop
      vertex 26.0324 -25.381 0
      vertex 27.7935 -24.8413 0
      vertex 27.7021 -24.9026 0
    endloop
  endfacet
  facet normal 0 0 -1
    outer loop
      vertex 26.0324 -25.381 0
      vertex 27.7021 -24.9026 0
      vertex 27.6085 -24.9606 0
    endloop
  endfacet
  facet normal 0 0 -1
    outer loop
      vertex 26.0324 -25.381 0
      vertex 27.6085 -24.9606 0
      vertex 27.5128 -25.0151 0
    endloop
  endfacet
  facet normal 0 0 -1
    outer loop
      vertex 28.7535 -16.7635 0
      vertex 28.6833 -16.5505 0
      vertex 28.7204 -16.6564 0
    endloop
  endfacet
  facet normal 0 0 -1
    outer loop
      vertex 26.0324 -25.381 0
      vertex 27.5128 -25.0151 0
      vertex 27.4151 -25.0661 0
    endloop
  endfacet
  facet normal -0 0 -1
    outer loop
      vertex 28.6833 -16.5505 0
      vertex 26.0324 -25.381 0
      vertex 27.4525 -13.2356 0
    endloop
  endfacet
  facet normal 0 -0 -1
    outer loop
      vertex 27.3288 -12.949 0
      vertex 27.4525 -13.2356 0
      vertex 26.0324 -25.381 0
    endloop
  endfacet
  facet normal 0 0 -1
    outer loop
      vertex 26.0324 -25.381 0
      vertex 27.4151 -25.0661 0
      vertex 27.3157 -25.1134 0
    endloop
  endfacet
  facet normal 0 0 -1
    outer loop
      vertex 26.0324 -25.381 0
      vertex 27.3157 -25.1134 0
      vertex 27.2146 -25.157 0
    endloop
  endfacet
  facet normal 0 0 -1
    outer loop
      vertex 26.0324 -25.381 0
      vertex 27.2146 -25.157 0
      vertex 27.112 -25.1969 0
    endloop
  endfacet
  facet normal 0 0 -1
    outer loop
      vertex 26.0324 -25.381 0
      vertex 27.112 -25.1969 0
      vertex 27.0079 -25.233 0
    endloop
  endfacet
  facet normal 0 0 -1
    outer loop
      vertex 26.0324 -25.381 0
      vertex 27.0079 -25.233 0
      vertex 26.9026 -25.2653 0
    endloop
  endfacet
  facet normal 0 0 -1
    outer loop
      vertex 26.0324 -25.381 0
      vertex 26.9026 -25.2653 0
      vertex 26.7962 -25.2937 0
    endloop
  endfacet
  facet normal 0 0 -1
    outer loop
      vertex 26.0324 -25.381 0
      vertex 26.7962 -25.2937 0
      vertex 26.6888 -25.3182 0
    endloop
  endfacet
  facet normal 0 0 -1
    outer loop
      vertex 26.0324 -25.381 0
      vertex 26.6888 -25.3182 0
      vertex 26.5806 -25.3387 0
    endloop
  endfacet
  facet normal 0 0 -1
    outer loop
      vertex 26.0324 -25.381 0
      vertex 26.5806 -25.3387 0
      vertex 26.4718 -25.3552 0
    endloop
  endfacet
  facet normal 0 0 -1
    outer loop
      vertex 26.0324 -25.381 0
      vertex 26.4718 -25.3552 0
      vertex 26.3624 -25.3677 0
    endloop
  endfacet
  facet normal 0 0 -1
    outer loop
      vertex 26.0324 -25.381 0
      vertex 26.3624 -25.3677 0
      vertex 26.2526 -25.3762 0
    endloop
  endfacet
  facet normal 0 0 -1
    outer loop
      vertex 26.0324 -25.381 0
      vertex 26.2526 -25.3762 0
      vertex 26.1425 -25.3806 0
    endloop
  endfacet
  facet normal 0 0 -1
    outer loop
      vertex 27.4525 -13.2356 0
      vertex 27.3288 -12.949 0
      vertex 27.3943 -13.0907 0
    endloop
  endfacet
  facet normal 0 0 -1
    outer loop
      vertex 0.0438995 -25.0006 0
      vertex 27.3288 -12.949 0
      vertex 26.0324 -25.381 0
    endloop
  endfacet
  facet normal -0 0 -1
    outer loop
      vertex 27.3288 -12.949 0
      vertex 0.0438995 -25.0006 0
      vertex 25.4122 -9.07703 0
    endloop
  endfacet
  facet normal 0 -0 -1
    outer loop
      vertex 25.2997 -8.87048 0
      vertex 25.4122 -9.07703 0
      vertex 0.0438995 -25.0006 0
    endloop
  endfacet
  facet normal 0 0 -1
    outer loop
      vertex 25.4122 -9.07703 0
      vertex 25.2997 -8.87048 0
      vertex 25.358 -8.97266 0
    endloop
  endfacet
  facet normal -0 0 -1
    outer loop
      vertex 25.2997 -8.87048 0
      vertex 0.0438995 -25.0006 0
      vertex 22.7461 -4.59148 0
    endloop
  endfacet
  facet normal 0 -0 -1
    outer loop
      vertex 22.6437 -4.43173 0
      vertex 22.7461 -4.59148 0
      vertex 0.0438995 -25.0006 0
    endloop
  endfacet
  facet normal 0 0 -1
    outer loop
      vertex 22.7461 -4.59148 0
      vertex 22.6437 -4.43173 0
      vertex 22.6962 -4.5108 0
    endloop
  endfacet
  facet normal -0 0 -1
    outer loop
      vertex 22.6437 -4.43173 0
      vertex 0.0438995 -25.0006 0
      vertex 19.557 0.0676575 0
    endloop
  endfacet
  facet normal 0 -0 -1
    outer loop
      vertex 19.3841 0.295563 0
      vertex 19.557 0.0676575 0
      vertex 0.0438995 -25.0006 0
    endloop
  endfacet
  facet normal 0 0 -1
    outer loop
      vertex 19.557 0.0676575 0
      vertex 19.3841 0.295563 0
      vertex 19.4733 0.18367 0
    endloop
  endfacet
  facet normal -0 0 -1
    outer loop
      vertex 19.3841 0.295563 0
      vertex 0.0438995 -25.0006 0
      vertex 14.6743 5.92502 0
    endloop
  endfacet
  facet normal -0 0 -1
    outer loop
      vertex 14.6743 5.92502 0
      vertex 0.0438995 -25.0006 0
      vertex 14.6667 5.93379 0
    endloop
  endfacet
  facet normal 0 0 -1
    outer loop
      vertex -14.6667 5.93379 0
      vertex 14.6667 5.93379 0
      vertex 0.0438995 -25.0006 0
    endloop
  endfacet
  facet normal 0 -0 -1
    outer loop
      vertex 14.4112 6.55961 0
      vertex 14.6667 5.93379 0
      vertex -14.6667 5.93379 0
    endloop
  endfacet
  facet normal 0 0 -1
    outer loop
      vertex 14.6667 5.93379 0
      vertex 14.4112 6.55961 0
      vertex 14.6263 6.04144 0
    endloop
  endfacet
  facet normal -0 0 -1
    outer loop
      vertex 14.4112 6.55961 0
      vertex -14.6667 5.93379 0
      vertex 14.1785 7.0698 0
    endloop
  endfacet
  facet normal -0 0 -1
    outer loop
      vertex 14.1785 7.0698 0
      vertex -14.6667 5.93379 0
      vertex 13.9285 7.57137 0
    endloop
  endfacet
  facet normal -0 0 -1
    outer loop
      vertex 13.9285 7.57137 0
      vertex -14.6667 5.93379 0
      vertex 13.6616 8.06371 0
    endloop
  endfacet
  facet normal -0 0 -1
    outer loop
      vertex 13.6616 8.06371 0
      vertex -14.6667 5.93379 0
      vertex 13.378 8.54623 0
    endloop
  endfacet
  facet normal -0 0 -1
    outer loop
      vertex 13.378 8.54623 0
      vertex -14.6667 5.93379 0
      vertex 13.0781 9.01834 0
    endloop
  endfacet
  facet normal -0 0 -1
    outer loop
      vertex 13.0781 9.01834 0
      vertex -14.6667 5.93379 0
      vertex 12.7622 9.47946 0
    endloop
  endfacet
  facet normal -0 0 -1
    outer loop
      vertex 12.7622 9.47946 0
      vertex -14.6667 5.93379 0
      vertex 12.4309 9.92903 0
    endloop
  endfacet
  facet normal -0 0 -1
    outer loop
      vertex 12.4309 9.92903 0
      vertex -14.6667 5.93379 0
      vertex 12.0844 10.3665 0
    endloop
  endfacet
  facet normal -0 0 -1
    outer loop
      vertex 12.0844 10.3665 0
      vertex -14.6667 5.93379 0
      vertex 11.7231 10.7914 0
    endloop
  endfacet
  facet normal -0 0 -1
    outer loop
      vertex 11.7231 10.7914 0
      vertex -14.6667 5.93379 0
      vertex 11.3476 11.203 0
    endloop
  endfacet
  facet normal -0 0 -1
    outer loop
      vertex 11.3476 11.203 0
      vertex -14.6667 5.93379 0
      vertex 10.9582 11.6011 0
    endloop
  endfacet
  facet normal -0 0 -1
    outer loop
      vertex 10.9582 11.6011 0
      vertex -14.6667 5.93379 0
      vertex 10.5555 11.985 0
    endloop
  endfacet
  facet normal -0 0 -1
    outer loop
      vertex 10.5555 11.985 0
      vertex -14.6667 5.93379 0
      vertex 10.14 12.3543 0
    endloop
  endfacet
  facet normal -0 0 -1
    outer loop
      vertex 10.14 12.3543 0
      vertex -14.6667 5.93379 0
      vertex 9.71206 12.7086 0
    endloop
  endfacet
  facet normal -0 0 -1
    outer loop
      vertex 9.71206 12.7086 0
      vertex -14.6667 5.93379 0
      vertex 9.27231 13.0474 0
    endloop
  endfacet
  facet normal -0 0 -1
    outer loop
      vertex 9.27231 13.0474 0
      vertex -14.6667 5.93379 0
      vertex 8.82127 13.3702 0
    endloop
  endfacet
  facet normal -0 0 -1
    outer loop
      vertex 8.82127 13.3702 0
      vertex -14.6667 5.93379 0
      vertex 8.35948 13.6768 0
    endloop
  endfacet
  facet normal -0 0 -1
    outer loop
      vertex 8.35948 13.6768 0
      vertex -14.6667 5.93379 0
      vertex 7.8875 13.9668 0
    endloop
  endfacet
  facet normal -0 0 -1
    outer loop
      vertex 7.8875 13.9668 0
      vertex -14.6667 5.93379 0
      vertex 7.40591 14.2397 0
    endloop
  endfacet
  facet normal -0 0 -1
    outer loop
      vertex 7.40591 14.2397 0
      vertex -14.6667 5.93379 0
      vertex 6.9153 14.4952 0
    endloop
  endfacet
  facet normal -0 0 -1
    outer loop
      vertex 6.9153 14.4952 0
      vertex -14.6667 5.93379 0
      vertex 6.41627 14.7331 0
    endloop
  endfacet
  facet normal -0 0 -1
    outer loop
      vertex 6.41627 14.7331 0
      vertex -14.6667 5.93379 0
      vertex 5.90942 14.9531 0
    endloop
  endfacet
  facet normal -0 0 -1
    outer loop
      vertex 5.90942 14.9531 0
      vertex -14.6667 5.93379 0
      vertex 5.39537 15.1548 0
    endloop
  endfacet
  facet normal -0 0 -1
    outer loop
      vertex 5.39537 15.1548 0
      vertex -14.6667 5.93379 0
      vertex 4.87474 15.3381 0
    endloop
  endfacet
  facet normal -0 0 -1
    outer loop
      vertex 4.87474 15.3381 0
      vertex -14.6667 5.93379 0
      vertex 4.34818 15.5027 0
    endloop
  endfacet
  facet normal -0 0 -1
    outer loop
      vertex 4.34818 15.5027 0
      vertex -14.6667 5.93379 0
      vertex 3.81632 15.6484 0
    endloop
  endfacet
  facet normal -0 0 -1
    outer loop
      vertex 3.81632 15.6484 0
      vertex -14.6667 5.93379 0
      vertex 3.27981 15.775 0
    endloop
  endfacet
  facet normal -0 0 -1
    outer loop
      vertex 3.27981 15.775 0
      vertex -14.6667 5.93379 0
      vertex 2.7393 15.8824 0
    endloop
  endfacet
  facet normal -0 0 -1
    outer loop
      vertex 2.7393 15.8824 0
      vertex -14.6667 5.93379 0
      vertex 2.19546 15.9705 0
    endloop
  endfacet
  facet normal -0 0 -1
    outer loop
      vertex 2.19546 15.9705 0
      vertex -14.6667 5.93379 0
      vertex 1.64894 16.0391 0
    endloop
  endfacet
  facet normal -0 0 -1
    outer loop
      vertex 1.64894 16.0391 0
      vertex -14.6667 5.93379 0
      vertex 1.10041 16.0881 0
    endloop
  endfacet
  facet normal 0 0 -1
    outer loop
      vertex -14.6667 5.93379 0
      vertex 0.0438995 -25.0006 0
      vertex 0 -25.0003 0
    endloop
  endfacet
  facet normal -0 0 -1
    outer loop
      vertex 1.10041 16.0881 0
      vertex -14.6667 5.93379 0
      vertex 0.550539 16.1176 0
    endloop
  endfacet
  facet normal 0 0 -1
    outer loop
      vertex -14.6667 5.93379 0
      vertex 0 -25.0003 0
      vertex -0.0438995 -25.0006 0
    endloop
  endfacet
  facet normal -0 0 -1
    outer loop
      vertex 0.550539 16.1176 0
      vertex -14.6667 5.93379 0
      vertex 0 16.1274 0
    endloop
  endfacet
  facet normal 0 0 -1
    outer loop
      vertex 0 16.1274 0
      vertex -14.6667 5.93379 0
      vertex -0.550539 16.1176 0
    endloop
  endfacet
  facet normal 0 0 -1
    outer loop
      vertex -0.550539 16.1176 0
      vertex -14.6667 5.93379 0
      vertex -1.10041 16.0881 0
    endloop
  endfacet
  facet normal 0 0 -1
    outer loop
      vertex -1.10041 16.0881 0
      vertex -14.6667 5.93379 0
      vertex -1.64894 16.0391 0
    endloop
  endfacet
  facet normal 0 0 -1
    outer loop
      vertex -1.64894 16.0391 0
      vertex -14.6667 5.93379 0
      vertex -2.19546 15.9705 0
    endloop
  endfacet
  facet normal 0 0 -1
    outer loop
      vertex -2.19546 15.9705 0
      vertex -14.6667 5.93379 0
      vertex -2.7393 15.8824 0
    endloop
  endfacet
  facet normal 0 0 -1
    outer loop
      vertex -2.7393 15.8824 0
      vertex -14.6667 5.93379 0
      vertex -3.27981 15.775 0
    endloop
  endfacet
  facet normal 0 0 -1
    outer loop
      vertex -3.27981 15.775 0
      vertex -14.6667 5.93379 0
      vertex -3.81632 15.6484 0
    endloop
  endfacet
  facet normal 0 0 -1
    outer loop
      vertex -3.81632 15.6484 0
      vertex -14.6667 5.93379 0
      vertex -4.34818 15.5027 0
    endloop
  endfacet
  facet normal 0 0 -1
    outer loop
      vertex -4.34818 15.5027 0
      vertex -14.6667 5.93379 0
      vertex -4.87474 15.3381 0
    endloop
  endfacet
  facet normal 0 0 -1
    outer loop
      vertex -4.87474 15.3381 0
      vertex -14.6667 5.93379 0
      vertex -5.39537 15.1548 0
    endloop
  endfacet
  facet normal 0 0 -1
    outer loop
      vertex -5.39537 15.1548 0
      vertex -14.6667 5.93379 0
      vertex -5.90942 14.9531 0
    endloop
  endfacet
  facet normal 0 0 -1
    outer loop
      vertex -5.90942 14.9531 0
      vertex -14.6667 5.93379 0
      vertex -6.41627 14.7331 0
    endloop
  endfacet
  facet normal 0 0 -1
    outer loop
      vertex -6.41627 14.7331 0
      vertex -14.6667 5.93379 0
      vertex -6.9153 14.4952 0
    endloop
  endfacet
  facet normal 0 0 -1
    outer loop
      vertex -6.9153 14.4952 0
      vertex -14.6667 5.93379 0
      vertex -7.40591 14.2397 0
    endloop
  endfacet
  facet normal 0 0 -1
    outer loop
      vertex -7.40591 14.2397 0
      vertex -14.6667 5.93379 0
      vertex -7.8875 13.9668 0
    endloop
  endfacet
  facet normal 0 0 -1
    outer loop
      vertex -7.8875 13.9668 0
      vertex -14.6667 5.93379 0
      vertex -8.35948 13.6768 0
    endloop
  endfacet
  facet normal 0 0 -1
    outer loop
      vertex -8.35948 13.6768 0
      vertex -14.6667 5.93379 0
      vertex -8.82127 13.3702 0
    endloop
  endfacet
  facet normal 0 0 -1
    outer loop
      vertex -8.82127 13.3702 0
      vertex -14.6667 5.93379 0
      vertex -9.27231 13.0474 0
    endloop
  endfacet
  facet normal 0 0 -1
    outer loop
      vertex -9.27231 13.0474 0
      vertex -14.6667 5.93379 0
      vertex -9.71206 12.7086 0
    endloop
  endfacet
  facet normal 0 0 -1
    outer loop
      vertex -9.71206 12.7086 0
      vertex -14.6667 5.93379 0
      vertex -10.14 12.3543 0
    endloop
  endfacet
  facet normal 0 0 -1
    outer loop
      vertex -10.14 12.3543 0
      vertex -14.6667 5.93379 0
      vertex -10.5555 11.985 0
    endloop
  endfacet
  facet normal 0 0 -1
    outer loop
      vertex -10.5555 11.985 0
      vertex -14.6667 5.93379 0
      vertex -10.9582 11.6011 0
    endloop
  endfacet
  facet normal 0 0 -1
    outer loop
      vertex -10.9582 11.6011 0
      vertex -14.6667 5.93379 0
      vertex -11.3476 11.203 0
    endloop
  endfacet
  facet normal 0 0 -1
    outer loop
      vertex -11.3476 11.203 0
      vertex -14.6667 5.93379 0
      vertex -11.7231 10.7914 0
    endloop
  endfacet
  facet normal 0 0 -1
    outer loop
      vertex -11.7231 10.7914 0
      vertex -14.6667 5.93379 0
      vertex -12.0844 10.3665 0
    endloop
  endfacet
  facet normal 0 0 -1
    outer loop
      vertex -12.0844 10.3665 0
      vertex -14.6667 5.93379 0
      vertex -12.4309 9.92903 0
    endloop
  endfacet
  facet normal 0 0 -1
    outer loop
      vertex -12.4309 9.92903 0
      vertex -14.6667 5.93379 0
      vertex -12.7622 9.47946 0
    endloop
  endfacet
  facet normal 0 0 -1
    outer loop
      vertex -12.7622 9.47946 0
      vertex -14.6667 5.93379 0
      vertex -13.0781 9.01834 0
    endloop
  endfacet
  facet normal 0 0 -1
    outer loop
      vertex -13.0781 9.01834 0
      vertex -14.6667 5.93379 0
      vertex -13.378 8.54623 0
    endloop
  endfacet
  facet normal 0 0 -1
    outer loop
      vertex -13.378 8.54623 0
      vertex -14.6667 5.93379 0
      vertex -13.6616 8.06371 0
    endloop
  endfacet
  facet normal 0 0 -1
    outer loop
      vertex -13.6616 8.06371 0
      vertex -14.6667 5.93379 0
      vertex -13.9285 7.57137 0
    endloop
  endfacet
  facet normal 0 0 -1
    outer loop
      vertex -13.9285 7.57137 0
      vertex -14.6667 5.93379 0
      vertex -14.1785 7.0698 0
    endloop
  endfacet
  facet normal 0 0 -1
    outer loop
      vertex -14.1785 7.0698 0
      vertex -14.6667 5.93379 0
      vertex -14.4112 6.55961 0
    endloop
  endfacet
  facet normal 0 0 -1
    outer loop
      vertex -14.4112 6.55961 0
      vertex -14.6667 5.93379 0
      vertex -14.6263 6.04144 0
    endloop
  endfacet
  facet normal 0 0 -1
    outer loop
      vertex -0.0438995 -25.0006 0
      vertex -14.6743 5.92502 0
      vertex -14.6667 5.93379 0
    endloop
  endfacet
  facet normal 0 0 -1
    outer loop
      vertex -0.0438995 -25.0006 0
      vertex -19.3841 0.295563 0
      vertex -14.6743 5.92502 0
    endloop
  endfacet
  facet normal 0 0 -1
    outer loop
      vertex -19.557 0.0676575 0
      vertex -19.3841 0.295563 0
      vertex -0.0438995 -25.0006 0
    endloop
  endfacet
  facet normal 0 0 -1
    outer loop
      vertex -19.3841 0.295563 0
      vertex -19.557 0.0676575 0
      vertex -19.4733 0.18367 0
    endloop
  endfacet
  facet normal 0 0 -1
    outer loop
      vertex -0.0438995 -25.0006 0
      vertex -22.6437 -4.43173 0
      vertex -19.557 0.0676575 0
    endloop
  endfacet
  facet normal 0 0 -1
    outer loop
      vertex -22.7461 -4.59148 0
      vertex -22.6437 -4.43173 0
      vertex -0.0438995 -25.0006 0
    endloop
  endfacet
  facet normal 0 0 -1
    outer loop
      vertex -22.6437 -4.43173 0
      vertex -22.7461 -4.59148 0
      vertex -22.6962 -4.5108 0
    endloop
  endfacet
  facet normal 0 0 -1
    outer loop
      vertex -0.0438995 -25.0006 0
      vertex -25.2997 -8.87048 0
      vertex -22.7461 -4.59148 0
    endloop
  endfacet
  facet normal 0 0 -1
    outer loop
      vertex -25.4122 -9.07703 0
      vertex -25.2997 -8.87048 0
      vertex -0.0438995 -25.0006 0
    endloop
  endfacet
  facet normal 0 0 -1
    outer loop
      vertex -25.2997 -8.87048 0
      vertex -25.4122 -9.07703 0
      vertex -25.358 -8.97266 0
    endloop
  endfacet
  facet normal 0 0 -1
    outer loop
      vertex -27.3288 -12.949 0
      vertex -0.0438995 -25.0006 0
      vertex -26.0324 -25.381 0
    endloop
  endfacet
  facet normal 0 0 -1
    outer loop
      vertex -28.8702 -23.5353 0
      vertex -26.0324 -25.381 0
      vertex -26.1425 -25.3806 0
    endloop
  endfacet
  facet normal 0 0 -1
    outer loop
      vertex -28.8702 -23.5353 0
      vertex -26.1425 -25.3806 0
      vertex -26.2526 -25.3762 0
    endloop
  endfacet
  facet normal 0 0 -1
    outer loop
      vertex -28.8702 -23.5353 0
      vertex -26.2526 -25.3762 0
      vertex -26.3624 -25.3677 0
    endloop
  endfacet
  facet normal 0 0 -1
    outer loop
      vertex -28.8702 -23.5353 0
      vertex -26.3624 -25.3677 0
      vertex -26.4718 -25.3552 0
    endloop
  endfacet
  facet normal 0 0 -1
    outer loop
      vertex -28.8702 -23.5353 0
      vertex -26.4718 -25.3552 0
      vertex -26.5806 -25.3387 0
    endloop
  endfacet
  facet normal 0 0 -1
    outer loop
      vertex -28.8702 -23.5353 0
      vertex -26.5806 -25.3387 0
      vertex -26.6888 -25.3182 0
    endloop
  endfacet
  facet normal 0 0 -1
    outer loop
      vertex -28.8702 -23.5353 0
      vertex -26.6888 -25.3182 0
      vertex -26.7962 -25.2937 0
    endloop
  endfacet
  facet normal 0 0 -1
    outer loop
      vertex -28.8702 -23.5353 0
      vertex -26.7962 -25.2937 0
      vertex -26.9026 -25.2653 0
    endloop
  endfacet
  facet normal 0 0 -1
    outer loop
      vertex -28.8702 -23.5353 0
      vertex -26.9026 -25.2653 0
      vertex -27.0079 -25.233 0
    endloop
  endfacet
  facet normal 0 0 -1
    outer loop
      vertex -28.8702 -23.5353 0
      vertex -27.0079 -25.233 0
      vertex -27.112 -25.1969 0
    endloop
  endfacet
  facet normal 0 0 -1
    outer loop
      vertex -28.8702 -23.5353 0
      vertex -27.112 -25.1969 0
      vertex -27.2146 -25.157 0
    endloop
  endfacet
  facet normal 0 0 -1
    outer loop
      vertex -28.8702 -23.5353 0
      vertex -27.2146 -25.157 0
      vertex -27.3157 -25.1134 0
    endloop
  endfacet
  facet normal 0 0 -1
    outer loop
      vertex -0.0438995 -25.0006 0
      vertex -27.3288 -12.949 0
      vertex -25.4122 -9.07703 0
    endloop
  endfacet
  facet normal 0 0 -1
    outer loop
      vertex -26.0324 -25.381 0
      vertex -27.4525 -13.2356 0
      vertex -27.3288 -12.949 0
    endloop
  endfacet
  facet normal 0 0 -1
    outer loop
      vertex -28.8702 -23.5353 0
      vertex -27.3157 -25.1134 0
      vertex -27.4151 -25.0661 0
    endloop
  endfacet
  facet normal 0 0 -1
    outer loop
      vertex -27.3288 -12.949 0
      vertex -27.4525 -13.2356 0
      vertex -27.3943 -13.0907 0
    endloop
  endfacet
  facet normal 0 0 -1
    outer loop
      vertex -28.8702 -23.5353 0
      vertex -27.4151 -25.0661 0
      vertex -27.5128 -25.0151 0
    endloop
  endfacet
  facet normal 0 0 -1
    outer loop
      vertex -28.8702 -23.5353 0
      vertex -27.5128 -25.0151 0
      vertex -27.6085 -24.9606 0
    endloop
  endfacet
  facet normal 0 0 -1
    outer loop
      vertex -28.8702 -23.5353 0
      vertex -27.6085 -24.9606 0
      vertex -27.7021 -24.9026 0
    endloop
  endfacet
  facet normal 0 0 -1
    outer loop
      vertex -28.8702 -23.5353 0
      vertex -27.7021 -24.9026 0
      vertex -27.7935 -24.8413 0
    endloop
  endfacet
  facet normal 0 0 -1
    outer loop
      vertex -28.8702 -23.5353 0
      vertex -27.7935 -24.8413 0
      vertex -27.8827 -24.7766 0
    endloop
  endfacet
  facet normal 0 0 -1
    outer loop
      vertex -28.8702 -23.5353 0
      vertex -27.8827 -24.7766 0
      vertex -27.919 -24.7492 0
    endloop
  endfacet
  facet normal 0 0 -1
    outer loop
      vertex -28.8702 -23.5353 0
      vertex -27.919 -24.7492 0
      vertex -28.0067 -24.6805 0
    endloop
  endfacet
  facet normal 0 0 -1
    outer loop
      vertex -28.8702 -23.5353 0
      vertex -28.0067 -24.6805 0
      vertex -28.0918 -24.6086 0
    endloop
  endfacet
  facet normal 0 0 -1
    outer loop
      vertex -28.8702 -23.5353 0
      vertex -28.0918 -24.6086 0
      vertex -28.1741 -24.5335 0
    endloop
  endfacet
  facet normal 0 0 -1
    outer loop
      vertex -28.8702 -23.5353 0
      vertex -28.1741 -24.5335 0
      vertex -28.2536 -24.4555 0
    endloop
  endfacet
  facet normal 0 0 -1
    outer loop
      vertex -28.8702 -23.5353 0
      vertex -28.2536 -24.4555 0
      vertex -28.3301 -24.3745 0
    endloop
  endfacet
  facet normal 0 0 -1
    outer loop
      vertex -28.8702 -23.5353 0
      vertex -28.3301 -24.3745 0
      vertex -28.4036 -24.2908 0
    endloop
  endfacet
  facet normal 0 0 -1
    outer loop
      vertex -28.8702 -23.5353 0
      vertex -28.4036 -24.2908 0
      vertex -28.474 -24.2044 0
    endloop
  endfacet
  facet normal 0 0 -1
    outer loop
      vertex -28.8702 -23.5353 0
      vertex -28.474 -24.2044 0
      vertex -28.541 -24.1155 0
    endloop
  endfacet
  facet normal 0 0 -1
    outer loop
      vertex -28.8702 -23.5353 0
      vertex -28.541 -24.1155 0
      vertex -28.6048 -24.0241 0
    endloop
  endfacet
  facet normal 0 0 -1
    outer loop
      vertex -28.8702 -23.5353 0
      vertex -28.6048 -24.0241 0
      vertex -28.665 -23.9304 0
    endloop
  endfacet
  facet normal 0 0 -1
    outer loop
      vertex -26.0324 -25.381 0
      vertex -28.6833 -16.5505 0
      vertex -27.4525 -13.2356 0
    endloop
  endfacet
  facet normal 0 0 -1
    outer loop
      vertex -26.0324 -25.381 0
      vertex -28.8075 -16.9812 0
      vertex -28.6833 -16.5505 0
    endloop
  endfacet
  facet normal 0 0 -1
    outer loop
      vertex -28.8702 -23.5353 0
      vertex -28.665 -23.9304 0
      vertex -28.7218 -23.8346 0
    endloop
  endfacet
  facet normal 0 0 -1
    outer loop
      vertex -28.6833 -16.5505 0
      vertex -28.8075 -16.9812 0
      vertex -28.7204 -16.6564 0
    endloop
  endfacet
  facet normal 0 0 -1
    outer loop
      vertex -28.8702 -23.5353 0
      vertex -28.7218 -23.8346 0
      vertex -28.775 -23.7367 0
    endloop
  endfacet
  facet normal 0 0 -1
    outer loop
      vertex -28.7204 -16.6564 0
      vertex -28.8075 -16.9812 0
      vertex -28.7535 -16.7635 0
    endloop
  endfacet
  facet normal 0 0 -1
    outer loop
      vertex -28.7535 -16.7635 0
      vertex -28.8075 -16.9812 0
      vertex -28.7825 -16.8719 0
    endloop
  endfacet
  facet normal 0 0 -1
    outer loop
      vertex -28.8702 -23.5353 0
      vertex -28.775 -23.7367 0
      vertex -28.8245 -23.6369 0
    endloop
  endfacet
  facet normal 0 0 -1
    outer loop
      vertex -26.0324 -25.381 0
      vertex -28.8702 -23.5353 0
      vertex -29.1222 -22.9473 0
    endloop
  endfacet
  facet normal 0 0 -1
    outer loop
      vertex -26.0324 -25.381 0
      vertex -29.1222 -22.9473 0
      vertex -29.3634 -21.848 0
    endloop
  endfacet
  facet normal 0 0 -1
    outer loop
      vertex -29.3634 -21.848 0
      vertex -29.1222 -22.9473 0
      vertex -29.1648 -22.8424 0
    endloop
  endfacet
  facet normal 0 0 -1
    outer loop
      vertex -29.3634 -21.848 0
      vertex -29.1648 -22.8424 0
      vertex -29.2034 -22.736 0
    endloop
  endfacet
  facet normal 0 0 -1
    outer loop
      vertex -29.3634 -21.848 0
      vertex -29.2034 -22.736 0
      vertex -29.238 -22.6282 0
    endloop
  endfacet
  facet normal 0 0 -1
    outer loop
      vertex -29.3634 -21.848 0
      vertex -29.238 -22.6282 0
      vertex -29.2684 -22.5192 0
    endloop
  endfacet
  facet normal 0 0 -1
    outer loop
      vertex -29.3634 -21.848 0
      vertex -29.2684 -22.5192 0
      vertex -29.2948 -22.4091 0
    endloop
  endfacet
  facet normal 0 0 -1
    outer loop
      vertex -29.3634 -21.848 0
      vertex -29.2948 -22.4091 0
      vertex -29.317 -22.2981 0
    endloop
  endfacet
  facet normal 0 0 -1
    outer loop
      vertex -29.3634 -21.848 0
      vertex -29.317 -22.2981 0
      vertex -29.335 -22.1863 0
    endloop
  endfacet
  facet normal 0 0 -1
    outer loop
      vertex -26.0324 -25.381 0
      vertex -29.3634 -21.848 0
      vertex -29.4072 -20.249 0
    endloop
  endfacet
  facet normal 0 0 -1
    outer loop
      vertex -29.3634 -21.848 0
      vertex -29.335 -22.1863 0
      vertex -29.3487 -22.0739 0
    endloop
  endfacet
  facet normal 0 0 -1
    outer loop
      vertex -29.3634 -21.848 0
      vertex -29.3487 -22.0739 0
      vertex -29.3582 -21.9611 0
    endloop
  endfacet
  facet normal 0 0 -1
    outer loop
      vertex -26.0324 -25.381 0
      vertex -29.3449 -19.5533 0
      vertex -28.8075 -16.9812 0
    endloop
  endfacet
  facet normal 0 0 -1
    outer loop
      vertex -26.0324 -25.381 0
      vertex -29.4072 -20.249 0
      vertex -29.3449 -19.5533 0
    endloop
  endfacet
  facet normal 0 0 -1
    outer loop
      vertex -29.3449 -19.5533 0
      vertex -29.4072 -20.249 0
      vertex -29.3666 -19.668 0
    endloop
  endfacet
  facet normal 0 0 -1
    outer loop
      vertex -29.3666 -19.668 0
      vertex -29.4072 -20.249 0
      vertex -29.3837 -19.7834 0
    endloop
  endfacet
  facet normal 0 0 -1
    outer loop
      vertex -29.3837 -19.7834 0
      vertex -29.4072 -20.249 0
      vertex -29.3964 -19.8993 0
    endloop
  endfacet
  facet normal 0 0 -1
    outer loop
      vertex -29.3964 -19.8993 0
      vertex -29.4072 -20.249 0
      vertex -29.4045 -20.0157 0
    endloop
  endfacet
  facet normal 0 0 -1
    outer loop
      vertex -29.4045 -20.0157 0
      vertex -29.4072 -20.249 0
      vertex -29.4081 -20.1323 0
    endloop
  endfacet
  facet normal 0.0399318 -0.999202 0
    outer loop
      vertex 26.1425 -25.3806 0
      vertex 26.2526 -25.3762 11
      vertex 26.1425 -25.3806 11
    endloop
  endfacet
  facet normal 0.0399318 -0.999202 0
    outer loop
      vertex 26.2526 -25.3762 11
      vertex 26.1425 -25.3806 0
      vertex 26.2526 -25.3762 0
    endloop
  endfacet
  facet normal 0.0771826 -0.997017 0
    outer loop
      vertex 26.2526 -25.3762 0
      vertex 26.3624 -25.3677 11
      vertex 26.2526 -25.3762 11
    endloop
  endfacet
  facet normal 0.0771826 -0.997017 0
    outer loop
      vertex 26.3624 -25.3677 11
      vertex 26.2526 -25.3762 0
      vertex 26.3624 -25.3677 0
    endloop
  endfacet
  facet normal 0.113521 -0.993536 0
    outer loop
      vertex 26.3624 -25.3677 0
      vertex 26.4718 -25.3552 11
      vertex 26.3624 -25.3677 11
    endloop
  endfacet
  facet normal 0.113521 -0.993536 0
    outer loop
      vertex 26.4718 -25.3552 11
      vertex 26.3624 -25.3677 0
      vertex 26.4718 -25.3552 0
    endloop
  endfacet
  facet normal 0.14994 -0.988695 0
    outer loop
      vertex 26.4718 -25.3552 0
      vertex 26.5806 -25.3387 11
      vertex 26.4718 -25.3552 11
    endloop
  endfacet
  facet normal 0.14994 -0.988695 0
    outer loop
      vertex 26.5806 -25.3387 11
      vertex 26.4718 -25.3552 0
      vertex 26.5806 -25.3387 0
    endloop
  endfacet
  facet normal 0.186152 -0.982521 0
    outer loop
      vertex 26.5806 -25.3387 0
      vertex 26.6888 -25.3182 11
      vertex 26.5806 -25.3387 11
    endloop
  endfacet
  facet normal 0.186152 -0.982521 0
    outer loop
      vertex 26.6888 -25.3182 11
      vertex 26.5806 -25.3387 0
      vertex 26.6888 -25.3182 0
    endloop
  endfacet
  facet normal 0.222406 -0.974954 0
    outer loop
      vertex 26.6888 -25.3182 0
      vertex 26.7962 -25.2937 11
      vertex 26.6888 -25.3182 11
    endloop
  endfacet
  facet normal 0.222406 -0.974954 0
    outer loop
      vertex 26.7962 -25.2937 11
      vertex 26.6888 -25.3182 0
      vertex 26.7962 -25.2937 0
    endloop
  endfacet
  facet normal 0.257889 -0.966175 0
    outer loop
      vertex 26.7962 -25.2937 0
      vertex 26.9026 -25.2653 11
      vertex 26.7962 -25.2937 11
    endloop
  endfacet
  facet normal 0.257889 -0.966175 0
    outer loop
      vertex 26.9026 -25.2653 11
      vertex 26.7962 -25.2937 0
      vertex 26.9026 -25.2653 0
    endloop
  endfacet
  facet normal 0.293256 -0.956034 0
    outer loop
      vertex 26.9026 -25.2653 0
      vertex 27.0079 -25.233 11
      vertex 26.9026 -25.2653 11
    endloop
  endfacet
  facet normal 0.293256 -0.956034 0
    outer loop
      vertex 27.0079 -25.233 11
      vertex 26.9026 -25.2653 0
      vertex 27.0079 -25.233 0
    endloop
  endfacet
  facet normal 0.32764 -0.944802 0
    outer loop
      vertex 27.0079 -25.233 0
      vertex 27.112 -25.1969 11
      vertex 27.0079 -25.233 11
    endloop
  endfacet
  facet normal 0.32764 -0.944802 0
    outer loop
      vertex 27.112 -25.1969 11
      vertex 27.0079 -25.233 0
      vertex 27.112 -25.1969 0
    endloop
  endfacet
  facet normal 0.362446 -0.932005 0
    outer loop
      vertex 27.112 -25.1969 0
      vertex 27.2146 -25.157 11
      vertex 27.112 -25.1969 11
    endloop
  endfacet
  facet normal 0.362446 -0.932005 0
    outer loop
      vertex 27.2146 -25.157 11
      vertex 27.112 -25.1969 0
      vertex 27.2146 -25.157 0
    endloop
  endfacet
  facet normal 0.396001 -0.91825 0
    outer loop
      vertex 27.2146 -25.157 0
      vertex 27.3157 -25.1134 11
      vertex 27.2146 -25.157 11
    endloop
  endfacet
  facet normal 0.396001 -0.91825 0
    outer loop
      vertex 27.3157 -25.1134 11
      vertex 27.2146 -25.157 0
      vertex 27.3157 -25.1134 0
    endloop
  endfacet
  facet normal 0.429687 -0.902978 0
    outer loop
      vertex 27.3157 -25.1134 0
      vertex 27.4151 -25.0661 11
      vertex 27.3157 -25.1134 11
    endloop
  endfacet
  facet normal 0.429687 -0.902978 0
    outer loop
      vertex 27.4151 -25.0661 11
      vertex 27.3157 -25.1134 0
      vertex 27.4151 -25.0661 0
    endloop
  endfacet
  facet normal 0.462752 -0.886488 0
    outer loop
      vertex 27.4151 -25.0661 0
      vertex 27.5128 -25.0151 11
      vertex 27.4151 -25.0661 11
    endloop
  endfacet
  facet normal 0.462752 -0.886488 0
    outer loop
      vertex 27.5128 -25.0151 11
      vertex 27.4151 -25.0661 0
      vertex 27.5128 -25.0151 0
    endloop
  endfacet
  facet normal 0.494867 -0.868969 0
    outer loop
      vertex 27.5128 -25.0151 0
      vertex 27.6085 -24.9606 11
      vertex 27.5128 -25.0151 11
    endloop
  endfacet
  facet normal 0.494867 -0.868969 0
    outer loop
      vertex 27.6085 -24.9606 11
      vertex 27.5128 -25.0151 0
      vertex 27.6085 -24.9606 0
    endloop
  endfacet
  facet normal 0.52673 -0.850033 0
    outer loop
      vertex 27.6085 -24.9606 0
      vertex 27.7021 -24.9026 11
      vertex 27.6085 -24.9606 11
    endloop
  endfacet
  facet normal 0.52673 -0.850033 0
    outer loop
      vertex 27.7021 -24.9026 11
      vertex 27.6085 -24.9606 0
      vertex 27.7021 -24.9026 0
    endloop
  endfacet
  facet normal 0.557005 -0.830509 0
    outer loop
      vertex 27.7021 -24.9026 0
      vertex 27.7935 -24.8413 11
      vertex 27.7021 -24.9026 11
    endloop
  endfacet
  facet normal 0.557005 -0.830509 0
    outer loop
      vertex 27.7935 -24.8413 11
      vertex 27.7021 -24.9026 0
      vertex 27.7935 -24.8413 0
    endloop
  endfacet
  facet normal 0.587146 -0.809481 0
    outer loop
      vertex 27.7935 -24.8413 0
      vertex 27.8827 -24.7766 11
      vertex 27.7935 -24.8413 11
    endloop
  endfacet
  facet normal 0.587146 -0.809481 0
    outer loop
      vertex 27.8827 -24.7766 11
      vertex 27.7935 -24.8413 0
      vertex 27.8827 -24.7766 0
    endloop
  endfacet
  facet normal 0.60246 -0.798149 0
    outer loop
      vertex 27.8827 -24.7766 0
      vertex 27.919 -24.7492 11
      vertex 27.8827 -24.7766 11
    endloop
  endfacet
  facet normal 0.60246 -0.798149 0
    outer loop
      vertex 27.919 -24.7492 11
      vertex 27.8827 -24.7766 0
      vertex 27.919 -24.7492 0
    endloop
  endfacet
  facet normal 0.616671 -0.787221 0
    outer loop
      vertex 27.919 -24.7492 0
      vertex 28.0067 -24.6805 11
      vertex 27.919 -24.7492 11
    endloop
  endfacet
  facet normal 0.616671 -0.787221 0
    outer loop
      vertex 28.0067 -24.6805 11
      vertex 27.919 -24.7492 0
      vertex 28.0067 -24.6805 0
    endloop
  endfacet
  facet normal 0.645379 -0.763863 0
    outer loop
      vertex 28.0067 -24.6805 0
      vertex 28.0918 -24.6086 11
      vertex 28.0067 -24.6805 11
    endloop
  endfacet
  facet normal 0.645379 -0.763863 0
    outer loop
      vertex 28.0918 -24.6086 11
      vertex 28.0067 -24.6805 0
      vertex 28.0918 -24.6086 0
    endloop
  endfacet
  facet normal 0.674057 -0.73868 0
    outer loop
      vertex 28.0918 -24.6086 0
      vertex 28.1741 -24.5335 11
      vertex 28.0918 -24.6086 11
    endloop
  endfacet
  facet normal 0.674057 -0.73868 0
    outer loop
      vertex 28.1741 -24.5335 11
      vertex 28.0918 -24.6086 0
      vertex 28.1741 -24.5335 0
    endloop
  endfacet
  facet normal 0.700341 -0.713809 0
    outer loop
      vertex 28.1741 -24.5335 0
      vertex 28.2536 -24.4555 11
      vertex 28.1741 -24.5335 11
    endloop
  endfacet
  facet normal 0.700341 -0.713809 0
    outer loop
      vertex 28.2536 -24.4555 11
      vertex 28.1741 -24.5335 0
      vertex 28.2536 -24.4555 0
    endloop
  endfacet
  facet normal 0.727013 -0.686624 0
    outer loop
      vertex 28.2536 -24.4555 11
      vertex 28.3301 -24.3745 0
      vertex 28.3301 -24.3745 11
    endloop
  endfacet
  facet normal 0.727013 -0.686624 0
    outer loop
      vertex 28.3301 -24.3745 0
      vertex 28.2536 -24.4555 11
      vertex 28.2536 -24.4555 0
    endloop
  endfacet
  facet normal 0.751408 -0.659838 0
    outer loop
      vertex 28.3301 -24.3745 11
      vertex 28.4036 -24.2908 0
      vertex 28.4036 -24.2908 11
    endloop
  endfacet
  facet normal 0.751408 -0.659838 0
    outer loop
      vertex 28.4036 -24.2908 0
      vertex 28.3301 -24.3745 11
      vertex 28.3301 -24.3745 0
    endloop
  endfacet
  facet normal 0.775235 -0.631673 0
    outer loop
      vertex 28.4036 -24.2908 11
      vertex 28.474 -24.2044 0
      vertex 28.474 -24.2044 11
    endloop
  endfacet
  facet normal 0.775235 -0.631673 0
    outer loop
      vertex 28.474 -24.2044 0
      vertex 28.4036 -24.2908 11
      vertex 28.4036 -24.2908 0
    endloop
  endfacet
  facet normal 0.798596 -0.601867 0
    outer loop
      vertex 28.474 -24.2044 11
      vertex 28.541 -24.1155 0
      vertex 28.541 -24.1155 11
    endloop
  endfacet
  facet normal 0.798596 -0.601867 0
    outer loop
      vertex 28.541 -24.1155 0
      vertex 28.474 -24.2044 11
      vertex 28.474 -24.2044 0
    endloop
  endfacet
  facet normal 0.81999 -0.572378 0
    outer loop
      vertex 28.541 -24.1155 11
      vertex 28.6048 -24.0241 0
      vertex 28.6048 -24.0241 11
    endloop
  endfacet
  facet normal 0.81999 -0.572378 0
    outer loop
      vertex 28.6048 -24.0241 0
      vertex 28.541 -24.1155 11
      vertex 28.541 -24.1155 0
    endloop
  endfacet
  facet normal 0.841324 -0.540531 0
    outer loop
      vertex 28.6048 -24.0241 11
      vertex 28.665 -23.9304 0
      vertex 28.665 -23.9304 11
    endloop
  endfacet
  facet normal 0.841324 -0.540531 0
    outer loop
      vertex 28.665 -23.9304 0
      vertex 28.6048 -24.0241 11
      vertex 28.6048 -24.0241 0
    endloop
  endfacet
  facet normal 0.860175 -0.509999 0
    outer loop
      vertex 28.665 -23.9304 11
      vertex 28.7218 -23.8346 0
      vertex 28.7218 -23.8346 11
    endloop
  endfacet
  facet normal 0.860175 -0.509999 0
    outer loop
      vertex 28.7218 -23.8346 0
      vertex 28.665 -23.9304 11
      vertex 28.665 -23.9304 0
    endloop
  endfacet
  facet normal 0.878649 -0.477468 0
    outer loop
      vertex 28.7218 -23.8346 11
      vertex 28.775 -23.7367 0
      vertex 28.775 -23.7367 11
    endloop
  endfacet
  facet normal 0.878649 -0.477468 0
    outer loop
      vertex 28.775 -23.7367 0
      vertex 28.7218 -23.8346 11
      vertex 28.7218 -23.8346 0
    endloop
  endfacet
  facet normal 0.895859 -0.444339 0
    outer loop
      vertex 28.775 -23.7367 11
      vertex 28.8245 -23.6369 0
      vertex 28.8245 -23.6369 11
    endloop
  endfacet
  facet normal 0.895859 -0.444339 0
    outer loop
      vertex 28.8245 -23.6369 0
      vertex 28.775 -23.7367 11
      vertex 28.775 -23.7367 0
    endloop
  endfacet
  facet normal 0.911989 -0.410215 0
    outer loop
      vertex 28.8245 -23.6369 11
      vertex 28.8702 -23.5353 0
      vertex 28.8702 -23.5353 11
    endloop
  endfacet
  facet normal 0.911989 -0.410215 0
    outer loop
      vertex 28.8702 -23.5353 0
      vertex 28.8245 -23.6369 11
      vertex 28.8245 -23.6369 0
    endloop
  endfacet
  facet normal 0.919145 -0.393919 0
    outer loop
      vertex 28.8702 -23.5353 11
      vertex 29.1222 -22.9473 0
      vertex 29.1222 -22.9473 11
    endloop
  endfacet
  facet normal 0.919145 -0.393919 0
    outer loop
      vertex 29.1222 -22.9473 0
      vertex 28.8702 -23.5353 11
      vertex 28.8702 -23.5353 0
    endloop
  endfacet
  facet normal 0.926515 -0.376259 0
    outer loop
      vertex 29.1222 -22.9473 11
      vertex 29.1648 -22.8424 0
      vertex 29.1648 -22.8424 11
    endloop
  endfacet
  facet normal 0.926515 -0.376259 0
    outer loop
      vertex 29.1648 -22.8424 0
      vertex 29.1222 -22.9473 11
      vertex 29.1222 -22.9473 0
    endloop
  endfacet
  facet normal 0.940051 -0.341034 0
    outer loop
      vertex 29.1648 -22.8424 11
      vertex 29.2034 -22.736 0
      vertex 29.2034 -22.736 11
    endloop
  endfacet
  facet normal 0.940051 -0.341034 0
    outer loop
      vertex 29.2034 -22.736 0
      vertex 29.1648 -22.8424 11
      vertex 29.1648 -22.8424 0
    endloop
  endfacet
  facet normal 0.952157 -0.305609 0
    outer loop
      vertex 29.2034 -22.736 11
      vertex 29.238 -22.6282 0
      vertex 29.238 -22.6282 11
    endloop
  endfacet
  facet normal 0.952157 -0.305609 0
    outer loop
      vertex 29.238 -22.6282 0
      vertex 29.2034 -22.736 11
      vertex 29.2034 -22.736 0
    endloop
  endfacet
  facet normal 0.963239 -0.268646 0
    outer loop
      vertex 29.238 -22.6282 11
      vertex 29.2684 -22.5192 0
      vertex 29.2684 -22.5192 11
    endloop
  endfacet
  facet normal 0.963239 -0.268646 0
    outer loop
      vertex 29.2684 -22.5192 0
      vertex 29.238 -22.6282 11
      vertex 29.238 -22.6282 0
    endloop
  endfacet
  facet normal 0.972435 -0.233173 0
    outer loop
      vertex 29.2684 -22.5192 11
      vertex 29.2948 -22.4091 0
      vertex 29.2948 -22.4091 11
    endloop
  endfacet
  facet normal 0.972435 -0.233173 0
    outer loop
      vertex 29.2948 -22.4091 0
      vertex 29.2684 -22.5192 11
      vertex 29.2684 -22.5192 0
    endloop
  endfacet
  facet normal 0.980581 -0.196116 0
    outer loop
      vertex 29.2948 -22.4091 11
      vertex 29.317 -22.2981 0
      vertex 29.317 -22.2981 11
    endloop
  endfacet
  facet normal 0.980581 -0.196116 0
    outer loop
      vertex 29.317 -22.2981 0
      vertex 29.2948 -22.4091 11
      vertex 29.2948 -22.4091 0
    endloop
  endfacet
  facet normal 0.987286 -0.158955 0
    outer loop
      vertex 29.317 -22.2981 11
      vertex 29.335 -22.1863 0
      vertex 29.335 -22.1863 11
    endloop
  endfacet
  facet normal 0.987286 -0.158955 0
    outer loop
      vertex 29.335 -22.1863 0
      vertex 29.317 -22.2981 11
      vertex 29.317 -22.2981 0
    endloop
  endfacet
  facet normal 0.992654 -0.120991 0
    outer loop
      vertex 29.335 -22.1863 11
      vertex 29.3487 -22.0739 0
      vertex 29.3487 -22.0739 11
    endloop
  endfacet
  facet normal 0.992654 -0.120991 0
    outer loop
      vertex 29.3487 -22.0739 0
      vertex 29.335 -22.1863 11
      vertex 29.335 -22.1863 0
    endloop
  endfacet
  facet normal 0.996472 -0.0839228 0
    outer loop
      vertex 29.3487 -22.0739 11
      vertex 29.3582 -21.9611 0
      vertex 29.3582 -21.9611 11
    endloop
  endfacet
  facet normal 0.996472 -0.0839228 0
    outer loop
      vertex 29.3582 -21.9611 0
      vertex 29.3487 -22.0739 11
      vertex 29.3487 -22.0739 0
    endloop
  endfacet
  facet normal 0.998945 -0.0459285 0
    outer loop
      vertex 29.3582 -21.9611 11
      vertex 29.3634 -21.848 0
      vertex 29.3634 -21.848 11
    endloop
  endfacet
  facet normal 0.998945 -0.0459285 0
    outer loop
      vertex 29.3634 -21.848 0
      vertex 29.3582 -21.9611 11
      vertex 29.3582 -21.9611 0
    endloop
  endfacet
  facet normal 0.999625 -0.0273818 0
    outer loop
      vertex 29.3634 -21.848 11
      vertex 29.4072 -20.249 0
      vertex 29.4072 -20.249 11
    endloop
  endfacet
  facet normal 0.999625 -0.0273818 0
    outer loop
      vertex 29.4072 -20.249 0
      vertex 29.3634 -21.848 11
      vertex 29.3634 -21.848 0
    endloop
  endfacet
  facet normal 0.99997 -0.00771185 0
    outer loop
      vertex 29.4072 -20.249 11
      vertex 29.4081 -20.1323 0
      vertex 29.4081 -20.1323 11
    endloop
  endfacet
  facet normal 0.99997 -0.00771185 0
    outer loop
      vertex 29.4081 -20.1323 0
      vertex 29.4072 -20.249 11
      vertex 29.4072 -20.249 0
    endloop
  endfacet
  facet normal 0.999524 0.0308601 0
    outer loop
      vertex 29.4081 -20.1323 11
      vertex 29.4045 -20.0157 0
      vertex 29.4045 -20.0157 11
    endloop
  endfacet
  facet normal 0.999524 0.0308601 0
    outer loop
      vertex 29.4045 -20.0157 0
      vertex 29.4081 -20.1323 11
      vertex 29.4081 -20.1323 0
    endloop
  endfacet
  facet normal 0.997588 0.0694198 0
    outer loop
      vertex 29.4045 -20.0157 11
      vertex 29.3964 -19.8993 0
      vertex 29.3964 -19.8993 11
    endloop
  endfacet
  facet normal 0.997588 0.0694198 0
    outer loop
      vertex 29.3964 -19.8993 0
      vertex 29.4045 -20.0157 11
      vertex 29.4045 -20.0157 0
    endloop
  endfacet
  facet normal 0.99405 0.108925 0
    outer loop
      vertex 29.3964 -19.8993 11
      vertex 29.3837 -19.7834 0
      vertex 29.3837 -19.7834 11
    endloop
  endfacet
  facet normal 0.99405 0.108925 0
    outer loop
      vertex 29.3837 -19.7834 0
      vertex 29.3964 -19.8993 11
      vertex 29.3964 -19.8993 0
    endloop
  endfacet
  facet normal 0.989199 0.14658 0
    outer loop
      vertex 29.3837 -19.7834 11
      vertex 29.3666 -19.668 0
      vertex 29.3666 -19.668 11
    endloop
  endfacet
  facet normal 0.989199 0.14658 0
    outer loop
      vertex 29.3666 -19.668 0
      vertex 29.3837 -19.7834 11
      vertex 29.3837 -19.7834 0
    endloop
  endfacet
  facet normal 0.98257 0.185892 0
    outer loop
      vertex 29.3666 -19.668 11
      vertex 29.3449 -19.5533 0
      vertex 29.3449 -19.5533 11
    endloop
  endfacet
  facet normal 0.98257 0.185892 0
    outer loop
      vertex 29.3449 -19.5533 0
      vertex 29.3666 -19.668 11
      vertex 29.3666 -19.668 0
    endloop
  endfacet
  facet normal 0.978863 0.204518 0
    outer loop
      vertex 29.3449 -19.5533 11
      vertex 28.8075 -16.9812 0
      vertex 28.8075 -16.9812 11
    endloop
  endfacet
  facet normal 0.978863 0.204518 0
    outer loop
      vertex 28.8075 -16.9812 0
      vertex 29.3449 -19.5533 11
      vertex 29.3449 -19.5533 0
    endloop
  endfacet
  facet normal 0.974825 0.22297 0
    outer loop
      vertex 28.8075 -16.9812 11
      vertex 28.7825 -16.8719 0
      vertex 28.7825 -16.8719 11
    endloop
  endfacet
  facet normal 0.974825 0.22297 0
    outer loop
      vertex 28.7825 -16.8719 0
      vertex 28.8075 -16.9812 11
      vertex 28.8075 -16.9812 0
    endloop
  endfacet
  facet normal 0.966028 0.258439 0
    outer loop
      vertex 28.7825 -16.8719 11
      vertex 28.7535 -16.7635 0
      vertex 28.7535 -16.7635 11
    endloop
  endfacet
  facet normal 0.966028 0.258439 0
    outer loop
      vertex 28.7535 -16.7635 0
      vertex 28.7825 -16.8719 11
      vertex 28.7825 -16.8719 0
    endloop
  endfacet
  facet normal 0.955412 0.295277 0
    outer loop
      vertex 28.7535 -16.7635 11
      vertex 28.7204 -16.6564 0
      vertex 28.7204 -16.6564 11
    endloop
  endfacet
  facet normal 0.955412 0.295277 0
    outer loop
      vertex 28.7204 -16.6564 0
      vertex 28.7535 -16.7635 11
      vertex 28.7535 -16.7635 0
    endloop
  endfacet
  facet normal 0.943761 0.330628 0
    outer loop
      vertex 28.7204 -16.6564 11
      vertex 28.6833 -16.5505 0
      vertex 28.6833 -16.5505 11
    endloop
  endfacet
  facet normal 0.943761 0.330628 0
    outer loop
      vertex 28.6833 -16.5505 0
      vertex 28.7204 -16.6564 11
      vertex 28.7204 -16.6564 0
    endloop
  endfacet
  facet normal 0.937467 0.348075 0
    outer loop
      vertex 28.6833 -16.5505 11
      vertex 27.4525 -13.2356 0
      vertex 27.4525 -13.2356 11
    endloop
  endfacet
  facet normal 0.937467 0.348075 0
    outer loop
      vertex 27.4525 -13.2356 0
      vertex 28.6833 -16.5505 11
      vertex 28.6833 -16.5505 0
    endloop
  endfacet
  facet normal 0.927946 0.372715 0
    outer loop
      vertex 27.4525 -13.2356 11
      vertex 27.3943 -13.0907 0
      vertex 27.3943 -13.0907 11
    endloop
  endfacet
  facet normal 0.927946 0.372715 0
    outer loop
      vertex 27.3943 -13.0907 0
      vertex 27.4525 -13.2356 11
      vertex 27.4525 -13.2356 0
    endloop
  endfacet
  facet normal 0.907715 0.419586 0
    outer loop
      vertex 27.3943 -13.0907 11
      vertex 27.3288 -12.949 0
      vertex 27.3288 -12.949 11
    endloop
  endfacet
  facet normal 0.907715 0.419586 0
    outer loop
      vertex 27.3288 -12.949 0
      vertex 27.3943 -13.0907 11
      vertex 27.3943 -13.0907 0
    endloop
  endfacet
  facet normal 0.896215 0.44362 0
    outer loop
      vertex 27.3288 -12.949 11
      vertex 25.4122 -9.07703 0
      vertex 25.4122 -9.07703 11
    endloop
  endfacet
  facet normal 0.896215 0.44362 0
    outer loop
      vertex 25.4122 -9.07703 0
      vertex 27.3288 -12.949 11
      vertex 27.3288 -12.949 0
    endloop
  endfacet
  facet normal 0.887469 0.460868 0
    outer loop
      vertex 25.4122 -9.07703 11
      vertex 25.358 -8.97266 0
      vertex 25.358 -8.97266 11
    endloop
  endfacet
  facet normal 0.887469 0.460868 0
    outer loop
      vertex 25.358 -8.97266 0
      vertex 25.4122 -9.07703 11
      vertex 25.4122 -9.07703 0
    endloop
  endfacet
  facet normal 0.868567 0.495571 0
    outer loop
      vertex 25.358 -8.97266 11
      vertex 25.2997 -8.87048 0
      vertex 25.2997 -8.87048 11
    endloop
  endfacet
  facet normal 0.868567 0.495571 0
    outer loop
      vertex 25.2997 -8.87048 0
      vertex 25.358 -8.97266 11
      vertex 25.358 -8.97266 0
    endloop
  endfacet
  facet normal 0.858712 0.512458 0
    outer loop
      vertex 25.2997 -8.87048 11
      vertex 22.7461 -4.59148 0
      vertex 22.7461 -4.59148 11
    endloop
  endfacet
  facet normal 0.858712 0.512458 0
    outer loop
      vertex 22.7461 -4.59148 0
      vertex 25.2997 -8.87048 11
      vertex 25.2997 -8.87048 0
    endloop
  endfacet
  facet normal 0.850476 0.526013 0
    outer loop
      vertex 22.7461 -4.59148 11
      vertex 22.6962 -4.5108 0
      vertex 22.6962 -4.5108 11
    endloop
  endfacet
  facet normal 0.850476 0.526013 0
    outer loop
      vertex 22.6962 -4.5108 0
      vertex 22.7461 -4.59148 11
      vertex 22.7461 -4.59148 0
    endloop
  endfacet
  facet normal 0.833086 0.553143 0
    outer loop
      vertex 22.6962 -4.5108 11
      vertex 22.6437 -4.43173 0
      vertex 22.6437 -4.43173 11
    endloop
  endfacet
  facet normal 0.833086 0.553143 0
    outer loop
      vertex 22.6437 -4.43173 0
      vertex 22.6962 -4.5108 11
      vertex 22.6962 -4.5108 0
    endloop
  endfacet
  facet normal 0.824609 0.565704 0
    outer loop
      vertex 22.6437 -4.43173 11
      vertex 19.557 0.0676575 0
      vertex 19.557 0.0676575 11
    endloop
  endfacet
  facet normal 0.824609 0.565704 0
    outer loop
      vertex 19.557 0.0676575 0
      vertex 22.6437 -4.43173 11
      vertex 22.6437 -4.43173 0
    endloop
  endfacet
  facet normal 0.810967 0.585092 0
    outer loop
      vertex 19.557 0.0676575 11
      vertex 19.4733 0.18367 0
      vertex 19.4733 0.18367 11
    endloop
  endfacet
  facet normal 0.810967 0.585092 0
    outer loop
      vertex 19.4733 0.18367 0
      vertex 19.557 0.0676575 11
      vertex 19.557 0.0676575 0
    endloop
  endfacet
  facet normal 0.781939 0.623354 0
    outer loop
      vertex 19.4733 0.18367 11
      vertex 19.3841 0.295563 0
      vertex 19.3841 0.295563 11
    endloop
  endfacet
  facet normal 0.781939 0.623354 0
    outer loop
      vertex 19.3841 0.295563 0
      vertex 19.4733 0.18367 11
      vertex 19.4733 0.18367 0
    endloop
  endfacet
  facet normal 0.766974 0.641678 -6.99069e-05
    outer loop
      vertex 19.3841 0.295563 0
      vertex 14.6743 5.92502 0.0539965
      vertex 14.8237 5.74656 1.08515
    endloop
  endfacet
  facet normal 0.766978 0.641673 -3.47705e-05
    outer loop
      vertex 19.3841 0.295563 11
      vertex 15.5353 4.89589 9.85806
      vertex 15.5815 4.84073 11
    endloop
  endfacet
  facet normal 0.766971 0.641682 2.51188e-05
    outer loop
      vertex 19.3841 0.295563 11
      vertex 15.4303 5.02147 7.84918
      vertex 15.5353 4.89589 9.85806
    endloop
  endfacet
  facet normal 0.766985 0.641666 -1.63442e-05
    outer loop
      vertex 19.3841 0.295563 11
      vertex 15.3064 5.16952 5.96523
      vertex 15.4303 5.02147 7.84918
    endloop
  endfacet
  facet normal 0.766976 0.641676 -0
    outer loop
      vertex 19.3841 0.295563 0
      vertex 15.3064 5.16952 5.96523
      vertex 19.3841 0.295563 11
    endloop
  endfacet
  facet normal 0.766979 0.641672 4.52784e-06
    outer loop
      vertex 15.3064 5.16952 5.96523
      vertex 19.3841 0.295563 0
      vertex 15.1639 5.33986 4.2085
    endloop
  endfacet
  facet normal 0.766976 0.641676 -3.2938e-06
    outer loop
      vertex 15.1639 5.33986 4.2085
      vertex 19.3841 0.295563 0
      vertex 15.0029 5.53229 2.58115
    endloop
  endfacet
  facet normal 0.766984 0.641666 3.09315e-05
    outer loop
      vertex 15.0029 5.53229 2.58115
      vertex 19.3841 0.295563 0
      vertex 14.8237 5.74656 1.08515
    endloop
  endfacet
  facet normal 0.766974 0.641678 0
    outer loop
      vertex 14.6743 5.92502 0.0539965
      vertex 19.3841 0.295563 0
      vertex 14.6743 5.92502 0
    endloop
  endfacet
  facet normal 0.755718 0.654898 0
    outer loop
      vertex 14.6743 5.92502 0.0539965
      vertex 14.6743 5.92502 0
      vertex 14.6667 5.93379 0
    endloop
  endfacet
  facet normal -0.755718 0.654898 0
    outer loop
      vertex -14.6743 5.92502 0.0539965
      vertex -14.6667 5.93379 0
      vertex -14.6743 5.92502 0
    endloop
  endfacet
  facet normal -0.766974 0.641678 0
    outer loop
      vertex -19.3841 0.295563 0
      vertex -14.6743 5.92502 0.0539965
      vertex -14.6743 5.92502 0
    endloop
  endfacet
  facet normal -0.766974 0.641678 -6.99069e-05
    outer loop
      vertex -14.6743 5.92502 0.0539965
      vertex -19.3841 0.295563 0
      vertex -14.8237 5.74656 1.08515
    endloop
  endfacet
  facet normal -0.766984 0.641666 3.09315e-05
    outer loop
      vertex -19.3841 0.295563 0
      vertex -15.0029 5.53229 2.58115
      vertex -14.8237 5.74656 1.08515
    endloop
  endfacet
  facet normal -0.766976 0.641676 -3.2938e-06
    outer loop
      vertex -19.3841 0.295563 0
      vertex -15.1639 5.33986 4.2085
      vertex -15.0029 5.53229 2.58115
    endloop
  endfacet
  facet normal -0.766979 0.641672 4.52784e-06
    outer loop
      vertex -19.3841 0.295563 0
      vertex -15.3064 5.16952 5.96523
      vertex -15.1639 5.33986 4.2085
    endloop
  endfacet
  facet normal -0.766976 0.641676 0
    outer loop
      vertex -19.3841 0.295563 11
      vertex -15.3064 5.16952 5.96523
      vertex -19.3841 0.295563 0
    endloop
  endfacet
  facet normal -0.766985 0.641666 -1.63442e-05
    outer loop
      vertex -15.3064 5.16952 5.96523
      vertex -19.3841 0.295563 11
      vertex -15.4303 5.02147 7.84918
    endloop
  endfacet
  facet normal -0.766971 0.641682 2.51188e-05
    outer loop
      vertex -15.4303 5.02147 7.84918
      vertex -19.3841 0.295563 11
      vertex -15.5353 4.89589 9.85806
    endloop
  endfacet
  facet normal -0.766978 0.641673 -3.47705e-05
    outer loop
      vertex -15.5353 4.89589 9.85806
      vertex -19.3841 0.295563 11
      vertex -15.5815 4.84073 11
    endloop
  endfacet
  facet normal -0.781939 0.623354 0
    outer loop
      vertex -19.4733 0.18367 0
      vertex -19.3841 0.295563 11
      vertex -19.3841 0.295563 0
    endloop
  endfacet
  facet normal -0.781939 0.623354 0
    outer loop
      vertex -19.3841 0.295563 11
      vertex -19.4733 0.18367 0
      vertex -19.4733 0.18367 11
    endloop
  endfacet
  facet normal -0.810967 0.585092 0
    outer loop
      vertex -19.557 0.0676575 0
      vertex -19.4733 0.18367 11
      vertex -19.4733 0.18367 0
    endloop
  endfacet
  facet normal -0.810967 0.585092 0
    outer loop
      vertex -19.4733 0.18367 11
      vertex -19.557 0.0676575 0
      vertex -19.557 0.0676575 11
    endloop
  endfacet
  facet normal -0.824609 0.565704 0
    outer loop
      vertex -22.6437 -4.43173 0
      vertex -19.557 0.0676575 11
      vertex -19.557 0.0676575 0
    endloop
  endfacet
  facet normal -0.824609 0.565704 0
    outer loop
      vertex -19.557 0.0676575 11
      vertex -22.6437 -4.43173 0
      vertex -22.6437 -4.43173 11
    endloop
  endfacet
  facet normal -0.833086 0.553143 0
    outer loop
      vertex -22.6962 -4.5108 0
      vertex -22.6437 -4.43173 11
      vertex -22.6437 -4.43173 0
    endloop
  endfacet
  facet normal -0.833086 0.553143 0
    outer loop
      vertex -22.6437 -4.43173 11
      vertex -22.6962 -4.5108 0
      vertex -22.6962 -4.5108 11
    endloop
  endfacet
  facet normal -0.850476 0.526013 0
    outer loop
      vertex -22.7461 -4.59148 0
      vertex -22.6962 -4.5108 11
      vertex -22.6962 -4.5108 0
    endloop
  endfacet
  facet normal -0.850476 0.526013 0
    outer loop
      vertex -22.6962 -4.5108 11
      vertex -22.7461 -4.59148 0
      vertex -22.7461 -4.59148 11
    endloop
  endfacet
  facet normal -0.858712 0.512458 0
    outer loop
      vertex -25.2997 -8.87048 0
      vertex -22.7461 -4.59148 11
      vertex -22.7461 -4.59148 0
    endloop
  endfacet
  facet normal -0.858712 0.512458 0
    outer loop
      vertex -22.7461 -4.59148 11
      vertex -25.2997 -8.87048 0
      vertex -25.2997 -8.87048 11
    endloop
  endfacet
  facet normal -0.868567 0.495571 0
    outer loop
      vertex -25.358 -8.97266 0
      vertex -25.2997 -8.87048 11
      vertex -25.2997 -8.87048 0
    endloop
  endfacet
  facet normal -0.868567 0.495571 0
    outer loop
      vertex -25.2997 -8.87048 11
      vertex -25.358 -8.97266 0
      vertex -25.358 -8.97266 11
    endloop
  endfacet
  facet normal -0.887469 0.460868 0
    outer loop
      vertex -25.4122 -9.07703 0
      vertex -25.358 -8.97266 11
      vertex -25.358 -8.97266 0
    endloop
  endfacet
  facet normal -0.887469 0.460868 0
    outer loop
      vertex -25.358 -8.97266 11
      vertex -25.4122 -9.07703 0
      vertex -25.4122 -9.07703 11
    endloop
  endfacet
  facet normal -0.896215 0.44362 0
    outer loop
      vertex -27.3288 -12.949 0
      vertex -25.4122 -9.07703 11
      vertex -25.4122 -9.07703 0
    endloop
  endfacet
  facet normal -0.896215 0.44362 0
    outer loop
      vertex -25.4122 -9.07703 11
      vertex -27.3288 -12.949 0
      vertex -27.3288 -12.949 11
    endloop
  endfacet
  facet normal -0.907715 0.419586 0
    outer loop
      vertex -27.3943 -13.0907 0
      vertex -27.3288 -12.949 11
      vertex -27.3288 -12.949 0
    endloop
  endfacet
  facet normal -0.907715 0.419586 0
    outer loop
      vertex -27.3288 -12.949 11
      vertex -27.3943 -13.0907 0
      vertex -27.3943 -13.0907 11
    endloop
  endfacet
  facet normal -0.927946 0.372715 0
    outer loop
      vertex -27.4525 -13.2356 0
      vertex -27.3943 -13.0907 11
      vertex -27.3943 -13.0907 0
    endloop
  endfacet
  facet normal -0.927946 0.372715 0
    outer loop
      vertex -27.3943 -13.0907 11
      vertex -27.4525 -13.2356 0
      vertex -27.4525 -13.2356 11
    endloop
  endfacet
  facet normal -0.937467 0.348075 0
    outer loop
      vertex -28.6833 -16.5505 0
      vertex -27.4525 -13.2356 11
      vertex -27.4525 -13.2356 0
    endloop
  endfacet
  facet normal -0.937467 0.348075 0
    outer loop
      vertex -27.4525 -13.2356 11
      vertex -28.6833 -16.5505 0
      vertex -28.6833 -16.5505 11
    endloop
  endfacet
  facet normal -0.943761 0.330628 0
    outer loop
      vertex -28.7204 -16.6564 0
      vertex -28.6833 -16.5505 11
      vertex -28.6833 -16.5505 0
    endloop
  endfacet
  facet normal -0.943761 0.330628 0
    outer loop
      vertex -28.6833 -16.5505 11
      vertex -28.7204 -16.6564 0
      vertex -28.7204 -16.6564 11
    endloop
  endfacet
  facet normal -0.955412 0.295277 0
    outer loop
      vertex -28.7535 -16.7635 0
      vertex -28.7204 -16.6564 11
      vertex -28.7204 -16.6564 0
    endloop
  endfacet
  facet normal -0.955412 0.295277 0
    outer loop
      vertex -28.7204 -16.6564 11
      vertex -28.7535 -16.7635 0
      vertex -28.7535 -16.7635 11
    endloop
  endfacet
  facet normal -0.966028 0.258439 0
    outer loop
      vertex -28.7825 -16.8719 0
      vertex -28.7535 -16.7635 11
      vertex -28.7535 -16.7635 0
    endloop
  endfacet
  facet normal -0.966028 0.258439 0
    outer loop
      vertex -28.7535 -16.7635 11
      vertex -28.7825 -16.8719 0
      vertex -28.7825 -16.8719 11
    endloop
  endfacet
  facet normal -0.974825 0.22297 0
    outer loop
      vertex -28.8075 -16.9812 0
      vertex -28.7825 -16.8719 11
      vertex -28.7825 -16.8719 0
    endloop
  endfacet
  facet normal -0.974825 0.22297 0
    outer loop
      vertex -28.7825 -16.8719 11
      vertex -28.8075 -16.9812 0
      vertex -28.8075 -16.9812 11
    endloop
  endfacet
  facet normal -0.978863 0.204518 0
    outer loop
      vertex -29.3449 -19.5533 0
      vertex -28.8075 -16.9812 11
      vertex -28.8075 -16.9812 0
    endloop
  endfacet
  facet normal -0.978863 0.204518 0
    outer loop
      vertex -28.8075 -16.9812 11
      vertex -29.3449 -19.5533 0
      vertex -29.3449 -19.5533 11
    endloop
  endfacet
  facet normal -0.98257 0.185892 0
    outer loop
      vertex -29.3666 -19.668 0
      vertex -29.3449 -19.5533 11
      vertex -29.3449 -19.5533 0
    endloop
  endfacet
  facet normal -0.98257 0.185892 0
    outer loop
      vertex -29.3449 -19.5533 11
      vertex -29.3666 -19.668 0
      vertex -29.3666 -19.668 11
    endloop
  endfacet
  facet normal -0.989199 0.14658 0
    outer loop
      vertex -29.3837 -19.7834 0
      vertex -29.3666 -19.668 11
      vertex -29.3666 -19.668 0
    endloop
  endfacet
  facet normal -0.989199 0.14658 0
    outer loop
      vertex -29.3666 -19.668 11
      vertex -29.3837 -19.7834 0
      vertex -29.3837 -19.7834 11
    endloop
  endfacet
  facet normal -0.99405 0.108925 0
    outer loop
      vertex -29.3964 -19.8993 0
      vertex -29.3837 -19.7834 11
      vertex -29.3837 -19.7834 0
    endloop
  endfacet
  facet normal -0.99405 0.108925 0
    outer loop
      vertex -29.3837 -19.7834 11
      vertex -29.3964 -19.8993 0
      vertex -29.3964 -19.8993 11
    endloop
  endfacet
  facet normal -0.997588 0.0694198 0
    outer loop
      vertex -29.4045 -20.0157 0
      vertex -29.3964 -19.8993 11
      vertex -29.3964 -19.8993 0
    endloop
  endfacet
  facet normal -0.997588 0.0694198 0
    outer loop
      vertex -29.3964 -19.8993 11
      vertex -29.4045 -20.0157 0
      vertex -29.4045 -20.0157 11
    endloop
  endfacet
  facet normal -0.999524 0.0308601 0
    outer loop
      vertex -29.4081 -20.1323 0
      vertex -29.4045 -20.0157 11
      vertex -29.4045 -20.0157 0
    endloop
  endfacet
  facet normal -0.999524 0.0308601 0
    outer loop
      vertex -29.4045 -20.0157 11
      vertex -29.4081 -20.1323 0
      vertex -29.4081 -20.1323 11
    endloop
  endfacet
  facet normal -0.99997 -0.00771185 0
    outer loop
      vertex -29.4072 -20.249 0
      vertex -29.4081 -20.1323 11
      vertex -29.4081 -20.1323 0
    endloop
  endfacet
  facet normal -0.99997 -0.00771185 0
    outer loop
      vertex -29.4081 -20.1323 11
      vertex -29.4072 -20.249 0
      vertex -29.4072 -20.249 11
    endloop
  endfacet
  facet normal -0.999625 -0.0273818 0
    outer loop
      vertex -29.3634 -21.848 0
      vertex -29.4072 -20.249 11
      vertex -29.4072 -20.249 0
    endloop
  endfacet
  facet normal -0.999625 -0.0273818 0
    outer loop
      vertex -29.4072 -20.249 11
      vertex -29.3634 -21.848 0
      vertex -29.3634 -21.848 11
    endloop
  endfacet
  facet normal -0.998945 -0.0459285 0
    outer loop
      vertex -29.3582 -21.9611 0
      vertex -29.3634 -21.848 11
      vertex -29.3634 -21.848 0
    endloop
  endfacet
  facet normal -0.998945 -0.0459285 0
    outer loop
      vertex -29.3634 -21.848 11
      vertex -29.3582 -21.9611 0
      vertex -29.3582 -21.9611 11
    endloop
  endfacet
  facet normal -0.996472 -0.0839228 0
    outer loop
      vertex -29.3487 -22.0739 0
      vertex -29.3582 -21.9611 11
      vertex -29.3582 -21.9611 0
    endloop
  endfacet
  facet normal -0.996472 -0.0839228 0
    outer loop
      vertex -29.3582 -21.9611 11
      vertex -29.3487 -22.0739 0
      vertex -29.3487 -22.0739 11
    endloop
  endfacet
  facet normal -0.992654 -0.120991 0
    outer loop
      vertex -29.335 -22.1863 0
      vertex -29.3487 -22.0739 11
      vertex -29.3487 -22.0739 0
    endloop
  endfacet
  facet normal -0.992654 -0.120991 0
    outer loop
      vertex -29.3487 -22.0739 11
      vertex -29.335 -22.1863 0
      vertex -29.335 -22.1863 11
    endloop
  endfacet
  facet normal -0.987286 -0.158955 0
    outer loop
      vertex -29.317 -22.2981 0
      vertex -29.335 -22.1863 11
      vertex -29.335 -22.1863 0
    endloop
  endfacet
  facet normal -0.987286 -0.158955 0
    outer loop
      vertex -29.335 -22.1863 11
      vertex -29.317 -22.2981 0
      vertex -29.317 -22.2981 11
    endloop
  endfacet
  facet normal -0.980581 -0.196116 0
    outer loop
      vertex -29.2948 -22.4091 0
      vertex -29.317 -22.2981 11
      vertex -29.317 -22.2981 0
    endloop
  endfacet
  facet normal -0.980581 -0.196116 0
    outer loop
      vertex -29.317 -22.2981 11
      vertex -29.2948 -22.4091 0
      vertex -29.2948 -22.4091 11
    endloop
  endfacet
  facet normal -0.972435 -0.233173 0
    outer loop
      vertex -29.2684 -22.5192 0
      vertex -29.2948 -22.4091 11
      vertex -29.2948 -22.4091 0
    endloop
  endfacet
  facet normal -0.972435 -0.233173 0
    outer loop
      vertex -29.2948 -22.4091 11
      vertex -29.2684 -22.5192 0
      vertex -29.2684 -22.5192 11
    endloop
  endfacet
  facet normal -0.963239 -0.268646 0
    outer loop
      vertex -29.238 -22.6282 0
      vertex -29.2684 -22.5192 11
      vertex -29.2684 -22.5192 0
    endloop
  endfacet
  facet normal -0.963239 -0.268646 0
    outer loop
      vertex -29.2684 -22.5192 11
      vertex -29.238 -22.6282 0
      vertex -29.238 -22.6282 11
    endloop
  endfacet
  facet normal -0.952157 -0.305609 0
    outer loop
      vertex -29.2034 -22.736 0
      vertex -29.238 -22.6282 11
      vertex -29.238 -22.6282 0
    endloop
  endfacet
  facet normal -0.952157 -0.305609 0
    outer loop
      vertex -29.238 -22.6282 11
      vertex -29.2034 -22.736 0
      vertex -29.2034 -22.736 11
    endloop
  endfacet
  facet normal -0.940051 -0.341034 0
    outer loop
      vertex -29.1648 -22.8424 0
      vertex -29.2034 -22.736 11
      vertex -29.2034 -22.736 0
    endloop
  endfacet
  facet normal -0.940051 -0.341034 0
    outer loop
      vertex -29.2034 -22.736 11
      vertex -29.1648 -22.8424 0
      vertex -29.1648 -22.8424 11
    endloop
  endfacet
  facet normal -0.926515 -0.376259 0
    outer loop
      vertex -29.1222 -22.9473 0
      vertex -29.1648 -22.8424 11
      vertex -29.1648 -22.8424 0
    endloop
  endfacet
  facet normal -0.926515 -0.376259 0
    outer loop
      vertex -29.1648 -22.8424 11
      vertex -29.1222 -22.9473 0
      vertex -29.1222 -22.9473 11
    endloop
  endfacet
  facet normal -0.919145 -0.393919 0
    outer loop
      vertex -28.8702 -23.5353 0
      vertex -29.1222 -22.9473 11
      vertex -29.1222 -22.9473 0
    endloop
  endfacet
  facet normal -0.919145 -0.393919 0
    outer loop
      vertex -29.1222 -22.9473 11
      vertex -28.8702 -23.5353 0
      vertex -28.8702 -23.5353 11
    endloop
  endfacet
  facet normal -0.911989 -0.410215 0
    outer loop
      vertex -28.8245 -23.6369 0
      vertex -28.8702 -23.5353 11
      vertex -28.8702 -23.5353 0
    endloop
  endfacet
  facet normal -0.911989 -0.410215 0
    outer loop
      vertex -28.8702 -23.5353 11
      vertex -28.8245 -23.6369 0
      vertex -28.8245 -23.6369 11
    endloop
  endfacet
  facet normal -0.895859 -0.444339 0
    outer loop
      vertex -28.775 -23.7367 0
      vertex -28.8245 -23.6369 11
      vertex -28.8245 -23.6369 0
    endloop
  endfacet
  facet normal -0.895859 -0.444339 0
    outer loop
      vertex -28.8245 -23.6369 11
      vertex -28.775 -23.7367 0
      vertex -28.775 -23.7367 11
    endloop
  endfacet
  facet normal -0.878649 -0.477468 0
    outer loop
      vertex -28.7218 -23.8346 0
      vertex -28.775 -23.7367 11
      vertex -28.775 -23.7367 0
    endloop
  endfacet
  facet normal -0.878649 -0.477468 0
    outer loop
      vertex -28.775 -23.7367 11
      vertex -28.7218 -23.8346 0
      vertex -28.7218 -23.8346 11
    endloop
  endfacet
  facet normal -0.860175 -0.509999 0
    outer loop
      vertex -28.665 -23.9304 0
      vertex -28.7218 -23.8346 11
      vertex -28.7218 -23.8346 0
    endloop
  endfacet
  facet normal -0.860175 -0.509999 0
    outer loop
      vertex -28.7218 -23.8346 11
      vertex -28.665 -23.9304 0
      vertex -28.665 -23.9304 11
    endloop
  endfacet
  facet normal -0.841324 -0.540531 0
    outer loop
      vertex -28.6048 -24.0241 0
      vertex -28.665 -23.9304 11
      vertex -28.665 -23.9304 0
    endloop
  endfacet
  facet normal -0.841324 -0.540531 0
    outer loop
      vertex -28.665 -23.9304 11
      vertex -28.6048 -24.0241 0
      vertex -28.6048 -24.0241 11
    endloop
  endfacet
  facet normal -0.81999 -0.572378 0
    outer loop
      vertex -28.541 -24.1155 0
      vertex -28.6048 -24.0241 11
      vertex -28.6048 -24.0241 0
    endloop
  endfacet
  facet normal -0.81999 -0.572378 0
    outer loop
      vertex -28.6048 -24.0241 11
      vertex -28.541 -24.1155 0
      vertex -28.541 -24.1155 11
    endloop
  endfacet
  facet normal -0.798596 -0.601867 0
    outer loop
      vertex -28.474 -24.2044 0
      vertex -28.541 -24.1155 11
      vertex -28.541 -24.1155 0
    endloop
  endfacet
  facet normal -0.798596 -0.601867 0
    outer loop
      vertex -28.541 -24.1155 11
      vertex -28.474 -24.2044 0
      vertex -28.474 -24.2044 11
    endloop
  endfacet
  facet normal -0.775235 -0.631673 0
    outer loop
      vertex -28.4036 -24.2908 0
      vertex -28.474 -24.2044 11
      vertex -28.474 -24.2044 0
    endloop
  endfacet
  facet normal -0.775235 -0.631673 0
    outer loop
      vertex -28.474 -24.2044 11
      vertex -28.4036 -24.2908 0
      vertex -28.4036 -24.2908 11
    endloop
  endfacet
  facet normal -0.751408 -0.659838 0
    outer loop
      vertex -28.3301 -24.3745 0
      vertex -28.4036 -24.2908 11
      vertex -28.4036 -24.2908 0
    endloop
  endfacet
  facet normal -0.751408 -0.659838 0
    outer loop
      vertex -28.4036 -24.2908 11
      vertex -28.3301 -24.3745 0
      vertex -28.3301 -24.3745 11
    endloop
  endfacet
  facet normal -0.727013 -0.686624 0
    outer loop
      vertex -28.2536 -24.4555 0
      vertex -28.3301 -24.3745 11
      vertex -28.3301 -24.3745 0
    endloop
  endfacet
  facet normal -0.727013 -0.686624 0
    outer loop
      vertex -28.3301 -24.3745 11
      vertex -28.2536 -24.4555 0
      vertex -28.2536 -24.4555 11
    endloop
  endfacet
  facet normal -0.700341 -0.713809 0
    outer loop
      vertex -28.2536 -24.4555 0
      vertex -28.1741 -24.5335 11
      vertex -28.2536 -24.4555 11
    endloop
  endfacet
  facet normal -0.700341 -0.713809 -0
    outer loop
      vertex -28.1741 -24.5335 11
      vertex -28.2536 -24.4555 0
      vertex -28.1741 -24.5335 0
    endloop
  endfacet
  facet normal -0.674057 -0.73868 0
    outer loop
      vertex -28.1741 -24.5335 0
      vertex -28.0918 -24.6086 11
      vertex -28.1741 -24.5335 11
    endloop
  endfacet
  facet normal -0.674057 -0.73868 -0
    outer loop
      vertex -28.0918 -24.6086 11
      vertex -28.1741 -24.5335 0
      vertex -28.0918 -24.6086 0
    endloop
  endfacet
  facet normal -0.645379 -0.763863 0
    outer loop
      vertex -28.0918 -24.6086 0
      vertex -28.0067 -24.6805 11
      vertex -28.0918 -24.6086 11
    endloop
  endfacet
  facet normal -0.645379 -0.763863 -0
    outer loop
      vertex -28.0067 -24.6805 11
      vertex -28.0918 -24.6086 0
      vertex -28.0067 -24.6805 0
    endloop
  endfacet
  facet normal -0.616671 -0.787221 0
    outer loop
      vertex -28.0067 -24.6805 0
      vertex -27.919 -24.7492 11
      vertex -28.0067 -24.6805 11
    endloop
  endfacet
  facet normal -0.616671 -0.787221 -0
    outer loop
      vertex -27.919 -24.7492 11
      vertex -28.0067 -24.6805 0
      vertex -27.919 -24.7492 0
    endloop
  endfacet
  facet normal -0.60246 -0.798149 0
    outer loop
      vertex -27.919 -24.7492 0
      vertex -27.8827 -24.7766 11
      vertex -27.919 -24.7492 11
    endloop
  endfacet
  facet normal -0.60246 -0.798149 -0
    outer loop
      vertex -27.8827 -24.7766 11
      vertex -27.919 -24.7492 0
      vertex -27.8827 -24.7766 0
    endloop
  endfacet
  facet normal -0.587146 -0.809481 0
    outer loop
      vertex -27.8827 -24.7766 0
      vertex -27.7935 -24.8413 11
      vertex -27.8827 -24.7766 11
    endloop
  endfacet
  facet normal -0.587146 -0.809481 -0
    outer loop
      vertex -27.7935 -24.8413 11
      vertex -27.8827 -24.7766 0
      vertex -27.7935 -24.8413 0
    endloop
  endfacet
  facet normal -0.557005 -0.830509 0
    outer loop
      vertex -27.7935 -24.8413 0
      vertex -27.7021 -24.9026 11
      vertex -27.7935 -24.8413 11
    endloop
  endfacet
  facet normal -0.557005 -0.830509 -0
    outer loop
      vertex -27.7021 -24.9026 11
      vertex -27.7935 -24.8413 0
      vertex -27.7021 -24.9026 0
    endloop
  endfacet
  facet normal -0.52673 -0.850033 0
    outer loop
      vertex -27.7021 -24.9026 0
      vertex -27.6085 -24.9606 11
      vertex -27.7021 -24.9026 11
    endloop
  endfacet
  facet normal -0.52673 -0.850033 -0
    outer loop
      vertex -27.6085 -24.9606 11
      vertex -27.7021 -24.9026 0
      vertex -27.6085 -24.9606 0
    endloop
  endfacet
  facet normal -0.494867 -0.868969 0
    outer loop
      vertex -27.6085 -24.9606 0
      vertex -27.5128 -25.0151 11
      vertex -27.6085 -24.9606 11
    endloop
  endfacet
  facet normal -0.494867 -0.868969 -0
    outer loop
      vertex -27.5128 -25.0151 11
      vertex -27.6085 -24.9606 0
      vertex -27.5128 -25.0151 0
    endloop
  endfacet
  facet normal -0.462752 -0.886488 0
    outer loop
      vertex -27.5128 -25.0151 0
      vertex -27.4151 -25.0661 11
      vertex -27.5128 -25.0151 11
    endloop
  endfacet
  facet normal -0.462752 -0.886488 -0
    outer loop
      vertex -27.4151 -25.0661 11
      vertex -27.5128 -25.0151 0
      vertex -27.4151 -25.0661 0
    endloop
  endfacet
  facet normal -0.429687 -0.902978 0
    outer loop
      vertex -27.4151 -25.0661 0
      vertex -27.3157 -25.1134 11
      vertex -27.4151 -25.0661 11
    endloop
  endfacet
  facet normal -0.429687 -0.902978 -0
    outer loop
      vertex -27.3157 -25.1134 11
      vertex -27.4151 -25.0661 0
      vertex -27.3157 -25.1134 0
    endloop
  endfacet
  facet normal -0.396001 -0.91825 0
    outer loop
      vertex -27.3157 -25.1134 0
      vertex -27.2146 -25.157 11
      vertex -27.3157 -25.1134 11
    endloop
  endfacet
  facet normal -0.396001 -0.91825 -0
    outer loop
      vertex -27.2146 -25.157 11
      vertex -27.3157 -25.1134 0
      vertex -27.2146 -25.157 0
    endloop
  endfacet
  facet normal -0.362446 -0.932005 0
    outer loop
      vertex -27.2146 -25.157 0
      vertex -27.112 -25.1969 11
      vertex -27.2146 -25.157 11
    endloop
  endfacet
  facet normal -0.362446 -0.932005 -0
    outer loop
      vertex -27.112 -25.1969 11
      vertex -27.2146 -25.157 0
      vertex -27.112 -25.1969 0
    endloop
  endfacet
  facet normal -0.32764 -0.944802 0
    outer loop
      vertex -27.112 -25.1969 0
      vertex -27.0079 -25.233 11
      vertex -27.112 -25.1969 11
    endloop
  endfacet
  facet normal -0.32764 -0.944802 -0
    outer loop
      vertex -27.0079 -25.233 11
      vertex -27.112 -25.1969 0
      vertex -27.0079 -25.233 0
    endloop
  endfacet
  facet normal -0.293256 -0.956034 0
    outer loop
      vertex -27.0079 -25.233 0
      vertex -26.9026 -25.2653 11
      vertex -27.0079 -25.233 11
    endloop
  endfacet
  facet normal -0.293256 -0.956034 -0
    outer loop
      vertex -26.9026 -25.2653 11
      vertex -27.0079 -25.233 0
      vertex -26.9026 -25.2653 0
    endloop
  endfacet
  facet normal -0.257889 -0.966175 0
    outer loop
      vertex -26.9026 -25.2653 0
      vertex -26.7962 -25.2937 11
      vertex -26.9026 -25.2653 11
    endloop
  endfacet
  facet normal -0.257889 -0.966175 -0
    outer loop
      vertex -26.7962 -25.2937 11
      vertex -26.9026 -25.2653 0
      vertex -26.7962 -25.2937 0
    endloop
  endfacet
  facet normal -0.222406 -0.974954 0
    outer loop
      vertex -26.7962 -25.2937 0
      vertex -26.6888 -25.3182 11
      vertex -26.7962 -25.2937 11
    endloop
  endfacet
  facet normal -0.222406 -0.974954 -0
    outer loop
      vertex -26.6888 -25.3182 11
      vertex -26.7962 -25.2937 0
      vertex -26.6888 -25.3182 0
    endloop
  endfacet
  facet normal -0.186152 -0.982521 0
    outer loop
      vertex -26.6888 -25.3182 0
      vertex -26.5806 -25.3387 11
      vertex -26.6888 -25.3182 11
    endloop
  endfacet
  facet normal -0.186152 -0.982521 -0
    outer loop
      vertex -26.5806 -25.3387 11
      vertex -26.6888 -25.3182 0
      vertex -26.5806 -25.3387 0
    endloop
  endfacet
  facet normal -0.14994 -0.988695 0
    outer loop
      vertex -26.5806 -25.3387 0
      vertex -26.4718 -25.3552 11
      vertex -26.5806 -25.3387 11
    endloop
  endfacet
  facet normal -0.14994 -0.988695 -0
    outer loop
      vertex -26.4718 -25.3552 11
      vertex -26.5806 -25.3387 0
      vertex -26.4718 -25.3552 0
    endloop
  endfacet
  facet normal -0.113521 -0.993536 0
    outer loop
      vertex -26.4718 -25.3552 0
      vertex -26.3624 -25.3677 11
      vertex -26.4718 -25.3552 11
    endloop
  endfacet
  facet normal -0.113521 -0.993536 -0
    outer loop
      vertex -26.3624 -25.3677 11
      vertex -26.4718 -25.3552 0
      vertex -26.3624 -25.3677 0
    endloop
  endfacet
  facet normal -0.0771826 -0.997017 0
    outer loop
      vertex -26.3624 -25.3677 0
      vertex -26.2526 -25.3762 11
      vertex -26.3624 -25.3677 11
    endloop
  endfacet
  facet normal -0.0771826 -0.997017 -0
    outer loop
      vertex -26.2526 -25.3762 11
      vertex -26.3624 -25.3677 0
      vertex -26.2526 -25.3762 0
    endloop
  endfacet
  facet normal -0.0399318 -0.999202 0
    outer loop
      vertex -26.2526 -25.3762 0
      vertex -26.1425 -25.3806 11
      vertex -26.2526 -25.3762 11
    endloop
  endfacet
  facet normal -0.0399318 -0.999202 -0
    outer loop
      vertex -26.1425 -25.3806 11
      vertex -26.2526 -25.3762 0
      vertex -26.1425 -25.3806 0
    endloop
  endfacet
  facet normal -0.00363304 -0.999993 0
    outer loop
      vertex -26.1425 -25.3806 0
      vertex -26.0324 -25.381 11
      vertex -26.1425 -25.3806 11
    endloop
  endfacet
  facet normal -0.00363304 -0.999993 -0
    outer loop
      vertex -26.0324 -25.381 11
      vertex -26.1425 -25.3806 0
      vertex -26.0324 -25.381 0
    endloop
  endfacet
  facet normal 0.0146357 -0.999893 0
    outer loop
      vertex -26.0324 -25.381 0
      vertex -0.0438995 -25.0006 11
      vertex -26.0324 -25.381 11
    endloop
  endfacet
  facet normal 0.0146357 -0.999893 0
    outer loop
      vertex -0.0438995 -25.0006 11
      vertex -26.0324 -25.381 0
      vertex -0.0438995 -25.0006 0
    endloop
  endfacet
  facet normal 0.00683363 -0.999977 0
    outer loop
      vertex -0.0438995 -25.0006 0
      vertex 0 -25.0003 11
      vertex -0.0438995 -25.0006 11
    endloop
  endfacet
  facet normal 0.00683363 -0.999977 0
    outer loop
      vertex 0 -25.0003 11
      vertex -0.0438995 -25.0006 0
      vertex 0 -25.0003 0
    endloop
  endfacet
  facet normal -0.00683363 -0.999977 0
    outer loop
      vertex 0 -25.0003 0
      vertex 0.0438995 -25.0006 11
      vertex 0 -25.0003 11
    endloop
  endfacet
  facet normal -0.00683363 -0.999977 -0
    outer loop
      vertex 0.0438995 -25.0006 11
      vertex 0 -25.0003 0
      vertex 0.0438995 -25.0006 0
    endloop
  endfacet
  facet normal -0.0146357 -0.999893 0
    outer loop
      vertex 0.0438995 -25.0006 0
      vertex 26.0324 -25.381 11
      vertex 0.0438995 -25.0006 11
    endloop
  endfacet
  facet normal -0.0146357 -0.999893 -0
    outer loop
      vertex 26.0324 -25.381 11
      vertex 0.0438995 -25.0006 0
      vertex 26.0324 -25.381 0
    endloop
  endfacet
  facet normal 0.00363304 -0.999993 0
    outer loop
      vertex 26.0324 -25.381 0
      vertex 26.1425 -25.3806 11
      vertex 26.0324 -25.381 11
    endloop
  endfacet
  facet normal 0.00363304 -0.999993 0
    outer loop
      vertex 26.1425 -25.3806 11
      vertex 26.0324 -25.381 0
      vertex 26.1425 -25.3806 0
    endloop
  endfacet
  facet normal 0.0261692 0.207877 0.977805
    outer loop
      vertex -0.059329 23.3925 34.1845
      vertex -0.0326249 17.524 35.4314
      vertex -0.0526504 23.3926 34.1843
    endloop
  endfacet
  facet normal 0.0151987 0.207876 0.978037
    outer loop
      vertex -0.0326249 17.524 35.4314
      vertex -0.059329 23.3925 34.1845
      vertex -0.059329 17.5236 35.4319
    endloop
  endfacet
  facet normal 0.992572 -0.0252932 -0.118999
    outer loop
      vertex -1.68346 17.784 37.3554
      vertex -1.69069 23.6941 36.0389
      vertex -1.68346 23.7073 36.0964
    endloop
  endfacet
  facet normal 0.992558 -0.0253181 -0.11911
    outer loop
      vertex -1.69069 23.6941 36.0389
      vertex -1.68346 17.784 37.3554
      vertex -1.69069 17.7706 37.298
    endloop
  endfacet
  facet normal 0.0176689 0.207884 0.977994
    outer loop
      vertex -0.0526504 23.3926 34.1843
      vertex 0 17.5244 35.4307
      vertex 0 23.3933 34.1832
    endloop
  endfacet
  facet normal 0.0184347 0.207887 0.977979
    outer loop
      vertex 0 17.5244 35.4307
      vertex -0.0526504 23.3926 34.1843
      vertex -0.0326249 17.524 35.4314
    endloop
  endfacet
  facet normal 0.0879589 -0.207102 -0.974357
    outer loop
      vertex -0.171037 24.0955 37.501
      vertex -0.118586 18.2284 38.7528
      vertex -0.151085 18.2273 38.7501
    endloop
  endfacet
  facet normal 0.0869939 -0.207128 -0.974438
    outer loop
      vertex -0.118586 18.2284 38.7528
      vertex -0.171037 24.0955 37.501
      vertex -0.118586 24.0973 37.5053
    endloop
  endfacet
  facet normal 0.573618 0.170298 0.801225
    outer loop
      vertex -0.950627 23.4238 34.4739
      vertex -0.977222 17.5401 35.7435
      vertex -0.950627 17.5385 35.7248
    endloop
  endfacet
  facet normal 0.573021 0.170388 0.801633
    outer loop
      vertex -0.977222 17.5401 35.7435
      vertex -0.950627 23.4238 34.4739
      vertex -0.993675 23.4279 34.5038
    endloop
  endfacet
  facet normal -0.706997 0.147037 0.691763
    outer loop
      vertex 1.18092 17.5521 35.9126
      vertex 1.22288 23.4531 34.7012
      vertex 1.18092 23.448 34.6594
    endloop
  endfacet
  facet normal -0.707017 0.147033 0.691743
    outer loop
      vertex 1.22288 23.4531 34.7012
      vertex 1.18092 17.5521 35.9126
      vertex 1.22288 17.5558 35.9547
    endloop
  endfacet
  facet normal 0.956382 0.0607315 0.285735
    outer loop
      vertex -1.62474 17.64 36.6336
      vertex -1.63414 23.5661 35.4055
      vertex -1.63414 17.645 36.664
    endloop
  endfacet
  facet normal 0.956367 0.060742 0.285785
    outer loop
      vertex -1.63414 23.5661 35.4055
      vertex -1.62474 17.64 36.6336
      vertex -1.61883 23.557 35.3562
    endloop
  endfacet
  facet normal 0.190895 0.204092 0.960159
    outer loop
      vertex -0.295201 23.3936 34.2096
      vertex -0.341142 17.5258 35.466
      vertex -0.295201 17.5247 35.4571
    endloop
  endfacet
  facet normal 0.191161 0.20408 0.960109
    outer loop
      vertex -0.35345 23.395 34.2209
      vertex -0.341142 17.5258 35.466
      vertex -0.295201 23.3936 34.2096
    endloop
  endfacet
  facet normal 0.185755 0.204284 0.961126
    outer loop
      vertex -0.341142 17.5258 35.466
      vertex -0.35345 23.395 34.2209
      vertex -0.35345 17.5257 35.4684
    endloop
  endfacet
  facet normal 0.325981 0.215344 0.920523
    outer loop
      vertex -0.581433 23.4036 34.2859
      vertex -0.525329 23.4016 34.2665
      vertex -0.550539 23.403 34.2751
    endloop
  endfacet
  facet normal 0.326678 0.196507 0.924482
    outer loop
      vertex -0.525329 23.4016 34.2665
      vertex -0.581433 23.4036 34.2859
      vertex -0.581433 17.5276 35.5349
    endloop
  endfacet
  facet normal 0.327119 0.196471 0.924333
    outer loop
      vertex -0.525329 23.4016 34.2665
      vertex -0.581433 17.5276 35.5349
      vertex -0.525329 17.5264 35.5153
    endloop
  endfacet
  facet normal -0.999846 -0.00364495 -0.017149
    outer loop
      vertex 1.7 23.6561 35.8654
      vertex 1.69896 17.7446 37.1825
      vertex 1.69896 23.6685 35.9234
    endloop
  endfacet
  facet normal -0.999846 -0.00364361 -0.017143
    outer loop
      vertex 1.69896 17.7446 37.1825
      vertex 1.7 23.6561 35.8654
      vertex 1.7 17.7321 37.1245
    endloop
  endfacet
  facet normal 0.890977 0.0944021 0.444125
    outer loop
      vertex -1.50101 17.5971 36.3373
      vertex -1.52795 23.5176 35.1329
      vertex -1.52795 17.6039 36.3899
    endloop
  endfacet
  facet normal 0.890991 0.094397 0.4441
    outer loop
      vertex -1.52795 23.5176 35.1329
      vertex -1.50101 17.5971 36.3373
      vertex -1.50101 23.5089 35.0807
    endloop
  endfacet
  facet normal 0.603992 0.165686 0.779578
    outer loop
      vertex -1.00466 23.429 34.5118
      vertex -1.02177 17.5431 35.776
      vertex -1.02071 17.543 35.7752
    endloop
  endfacet
  facet normal 0.601931 0.166024 0.781099
    outer loop
      vertex -1.04662 17.544 35.795
      vertex -1.00466 23.429 34.5118
      vertex -1.04662 23.4334 34.5432
    endloop
  endfacet
  facet normal 0.60276 0.165885 0.780489
    outer loop
      vertex -1.00466 23.429 34.5118
      vertex -1.04662 17.544 35.795
      vertex -1.02177 17.5431 35.776
    endloop
  endfacet
  facet normal -0.485573 0.181754 0.855094
    outer loop
      vertex 0.804008 23.413 34.3858
      vertex 0.849999 17.5341 35.6615
      vertex 0.849999 23.4159 34.4113
    endloop
  endfacet
  facet normal -0.484288 0.181914 0.855787
    outer loop
      vertex 0.849999 17.5341 35.6615
      vertex 0.804008 23.413 34.3858
      vertex 0.821564 17.5332 35.6456
    endloop
  endfacet
  facet normal -0.987255 0.0330758 0.155669
    outer loop
      vertex 1.6792 17.6806 36.8661
      vertex 1.68346 23.6089 35.6335
      vertex 1.68236 23.6076 35.6268
    endloop
  endfacet
  facet normal -0.987746 0.0324509 0.152662
    outer loop
      vertex 1.68346 23.6089 35.6335
      vertex 1.6792 17.6806 36.8661
      vertex 1.68346 17.6856 36.8926
    endloop
  endfacet
  facet normal 0.945418 0.0677503 0.318738
    outer loop
      vertex -1.60795 17.6319 36.5825
      vertex -1.6168 23.5557 35.3496
      vertex -1.6168 17.6359 36.6079
    endloop
  endfacet
  facet normal 0.943908 0.0686342 0.322996
    outer loop
      vertex -1.6168 23.5557 35.3496
      vertex -1.60795 17.6319 36.5825
      vertex -1.61453 23.5546 35.3432
    endloop
  endfacet
  facet normal 0.731267 -0.141814 -0.667187
    outer loop
      vertex -1.22288 18.0469 38.2649
      vertex -1.26335 23.9317 36.9697
      vertex -1.22288 23.9442 37.0114
    endloop
  endfacet
  facet normal 0.731248 -0.141818 -0.667206
    outer loop
      vertex -1.26335 23.9317 36.9697
      vertex -1.22288 18.0469 38.2649
      vertex -1.26335 18.033 38.2235
    endloop
  endfacet
  facet normal 0.99864 0.0108395 0.0509945
    outer loop
      vertex -1.69741 17.7141 37.0374
      vertex -1.69896 23.6439 35.8073
      vertex -1.69896 17.72 37.0665
    endloop
  endfacet
  facet normal 0.998633 0.010867 0.0511269
    outer loop
      vertex -1.69896 23.6439 35.8073
      vertex -1.69741 17.7141 37.0374
      vertex -1.69586 23.6319 35.7493
    endloop
  endfacet
  facet normal 0.998631 0.0108748 0.0511627
    outer loop
      vertex -1.69586 23.6319 35.7493
      vertex -1.69741 17.7141 37.0374
      vertex -1.69586 17.7082 37.0084
    endloop
  endfacet
  facet normal 0.60671 -0.165274 -0.777552
    outer loop
      vertex -0.999234 18.1134 38.4496
      vertex -1.00466 23.9992 37.1943
      vertex -0.999234 24.0003 37.1983
    endloop
  endfacet
  facet normal 0.603214 -0.165831 -0.780149
    outer loop
      vertex -1.00466 23.9992 37.1943
      vertex -0.999234 18.1134 38.4496
      vertex -1.02071 18.1082 38.4341
    endloop
  endfacet
  facet normal 0.293063 -0.198781 -0.935201
    outer loop
      vertex -0.525329 24.0739 37.4295
      vertex -0.494167 18.2023 38.6873
      vertex -0.525329 18.1987 38.6783
    endloop
  endfacet
  facet normal 0.29133 -0.198901 -0.935716
    outer loop
      vertex -0.494167 18.2023 38.6873
      vertex -0.525329 24.0739 37.4295
      vertex -0.474994 24.078 37.4443
    endloop
  endfacet
  facet normal -0.657284 -0.156692 -0.737174
    outer loop
      vertex 1.1172 18.0804 38.3602
      vertex 1.13752 23.9686 37.0905
      vertex 1.13752 18.0742 38.3434
    endloop
  endfacet
  facet normal -0.658472 -0.156469 -0.73616
    outer loop
      vertex 1.13752 23.9686 37.0905
      vertex 1.1172 18.0804 38.3602
      vertex 1.13238 23.97 37.0948
    endloop
  endfacet
  facet normal -0.890991 0.094397 0.4441
    outer loop
      vertex 1.50101 17.5971 36.3373
      vertex 1.52795 23.5176 35.1329
      vertex 1.50101 23.5089 35.0807
    endloop
  endfacet
  facet normal -0.890977 0.0944021 0.444125
    outer loop
      vertex 1.52795 23.5176 35.1329
      vertex 1.50101 17.5971 36.3373
      vertex 1.52795 17.6039 36.3899
    endloop
  endfacet
  facet normal -0.358872 -0.194058 -0.912991
    outer loop
      vertex 0.581433 18.1919 38.66
      vertex 0.630554 24.0615 37.3931
      vertex 0.611835 18.1879 38.6489
    endloop
  endfacet
  facet normal -0.358098 -0.194126 -0.91328
    outer loop
      vertex 0.630554 24.0615 37.3931
      vertex 0.581433 18.1919 38.66
      vertex 0.581433 24.0679 37.411
    endloop
  endfacet
  facet normal 0.777254 -0.130811 -0.615439
    outer loop
      vertex -1.31927 18.0126 38.1606
      vertex -1.33962 23.9063 36.8822
      vertex -1.3066 23.9176 36.9215
    endloop
  endfacet
  facet normal 0.776487 -0.131014 -0.616363
    outer loop
      vertex -1.33962 23.9063 36.8822
      vertex -1.31927 18.0126 38.1606
      vertex -1.33962 18.0049 38.1366
    endloop
  endfacet
  facet normal -0.576166 0.169933 0.799472
    outer loop
      vertex 0.993675 23.4279 34.5038
      vertex 0.999234 17.5415 35.759
      vertex 0.999234 23.4284 34.5077
    endloop
  endfacet
  facet normal -0.574559 0.17017 0.800577
    outer loop
      vertex 0.999234 17.5415 35.759
      vertex 0.993675 23.4279 34.5038
      vertex 0.977222 17.5401 35.7435
    endloop
  endfacet
  facet normal -0.601931 0.166024 0.781099
    outer loop
      vertex 1.00466 23.429 34.5118
      vertex 1.04662 17.544 35.795
      vertex 1.04662 23.4334 34.5432
    endloop
  endfacet
  facet normal -0.60276 0.165885 0.780489
    outer loop
      vertex 1.04662 17.544 35.795
      vertex 1.00466 23.429 34.5118
      vertex 1.02177 17.5431 35.776
    endloop
  endfacet
  facet normal -0.603992 0.165686 0.779578
    outer loop
      vertex 1.02177 17.5431 35.776
      vertex 1.00466 23.429 34.5118
      vertex 1.02071 17.543 35.7752
    endloop
  endfacet
  facet normal -0.957348 0.060074 0.282624
    outer loop
      vertex 1.6168 17.6359 36.6079
      vertex 1.61883 23.557 35.3562
      vertex 1.6168 23.5557 35.3496
    endloop
  endfacet
  facet normal -0.956369 0.0607406 0.285779
    outer loop
      vertex 1.61883 23.557 35.3562
      vertex 1.6168 17.6359 36.6079
      vertex 1.62474 17.64 36.6336
    endloop
  endfacet
  facet normal -0.987697 0.0325118 0.152965
    outer loop
      vertex 1.67417 17.6748 36.8349
      vertex 1.68236 23.6076 35.6268
      vertex 1.67417 23.5978 35.576
    endloop
  endfacet
  facet normal -0.987662 0.032555 0.153177
    outer loop
      vertex 1.68236 23.6076 35.6268
      vertex 1.67417 17.6748 36.8349
      vertex 1.6792 17.6806 36.8661
    endloop
  endfacet
  facet normal -0.974382 0.0467595 0.219983
    outer loop
      vertex 1.6495 17.6545 36.7206
      vertex 1.66285 23.5871 35.5187
      vertex 1.6495 23.5766 35.4618
    endloop
  endfacet
  facet normal -0.974377 0.046764 0.220005
    outer loop
      vertex 1.66285 23.5871 35.5187
      vertex 1.6495 17.6545 36.7206
      vertex 1.66285 17.6645 36.7776
    endloop
  endfacet
  facet normal 0.485573 0.181754 0.855094
    outer loop
      vertex -0.849999 17.5341 35.6615
      vertex -0.804008 23.413 34.3858
      vertex -0.849999 23.4159 34.4113
    endloop
  endfacet
  facet normal 0.484288 0.181914 0.855787
    outer loop
      vertex -0.804008 23.413 34.3858
      vertex -0.849999 17.5341 35.6615
      vertex -0.821564 17.5332 35.6456
    endloop
  endfacet
  facet normal 0.981568 0.0397326 0.186938
    outer loop
      vertex -1.66899 17.6701 36.8087
      vertex -1.67417 23.5978 35.576
      vertex -1.67417 17.6748 36.8349
    endloop
  endfacet
  facet normal 0.982035 0.0392411 0.184573
    outer loop
      vertex -1.67417 23.5978 35.576
      vertex -1.66899 17.6701 36.8087
      vertex -1.67284 23.5965 35.5692
    endloop
  endfacet
  facet normal 0.999847 0.00364144 0.0171328
    outer loop
      vertex -1.7 17.7321 37.1245
      vertex -1.69896 23.6439 35.8073
      vertex -1.7 23.6561 35.8654
    endloop
  endfacet
  facet normal 0.999846 0.00364906 0.017167
    outer loop
      vertex -1.69896 23.6439 35.8073
      vertex -1.7 17.7321 37.1245
      vertex -1.69896 17.72 37.0665
    endloop
  endfacet
  facet normal 0.945522 -0.0676889 -0.318443
    outer loop
      vertex -1.60795 17.861 37.6605
      vertex -1.6168 23.7742 36.3773
      vertex -1.61453 23.7758 36.3837
    endloop
  endfacet
  facet normal 0.9457 -0.0675791 -0.317938
    outer loop
      vertex -1.6168 23.7742 36.3773
      vertex -1.60795 17.861 37.6605
      vertex -1.6168 17.8543 37.6356
    endloop
  endfacet
  facet normal 0.981624 0.0396765 0.186655
    outer loop
      vertex -1.66285 17.6645 36.7776
      vertex -1.67284 23.5965 35.5692
      vertex -1.66899 17.6701 36.8087
    endloop
  endfacet
  facet normal 0.981597 0.039704 0.186791
    outer loop
      vertex -1.67284 23.5965 35.5692
      vertex -1.66285 17.6645 36.7776
      vertex -1.66285 23.5871 35.5187
    endloop
  endfacet
  facet normal 0.292699 -0.198808 -0.935309
    outer loop
      vertex -0.468583 18.2053 38.6946
      vertex -0.474994 24.078 37.4443
      vertex -0.468583 24.0785 37.4462
    endloop
  endfacet
  facet normal 0.290401 -0.198956 -0.935993
    outer loop
      vertex -0.474994 24.078 37.4443
      vertex -0.468583 18.2053 38.6946
      vertex -0.494167 18.2023 38.6873
    endloop
  endfacet
  facet normal 0.388684 -0.191566 -0.901236
    outer loop
      vertex -0.63683 18.1846 38.6398
      vertex -0.643021 24.0598 37.3883
      vertex -0.63683 24.0606 37.3908
    endloop
  endfacet
  facet normal 0.39147 -0.191318 -0.900083
    outer loop
      vertex -0.643021 24.0598 37.3883
      vertex -0.63683 18.1846 38.6398
      vertex -0.661484 18.1812 38.6298
    endloop
  endfacet
  facet normal 0.156862 -0.205326 -0.966041
    outer loop
      vertex -0.295201 24.0898 37.4848
      vertex -0.236594 18.2238 38.7411
      vertex -0.295201 18.2209 38.7322
    endloop
  endfacet
  facet normal 0.155254 -0.205395 -0.966286
    outer loop
      vertex -0.236594 18.2238 38.7411
      vertex -0.295201 24.0898 37.4848
      vertex -0.236594 24.0927 37.4936
    endloop
  endfacet
  facet normal -0.1915 -0.20407 -0.960043
    outer loop
      vertex 0.341142 18.2183 38.7237
      vertex 0.35345 24.0864 37.4739
      vertex 0.35345 18.2171 38.7215
    endloop
  endfacet
  facet normal -0.186944 -0.204262 -0.9609
    outer loop
      vertex 0.321436 18.2194 38.7273
      vertex 0.35345 24.0864 37.4739
      vertex 0.341142 18.2183 38.7237
    endloop
  endfacet
  facet normal -0.190241 -0.204113 -0.960285
    outer loop
      vertex 0.35345 24.0864 37.4739
      vertex 0.321436 18.2194 38.7273
      vertex 0.301773 24.0894 37.4835
    endloop
  endfacet
  facet normal -0.454953 -0.185144 -0.871057
    outer loop
      vertex 0.774211 18.1613 38.5803
      vertex 0.798101 24.0367 37.319
      vertex 0.798101 18.1567 38.5688
    endloop
  endfacet
  facet normal -0.451604 -0.185514 -0.872719
    outer loop
      vertex 0.798101 24.0367 37.319
      vertex 0.774211 18.1613 38.5803
      vertex 0.792086 24.0377 37.3219
    endloop
  endfacet
  facet normal -0.682302 -0.152001 -0.715094
    outer loop
      vertex 1.13752 18.0742 38.3434
      vertex 1.14251 23.9673 37.086
      vertex 1.15722 18.0681 38.3259
    endloop
  endfacet
  facet normal -0.68346 -0.151774 -0.714036
    outer loop
      vertex 1.14251 23.9673 37.086
      vertex 1.13752 18.0742 38.3434
      vertex 1.13752 23.9686 37.0905
    endloop
  endfacet
  facet normal -0.156862 -0.205326 -0.966041
    outer loop
      vertex 0.236594 18.2238 38.7411
      vertex 0.295201 24.0898 37.4848
      vertex 0.295201 18.2209 38.7322
    endloop
  endfacet
  facet normal -0.155254 -0.205395 -0.966286
    outer loop
      vertex 0.295201 24.0898 37.4848
      vertex 0.236594 18.2238 38.7411
      vertex 0.236594 24.0927 37.4936
    endloop
  endfacet
  facet normal -0.122814 -0.206342 -0.970742
    outer loop
      vertex 0.210075 18.225 38.7442
      vertex 0.236594 24.0927 37.4936
      vertex 0.236594 18.2238 38.7411
    endloop
  endfacet
  facet normal -0.126225 -0.206238 -0.970326
    outer loop
      vertex 0.236594 24.0927 37.4936
      vertex 0.210075 18.225 38.7442
      vertex 0.229954 24.093 37.4944
    endloop
  endfacet
  facet normal 0.857319 0.107033 0.503535
    outer loop
      vertex -1.45563 17.5876 36.258
      vertex -1.47224 23.5006 35.0294
      vertex -1.47224 17.5908 36.2856
    endloop
  endfacet
  facet normal 0.856912 0.107169 0.504199
    outer loop
      vertex -1.47224 23.5006 35.0294
      vertex -1.45563 17.5876 36.258
      vertex -1.44524 23.4936 34.985
    endloop
  endfacet
  facet normal -0.996139 0.0182523 0.0858701
    outer loop
      vertex 1.69069 17.6967 36.9504
      vertex 1.6913 23.6216 35.6981
      vertex 1.69069 23.6203 35.6913
    endloop
  endfacet
  facet normal -0.996203 0.0181007 0.085153
    outer loop
      vertex 1.6913 23.6216 35.6981
      vertex 1.69069 17.6967 36.9504
      vertex 1.69306 17.702 36.977
    endloop
  endfacet
  facet normal -0.956367 0.060742 0.285785
    outer loop
      vertex 1.62474 17.64 36.6336
      vertex 1.63414 23.5661 35.4055
      vertex 1.61883 23.557 35.3562
    endloop
  endfacet
  facet normal -0.956382 0.0607315 0.285735
    outer loop
      vertex 1.63414 23.5661 35.4055
      vertex 1.62474 17.64 36.6336
      vertex 1.63414 17.645 36.664
    endloop
  endfacet
  facet normal -0.39147 -0.191318 -0.900083
    outer loop
      vertex 0.63683 18.1846 38.6398
      vertex 0.643021 24.0598 37.3883
      vertex 0.661484 18.1812 38.6298
    endloop
  endfacet
  facet normal -0.388684 -0.191566 -0.901236
    outer loop
      vertex 0.643021 24.0598 37.3883
      vertex 0.63683 18.1846 38.6398
      vertex 0.63683 24.0606 37.3908
    endloop
  endfacet
  facet normal -0.956366 -0.0607454 -0.285787
    outer loop
      vertex 1.63414 23.7609 36.3221
      vertex 1.6168 17.8543 37.6356
      vertex 1.6168 23.7742 36.3773
    endloop
  endfacet
  facet normal -0.956303 -0.0607905 -0.28599
    outer loop
      vertex 1.6168 17.8543 37.6356
      vertex 1.63414 23.7609 36.3221
      vertex 1.63414 17.8398 37.5807
    endloop
  endfacet
  facet normal -0.945654 0.0676065 0.318068
    outer loop
      vertex 1.59748 17.6272 36.5524
      vertex 1.61453 23.5546 35.3432
      vertex 1.59748 23.5457 35.2944
    endloop
  endfacet
  facet normal -0.945559 0.0676615 0.318339
    outer loop
      vertex 1.61453 23.5546 35.3432
      vertex 1.59748 17.6272 36.5524
      vertex 1.60795 17.6319 36.5825
    endloop
  endfacet
  facet normal -0.32407 -0.196694 -0.925359
    outer loop
      vertex 0.550633 18.1956 38.67
      vertex 0.581433 24.0679 37.411
      vertex 0.581433 18.1919 38.66
    endloop
  endfacet
  facet normal -0.326429 -0.196512 -0.924569
    outer loop
      vertex 0.531671 24.0734 37.4274
      vertex 0.581433 24.0679 37.411
      vertex 0.550633 18.1956 38.67
    endloop
  endfacet
  facet normal -0.32641 -0.19601 -0.924682
    outer loop
      vertex 0.581433 24.0679 37.411
      vertex 0.531671 24.0734 37.4274
      vertex 0.550539 24.0717 37.4211
    endloop
  endfacet
  facet normal 0.987673 -0.032543 -0.153111
    outer loop
      vertex -1.67417 17.7976 37.4124
      vertex -1.68346 23.7073 36.0964
      vertex -1.67417 23.7206 36.1535
    endloop
  endfacet
  facet normal 0.987658 -0.0325631 -0.153202
    outer loop
      vertex -1.68346 23.7073 36.0964
      vertex -1.67417 17.7976 37.4124
      vertex -1.68346 17.784 37.3554
    endloop
  endfacet
  facet normal 0.9962 -0.0181072 -0.0851915
    outer loop
      vertex -1.69306 17.7646 37.2716
      vertex -1.69586 23.6812 35.9813
      vertex -1.6913 23.6926 36.0322
    endloop
  endfacet
  facet normal 0.996192 -0.0181259 -0.0852771
    outer loop
      vertex -1.69586 23.6812 35.9813
      vertex -1.69306 17.7646 37.2716
      vertex -1.69586 17.7575 37.2404
    endloop
  endfacet
  facet normal 0.774437 -0.131535 -0.618826
    outer loop
      vertex -1.30227 18.019 38.1807
      vertex -1.3066 23.9176 36.9215
      vertex -1.30227 23.9191 36.9266
    endloop
  endfacet
  facet normal 0.777119 -0.130845 -0.615602
    outer loop
      vertex -1.3066 23.9176 36.9215
      vertex -1.30227 18.019 38.1807
      vertex -1.31927 18.0126 38.1606
    endloop
  endfacet
  facet normal -0.358369 0.194105 0.913178
    outer loop
      vertex 0.581433 23.4036 34.2859
      vertex 0.63683 17.5292 35.5563
      vertex 0.63683 23.4052 34.3073
    endloop
  endfacet
  facet normal -0.358369 0.194105 0.913178
    outer loop
      vertex 0.63683 17.5292 35.5563
      vertex 0.581433 23.4036 34.2859
      vertex 0.581433 17.5276 35.5349
    endloop
  endfacet
  facet normal -0.423884 0.188302 0.885926
    outer loop
      vertex 0.691452 23.4072 34.3305
      vertex 0.745231 17.5315 35.6051
      vertex 0.745231 23.4097 34.3557
    endloop
  endfacet
  facet normal -0.422479 0.188453 0.886565
    outer loop
      vertex 0.745231 17.5315 35.6051
      vertex 0.691452 23.4072 34.3305
      vertex 0.691452 17.5309 35.5796
    endloop
  endfacet
  facet normal -0.996209 0.0180863 0.0850864
    outer loop
      vertex 1.69306 17.702 36.977
      vertex 1.69586 23.6319 35.7493
      vertex 1.6913 23.6216 35.6981
    endloop
  endfacet
  facet normal -0.996194 0.0181211 0.0852546
    outer loop
      vertex 1.69586 23.6319 35.7493
      vertex 1.69306 17.702 36.977
      vertex 1.69586 17.7082 37.0084
    endloop
  endfacet
  facet normal -0.906436 0.0878105 0.413114
    outer loop
      vertex 1.52795 17.6039 36.3899
      vertex 1.5501 23.5256 35.1798
      vertex 1.52795 23.5176 35.1329
    endloop
  endfacet
  facet normal -0.906251 0.0878892 0.413503
    outer loop
      vertex 1.5501 23.5256 35.1798
      vertex 1.52795 17.6039 36.3899
      vertex 1.54157 17.6079 36.4189
    endloop
  endfacet
  facet normal 0.121856 0.206367 0.970857
    outer loop
      vertex -0.177698 23.3922 34.193
      vertex -0.210075 17.5236 35.4445
      vertex -0.177698 17.5233 35.4405
    endloop
  endfacet
  facet normal 0.122335 0.206352 0.9708
    outer loop
      vertex -0.210075 17.5236 35.4445
      vertex -0.177698 23.3922 34.193
      vertex -0.229954 23.3926 34.1995
    endloop
  endfacet
  facet normal 0.0877681 0.207113 0.974372
    outer loop
      vertex -0.177698 23.3922 34.193
      vertex -0.151085 17.5233 35.4381
      vertex -0.171037 23.3922 34.1924
    endloop
  endfacet
  facet normal 0.0878695 0.207112 0.974363
    outer loop
      vertex -0.151085 17.5233 35.4381
      vertex -0.177698 23.3922 34.193
      vertex -0.177698 17.5233 35.4405
    endloop
  endfacet
  facet normal 0.0513509 0.207626 0.97686
    outer loop
      vertex -0.118586 23.3921 34.1877
      vertex -0.059329 17.5236 35.4319
      vertex -0.059329 23.3925 34.1845
    endloop
  endfacet
  facet normal 0.0529946 0.207624 0.976772
    outer loop
      vertex -0.059329 17.5236 35.4319
      vertex -0.118586 23.3921 34.1877
      vertex -0.118586 17.5232 35.4352
    endloop
  endfacet
  facet normal 0.291106 0.198905 0.935785
    outer loop
      vertex -0.525329 17.5264 35.5153
      vertex -0.468583 23.399 34.2494
      vertex -0.525329 23.4016 34.2665
    endloop
  endfacet
  facet normal 0.291047 0.19891 0.935803
    outer loop
      vertex -0.468583 23.399 34.2494
      vertex -0.525329 17.5264 35.5153
      vertex -0.468583 17.5257 35.4978
    endloop
  endfacet
  facet normal 0.259841 0.200769 0.94455
    outer loop
      vertex -0.468583 17.5257 35.4978
      vertex -0.411266 23.3968 34.2341
      vertex -0.468583 23.399 34.2494
    endloop
  endfacet
  facet normal 0.259455 0.200794 0.944651
    outer loop
      vertex -0.411266 23.3968 34.2341
      vertex -0.468583 17.5257 35.4978
      vertex -0.411266 17.5255 35.4821
    endloop
  endfacet
  facet normal 0.423884 0.188302 0.885926
    outer loop
      vertex -0.745231 17.5315 35.6051
      vertex -0.691452 23.4072 34.3305
      vertex -0.745231 23.4097 34.3557
    endloop
  endfacet
  facet normal 0.422479 0.188453 0.886565
    outer loop
      vertex -0.691452 23.4072 34.3305
      vertex -0.745231 17.5315 35.6051
      vertex -0.691452 17.5309 35.5796
    endloop
  endfacet
  facet normal 0.656096 0.147658 0.740091
    outer loop
      vertex -1.13752 23.4433 34.619
      vertex -1.09274 23.4388 34.5802
      vertex -1.10041 23.4398 34.5868
    endloop
  endfacet
  facet normal 0.655685 0.156981 0.738535
    outer loop
      vertex -1.09274 23.4388 34.5802
      vertex -1.13752 23.4433 34.619
      vertex -1.13752 17.5489 35.8719
    endloop
  endfacet
  facet normal 0.655849 0.15695 0.738396
    outer loop
      vertex -1.09274 23.4388 34.5802
      vertex -1.13752 17.5489 35.8719
      vertex -1.09274 17.5462 35.8327
    endloop
  endfacet
  facet normal 0.628984 0.161633 0.76043
    outer loop
      vertex -1.09274 17.5462 35.8327
      vertex -1.04662 23.4334 34.5432
      vertex -1.09274 23.4388 34.5802
    endloop
  endfacet
  facet normal 0.629182 0.161597 0.760274
    outer loop
      vertex -1.04662 23.4334 34.5432
      vertex -1.09274 17.5462 35.8327
      vertex -1.04662 17.544 35.795
    endloop
  endfacet
  facet normal 0.545261 0.174278 0.81995
    outer loop
      vertex -0.950627 17.5385 35.7248
      vertex -0.900863 23.4196 34.4417
      vertex -0.950627 23.4238 34.4739
    endloop
  endfacet
  facet normal 0.544303 0.174418 0.820556
    outer loop
      vertex -0.900863 23.4196 34.4417
      vertex -0.950627 17.5385 35.7248
      vertex -0.900863 17.5361 35.6923
    endloop
  endfacet
  facet normal 0.933569 0.0745139 0.350565
    outer loop
      vertex -1.57621 17.619 36.4975
      vertex -1.59748 23.5457 35.2944
      vertex -1.59748 17.6272 36.5524
    endloop
  endfacet
  facet normal 0.933609 0.0744934 0.350463
    outer loop
      vertex -1.59748 23.5457 35.2944
      vertex -1.57621 17.619 36.4975
      vertex -1.57621 23.536 35.2398
    endloop
  endfacet
  facet normal 0.987662 0.032555 0.153177
    outer loop
      vertex -1.67417 17.6748 36.8349
      vertex -1.68236 23.6076 35.6268
      vertex -1.6792 17.6806 36.8661
    endloop
  endfacet
  facet normal 0.987697 0.0325118 0.152965
    outer loop
      vertex -1.68236 23.6076 35.6268
      vertex -1.67417 17.6748 36.8349
      vertex -1.67417 23.5978 35.576
    endloop
  endfacet
  facet normal 0.998666 -0.0107325 -0.0505031
    outer loop
      vertex -1.69754 17.7506 37.2091
      vertex -1.69896 23.6685 35.9234
      vertex -1.6986 23.67 35.9302
    endloop
  endfacet
  facet normal 0.998647 -0.0108127 -0.0508723
    outer loop
      vertex -1.69896 23.6685 35.9234
      vertex -1.69754 17.7506 37.2091
      vertex -1.69896 17.7446 37.1825
    endloop
  endfacet
  facet normal 0.754712 -0.136401 -0.641719
    outer loop
      vertex -1.26335 18.033 38.2235
      vertex -1.29777 23.9205 36.9316
      vertex -1.26335 23.9317 36.9697
    endloop
  endfacet
  facet normal 0.754456 -0.136466 -0.642007
    outer loop
      vertex -1.29777 23.9205 36.9316
      vertex -1.26335 18.033 38.2235
      vertex -1.28457 18.0253 38.2002
    endloop
  endfacet
  facet normal 0.857207 -0.107065 -0.503719
    outer loop
      vertex -1.44168 17.9595 37.9972
      vertex -1.47224 23.8541 36.6923
      vertex -1.44168 23.8673 36.7415
    endloop
  endfacet
  facet normal 0.856972 -0.107151 -0.5041
    outer loop
      vertex -1.47224 23.8541 36.6923
      vertex -1.44168 17.9595 37.9972
      vertex -1.47224 17.9442 37.9485
    endloop
  endfacet
  facet normal 0.920579 0.0812016 0.382023
    outer loop
      vertex -1.55303 17.6112 36.4433
      vertex -1.57621 23.536 35.2398
      vertex -1.57621 17.619 36.4975
    endloop
  endfacet
  facet normal 0.920374 0.0812967 0.382495
    outer loop
      vertex -1.57621 23.536 35.2398
      vertex -1.55303 17.6112 36.4433
      vertex -1.55303 23.5267 35.186
    endloop
  endfacet
  facet normal -0.0173919 -0.207869 -0.978002
    outer loop
      vertex 0 18.2313 38.7564
      vertex 0.059329 24.099 37.5082
      vertex 0.059329 18.2301 38.7556
    endloop
  endfacet
  facet normal -0.0157442 -0.20789 -0.978025
    outer loop
      vertex 0.059329 24.099 37.5082
      vertex 0 18.2313 38.7564
      vertex 0 24.1002 37.5089
    endloop
  endfacet
  facet normal -0.754712 -0.136401 -0.641719
    outer loop
      vertex 1.29777 23.9205 36.9316
      vertex 1.26335 18.033 38.2235
      vertex 1.26335 23.9317 36.9697
    endloop
  endfacet
  facet normal -0.754456 -0.136466 -0.642007
    outer loop
      vertex 1.26335 18.033 38.2235
      vertex 1.29777 23.9205 36.9316
      vertex 1.28457 18.0253 38.2002
    endloop
  endfacet
  facet normal -0.544419 -0.174405 -0.820482
    outer loop
      vertex 0.923386 18.1306 38.4988
      vertex 0.950627 24.0099 37.231
      vertex 0.950627 18.1246 38.482
    endloop
  endfacet
  facet normal -0.544293 -0.174422 -0.820562
    outer loop
      vertex 0.950627 24.0099 37.231
      vertex 0.923386 18.1306 38.4988
      vertex 0.906541 24.0181 37.2585
    endloop
  endfacet
  facet normal -0.42323 -0.188365 -0.886225
    outer loop
      vertex 0.691452 18.1766 38.6178
      vertex 0.745231 24.045 37.3448
      vertex 0.745231 18.1668 38.5942
    endloop
  endfacet
  facet normal -0.422112 -0.188486 -0.886732
    outer loop
      vertex 0.745231 24.045 37.3448
      vertex 0.691452 18.1766 38.6178
      vertex 0.691452 24.053 37.3687
    endloop
  endfacet
  facet normal -0.290401 -0.198956 -0.935993
    outer loop
      vertex 0.468583 18.2053 38.6946
      vertex 0.474994 24.078 37.4443
      vertex 0.494167 18.2023 38.6873
    endloop
  endfacet
  facet normal -0.292699 -0.198808 -0.935309
    outer loop
      vertex 0.474994 24.078 37.4443
      vertex 0.468583 18.2053 38.6946
      vertex 0.468583 24.0785 37.4462
    endloop
  endfacet
  facet normal -0.258749 -0.200833 -0.944836
    outer loop
      vertex 0.411266 18.2114 38.709
      vertex 0.468583 24.0785 37.4462
      vertex 0.468583 18.2053 38.6946
    endloop
  endfacet
  facet normal -0.25869 -0.200837 -0.944851
    outer loop
      vertex 0.468583 24.0785 37.4462
      vertex 0.411266 18.2114 38.709
      vertex 0.411266 24.0827 37.461
    endloop
  endfacet
  facet normal 0.819455 0.119158 0.56062
    outer loop
      vertex -1.37533 17.5747 36.1364
      vertex -1.40936 23.4851 34.9299
      vertex -1.40936 17.5796 36.1851
    endloop
  endfacet
  facet normal 0.819395 0.119175 0.560704
    outer loop
      vertex -1.40936 23.4851 34.9299
      vertex -1.37533 17.5747 36.1364
      vertex -1.37533 23.4779 34.8817
    endloop
  endfacet
  facet normal -0.544881 -0.174345 -0.820188
    outer loop
      vertex 0.900863 18.1356 38.5127
      vertex 0.906541 24.0181 37.2585
      vertex 0.923386 18.1306 38.4988
    endloop
  endfacet
  facet normal -0.548971 -0.173784 -0.817576
    outer loop
      vertex 0.906541 24.0181 37.2585
      vertex 0.900863 18.1356 38.5127
      vertex 0.900863 24.0191 37.2621
    endloop
  endfacet
  facet normal -0.731267 -0.141814 -0.667187
    outer loop
      vertex 1.26335 23.9317 36.9697
      vertex 1.22288 18.0469 38.2649
      vertex 1.22288 23.9442 37.0114
    endloop
  endfacet
  facet normal -0.731248 -0.141818 -0.667206
    outer loop
      vertex 1.22288 18.0469 38.2649
      vertex 1.26335 23.9317 36.9697
      vertex 1.26335 18.033 38.2235
    endloop
  endfacet
  facet normal -0.629772 -0.1615 -0.759806
    outer loop
      vertex 1.04662 18.101 38.4157
      vertex 1.09274 23.9803 37.1278
      vertex 1.09274 18.0877 38.3803
    endloop
  endfacet
  facet normal -0.628974 -0.161645 -0.760436
    outer loop
      vertex 1.09274 23.9803 37.1278
      vertex 1.04662 18.101 38.4157
      vertex 1.04662 23.9904 37.1638
    endloop
  endfacet
  facet normal -0.874871 -0.100704 -0.473771
    outer loop
      vertex 1.50101 23.8408 36.642
      vertex 1.47224 17.9442 37.9485
      vertex 1.47224 23.8541 36.6923
    endloop
  endfacet
  facet normal -0.874886 -0.100698 -0.473745
    outer loop
      vertex 1.47224 17.9442 37.9485
      vertex 1.50101 23.8408 36.642
      vertex 1.50101 17.929 37.8986
    endloop
  endfacet
  facet normal -0.943908 0.0686342 0.322996
    outer loop
      vertex 1.60795 17.6319 36.5825
      vertex 1.6168 23.5557 35.3496
      vertex 1.61453 23.5546 35.3432
    endloop
  endfacet
  facet normal -0.945418 0.0677503 0.318738
    outer loop
      vertex 1.6168 23.5557 35.3496
      vertex 1.60795 17.6319 36.5825
      vertex 1.6168 17.6359 36.6079
    endloop
  endfacet
  facet normal 0.93356 -0.0745173 -0.350589
    outer loop
      vertex -1.58594 17.877 37.7189
      vertex -1.59748 23.7875 36.4319
      vertex -1.5787 23.7993 36.4794
    endloop
  endfacet
  facet normal 0.933448 -0.0745797 -0.350874
    outer loop
      vertex -1.59748 23.7875 36.4319
      vertex -1.58594 17.877 37.7189
      vertex -1.59748 17.869 37.6899
    endloop
  endfacet
  facet normal 0.974449 -0.0466951 -0.219701
    outer loop
      vertex -1.6495 17.8255 37.5251
      vertex -1.66285 23.734 36.2101
      vertex -1.6495 23.7477 36.2664
    endloop
  endfacet
  facet normal 0.974353 -0.0467854 -0.220106
    outer loop
      vertex -1.66285 23.734 36.2101
      vertex -1.6495 17.8255 37.5251
      vertex -1.66285 17.8114 37.469
    endloop
  endfacet
  facet normal -0.758144 0.135596 0.637833
    outer loop
      vertex 1.28457 17.5625 36.0226
      vertex 1.30227 23.4647 34.7889
      vertex 1.29777 23.464 34.7837
    endloop
  endfacet
  facet normal -0.755177 0.13629 0.641197
    outer loop
      vertex 1.30227 23.4647 34.7889
      vertex 1.28457 17.5625 36.0226
      vertex 1.30227 17.5646 36.043
    endloop
  endfacet
  facet normal -0.90656 0.0877537 0.412854
    outer loop
      vertex 1.54157 17.6079 36.4189
      vertex 1.55303 23.5267 35.186
      vertex 1.5501 23.5256 35.1798
    endloop
  endfacet
  facet normal -0.906155 0.08793 0.413704
    outer loop
      vertex 1.55303 23.5267 35.186
      vertex 1.54157 17.6079 36.4189
      vertex 1.55303 17.6112 36.4433
    endloop
  endfacet
  facet normal -0.0513509 0.207626 0.97686
    outer loop
      vertex 0.059329 17.5236 35.4319
      vertex 0.118586 23.3921 34.1877
      vertex 0.059329 23.3925 34.1845
    endloop
  endfacet
  facet normal -0.0529946 0.207624 0.976772
    outer loop
      vertex 0.118586 23.3921 34.1877
      vertex 0.059329 17.5236 35.4319
      vertex 0.118586 17.5232 35.4352
    endloop
  endfacet
  facet normal 0.14945 0.205598 0.967158
    outer loop
      vertex -0.262987 17.5242 35.4519
      vertex -0.236594 23.3927 34.2003
      vertex -0.243203 23.3928 34.2013
    endloop
  endfacet
  facet normal 0.153268 0.205459 0.96659
    outer loop
      vertex -0.236594 23.3927 34.2003
      vertex -0.262987 17.5242 35.4519
      vertex -0.236594 17.5238 35.4478
    endloop
  endfacet
  facet normal 0.120105 0.206411 0.971066
    outer loop
      vertex -0.236594 17.5238 35.4478
      vertex -0.229954 23.3926 34.1995
      vertex -0.236594 23.3927 34.2003
    endloop
  endfacet
  facet normal 0.122361 0.206351 0.970797
    outer loop
      vertex -0.229954 23.3926 34.1995
      vertex -0.236594 17.5238 35.4478
      vertex -0.210075 17.5236 35.4445
    endloop
  endfacet
  facet normal 0.157347 0.205326 0.965962
    outer loop
      vertex -0.295201 17.5247 35.4571
      vertex -0.243203 23.3928 34.2013
      vertex -0.295201 23.3936 34.2096
    endloop
  endfacet
  facet normal 0.159069 0.205254 0.965696
    outer loop
      vertex -0.243203 23.3928 34.2013
      vertex -0.295201 17.5247 35.4571
      vertex -0.262987 17.5242 35.4519
    endloop
  endfacet
  facet normal 0.0875853 0.207117 0.974388
    outer loop
      vertex -0.118586 23.3921 34.1877
      vertex -0.151085 17.5233 35.4381
      vertex -0.118586 17.5232 35.4352
    endloop
  endfacet
  facet normal 0.0877063 0.207114 0.974377
    outer loop
      vertex -0.151085 17.5233 35.4381
      vertex -0.118586 23.3921 34.1877
      vertex -0.171037 23.3922 34.1924
    endloop
  endfacet
  facet normal 0.223957 0.202633 0.953301
    outer loop
      vertex -0.411266 17.5255 35.4821
      vertex -0.35345 23.395 34.2209
      vertex -0.411266 23.3968 34.2341
    endloop
  endfacet
  facet normal 0.22513 0.202565 0.953039
    outer loop
      vertex -0.35345 23.395 34.2209
      vertex -0.411266 17.5255 35.4821
      vertex -0.35345 17.5257 35.4684
    endloop
  endfacet
  facet normal 0.731541 0.141753 0.666899
    outer loop
      vertex -1.22288 17.5558 35.9547
      vertex -1.26335 23.4587 34.7444
      vertex -1.26335 17.56 35.9982
    endloop
  endfacet
  facet normal 0.731522 0.141757 0.666918
    outer loop
      vertex -1.26335 23.4587 34.7444
      vertex -1.22288 17.5558 35.9547
      vertex -1.22288 23.4531 34.7012
    endloop
  endfacet
  facet normal 0.754387 0.13648 0.642086
    outer loop
      vertex -1.26335 17.56 35.9982
      vertex -1.29777 23.464 34.7837
      vertex -1.28457 17.5625 36.0226
    endloop
  endfacet
  facet normal 0.754278 0.136505 0.642208
    outer loop
      vertex -1.29777 23.464 34.7837
      vertex -1.26335 17.56 35.9982
      vertex -1.26335 23.4587 34.7444
    endloop
  endfacet
  facet normal 0.682207 0.152015 0.715181
    outer loop
      vertex -1.18092 17.5521 35.9126
      vertex -1.13752 23.4433 34.619
      vertex -1.18092 23.448 34.6594
    endloop
  endfacet
  facet normal 0.682041 0.152049 0.715333
    outer loop
      vertex -1.13752 23.4433 34.619
      vertex -1.18092 17.5521 35.9126
      vertex -1.13752 17.5489 35.8719
    endloop
  endfacet
  facet normal 0.388992 0.191528 0.901112
    outer loop
      vertex -0.685255 23.407 34.3279
      vertex -0.68187 17.5308 35.5754
      vertex -0.666798 17.5303 35.569
    endloop
  endfacet
  facet normal 0.384955 0.191897 0.902765
    outer loop
      vertex -0.691452 17.5309 35.5796
      vertex -0.685255 23.407 34.3279
      vertex -0.691452 23.4072 34.3305
    endloop
  endfacet
  facet normal 0.395736 0.190934 0.898297
    outer loop
      vertex -0.685255 23.407 34.3279
      vertex -0.691452 17.5309 35.5796
      vertex -0.68187 17.5308 35.5754
    endloop
  endfacet
  facet normal 0.514329 0.178307 0.838852
    outer loop
      vertex -0.900863 17.5361 35.6923
      vertex -0.849999 23.4159 34.4113
      vertex -0.900863 23.4196 34.4417
    endloop
  endfacet
  facet normal 0.514798 0.178243 0.838578
    outer loop
      vertex -0.849999 23.4159 34.4113
      vertex -0.900863 17.5361 35.6923
      vertex -0.849999 17.5341 35.6615
    endloop
  endfacet
  facet normal 0.576166 0.169933 0.799472
    outer loop
      vertex -0.999234 17.5415 35.759
      vertex -0.993675 23.4279 34.5038
      vertex -0.999234 23.4284 34.5077
    endloop
  endfacet
  facet normal 0.574559 0.17017 0.800577
    outer loop
      vertex -0.993675 23.4279 34.5038
      vertex -0.999234 17.5415 35.759
      vertex -0.977222 17.5401 35.7435
    endloop
  endfacet
  facet normal 0.956369 0.0607406 0.285779
    outer loop
      vertex -1.6168 17.6359 36.6079
      vertex -1.61883 23.557 35.3562
      vertex -1.62474 17.64 36.6336
    endloop
  endfacet
  facet normal 0.957348 0.060074 0.282624
    outer loop
      vertex -1.61883 23.557 35.3562
      vertex -1.6168 17.6359 36.6079
      vertex -1.6168 23.5557 35.3496
    endloop
  endfacet
  facet normal 0.996194 0.0181211 0.0852546
    outer loop
      vertex -1.69306 17.702 36.977
      vertex -1.69586 23.6319 35.7493
      vertex -1.69586 17.7082 37.0084
    endloop
  endfacet
  facet normal 0.996209 0.0180863 0.0850864
    outer loop
      vertex -1.69586 23.6319 35.7493
      vertex -1.69306 17.702 36.977
      vertex -1.6913 23.6216 35.6981
    endloop
  endfacet
  facet normal 0.996203 0.0181007 0.085153
    outer loop
      vertex -1.69069 17.6967 36.9504
      vertex -1.6913 23.6216 35.6981
      vertex -1.69306 17.702 36.977
    endloop
  endfacet
  facet normal 0.996139 0.0182523 0.0858701
    outer loop
      vertex -1.6913 23.6216 35.6981
      vertex -1.69069 17.6967 36.9504
      vertex -1.69069 23.6203 35.6913
    endloop
  endfacet
  facet normal 0.999846 -0.00364495 -0.017149
    outer loop
      vertex -1.69896 17.7446 37.1825
      vertex -1.7 23.6561 35.8654
      vertex -1.69896 23.6685 35.9234
    endloop
  endfacet
  facet normal 0.999846 -0.00364361 -0.017143
    outer loop
      vertex -1.7 23.6561 35.8654
      vertex -1.69896 17.7446 37.1825
      vertex -1.7 17.7321 37.1245
    endloop
  endfacet
  facet normal 0.996076 -0.0184009 -0.0865679
    outer loop
      vertex -1.69069 17.7706 37.298
      vertex -1.6913 23.6926 36.0322
      vertex -1.69069 23.6941 36.0389
    endloop
  endfacet
  facet normal 0.996189 -0.0181319 -0.0853097
    outer loop
      vertex -1.6913 23.6926 36.0322
      vertex -1.69069 17.7706 37.298
      vertex -1.69306 17.7646 37.2716
    endloop
  endfacet
  facet normal 0.998631 -0.0108749 -0.0511634
    outer loop
      vertex -1.69586 17.7575 37.2404
      vertex -1.6986 23.67 35.9302
      vertex -1.69586 23.6812 35.9813
    endloop
  endfacet
  facet normal 0.998632 -0.0108724 -0.0511521
    outer loop
      vertex -1.69741 17.7511 37.2115
      vertex -1.6986 23.67 35.9302
      vertex -1.69586 17.7575 37.2404
    endloop
  endfacet
  facet normal 0.998597 -0.0110119 -0.0517965
    outer loop
      vertex -1.6986 23.67 35.9302
      vertex -1.69741 17.7511 37.2115
      vertex -1.69754 17.7506 37.2091
    endloop
  endfacet
  facet normal 0.798745 -0.12509 -0.588523
    outer loop
      vertex -1.35907 17.9972 38.1118
      vertex -1.37533 23.8934 36.8365
      vertex -1.37119 23.8949 36.8418
    endloop
  endfacet
  facet normal 0.794595 -0.126257 -0.593867
    outer loop
      vertex -1.36042 17.9967 38.1101
      vertex -1.37533 23.8934 36.8365
      vertex -1.35907 17.9972 38.1118
    endloop
  endfacet
  facet normal 0.799093 -0.124994 -0.58807
    outer loop
      vertex -1.37533 23.8934 36.8365
      vertex -1.36042 17.9967 38.1101
      vertex -1.37533 17.9903 38.0912
    endloop
  endfacet
  facet normal 0.798584 -0.12514 -0.58873
    outer loop
      vertex -1.33962 18.0049 38.1366
      vertex -1.37119 23.8949 36.8418
      vertex -1.33962 23.9063 36.8822
    endloop
  endfacet
  facet normal 0.799172 -0.12497 -0.587969
    outer loop
      vertex -1.37119 23.8949 36.8418
      vertex -1.33962 18.0049 38.1366
      vertex -1.35907 17.9972 38.1118
    endloop
  endfacet
  facet normal 0.965095 -0.0544532 -0.256176
    outer loop
      vertex -1.63414 17.8398 37.5807
      vertex -1.63595 23.7594 36.3156
      vertex -1.63414 23.7609 36.3221
    endloop
  endfacet
  facet normal 0.965735 -0.0539581 -0.25386
    outer loop
      vertex -1.63595 23.7594 36.3156
      vertex -1.63414 17.8398 37.5807
      vertex -1.64118 17.8333 37.5553
    endloop
  endfacet
  facet normal 0.906251 0.0878892 0.413503
    outer loop
      vertex -1.52795 17.6039 36.3899
      vertex -1.5501 23.5256 35.1798
      vertex -1.54157 17.6079 36.4189
    endloop
  endfacet
  facet normal 0.906436 0.0878105 0.413114
    outer loop
      vertex -1.5501 23.5256 35.1798
      vertex -1.52795 17.6039 36.3899
      vertex -1.52795 23.5176 35.1329
    endloop
  endfacet
  facet normal 0.945559 0.0676615 0.318339
    outer loop
      vertex -1.59748 17.6272 36.5524
      vertex -1.61453 23.5546 35.3432
      vertex -1.60795 17.6319 36.5825
    endloop
  endfacet
  facet normal 0.945654 0.0676065 0.318068
    outer loop
      vertex -1.61453 23.5546 35.3432
      vertex -1.59748 17.6272 36.5524
      vertex -1.59748 23.5457 35.2944
    endloop
  endfacet
  facet normal 0.906155 0.08793 0.413704
    outer loop
      vertex -1.54157 17.6079 36.4189
      vertex -1.55303 23.5267 35.186
      vertex -1.55303 17.6112 36.4433
    endloop
  endfacet
  facet normal 0.90656 0.0877537 0.412854
    outer loop
      vertex -1.55303 23.5267 35.186
      vertex -1.54157 17.6079 36.4189
      vertex -1.5501 23.5256 35.1798
    endloop
  endfacet
  facet normal 0.42323 -0.188365 -0.886225
    outer loop
      vertex -0.745231 24.045 37.3448
      vertex -0.691452 18.1766 38.6178
      vertex -0.745231 18.1668 38.5942
    endloop
  endfacet
  facet normal 0.422112 -0.188486 -0.886732
    outer loop
      vertex -0.691452 18.1766 38.6178
      vertex -0.745231 24.045 37.3448
      vertex -0.691452 24.053 37.3687
    endloop
  endfacet
  facet normal 0.707247 -0.146985 -0.691518
    outer loop
      vertex -1.18092 18.0606 38.3049
      vertex -1.22288 23.9442 37.0114
      vertex -1.18092 23.9565 37.0517
    endloop
  endfacet
  facet normal 0.707227 -0.14699 -0.691537
    outer loop
      vertex -1.22288 23.9442 37.0114
      vertex -1.18092 18.0606 38.3049
      vertex -1.22288 18.0469 38.2649
    endloop
  endfacet
  facet normal 0.122814 -0.206342 -0.970742
    outer loop
      vertex -0.236594 24.0927 37.4936
      vertex -0.210075 18.225 38.7442
      vertex -0.236594 18.2238 38.7411
    endloop
  endfacet
  facet normal 0.126225 -0.206238 -0.970326
    outer loop
      vertex -0.210075 18.225 38.7442
      vertex -0.236594 24.0927 37.4936
      vertex -0.229954 24.093 37.4944
    endloop
  endfacet
  facet normal -0.327246 -0.196456 -0.924292
    outer loop
      vertex 0.525329 18.1987 38.6783
      vertex 0.531671 24.0734 37.4274
      vertex 0.550633 18.1956 38.67
    endloop
  endfacet
  facet normal -0.322142 -0.196826 -0.926004
    outer loop
      vertex 0.531671 24.0734 37.4274
      vertex 0.525329 18.1987 38.6783
      vertex 0.525329 24.0739 37.4295
    endloop
  endfacet
  facet normal -0.603214 -0.165831 -0.780149
    outer loop
      vertex 0.999234 18.1134 38.4496
      vertex 1.00466 23.9992 37.1943
      vertex 1.02071 18.1082 38.4341
    endloop
  endfacet
  facet normal -0.60671 -0.165274 -0.777552
    outer loop
      vertex 1.00466 23.9992 37.1943
      vertex 0.999234 18.1134 38.4496
      vertex 0.999234 24.0003 37.1983
    endloop
  endfacet
  facet normal 0.201895 -0.203619 -0.958007
    outer loop
      vertex -0.295201 18.2209 38.7322
      vertex -0.301773 24.0894 37.4835
      vertex -0.295201 24.0898 37.4848
    endloop
  endfacet
  facet normal 0.190997 -0.204085 -0.96014
    outer loop
      vertex -0.301773 24.0894 37.4835
      vertex -0.295201 18.2209 38.7322
      vertex -0.321436 18.2194 38.7273
    endloop
  endfacet
  facet normal -0.484814 -0.181841 -0.855505
    outer loop
      vertex 0.798101 18.1567 38.5688
      vertex 0.849999 24.0281 37.2914
      vertex 0.849999 18.1463 38.5416
    endloop
  endfacet
  facet normal -0.485033 -0.181813 -0.855387
    outer loop
      vertex 0.849999 24.0281 37.2914
      vertex 0.798101 18.1567 38.5688
      vertex 0.798101 24.0367 37.319
    endloop
  endfacet
  facet normal -0.226683 -0.20249 -0.952687
    outer loop
      vertex 0.35345 18.2171 38.7215
      vertex 0.404738 24.0831 37.4625
      vertex 0.385218 18.214 38.7146
    endloop
  endfacet
  facet normal -0.224883 -0.202593 -0.953092
    outer loop
      vertex 0.404738 24.0831 37.4625
      vertex 0.35345 18.2171 38.7215
      vertex 0.35345 24.0864 37.4739
    endloop
  endfacet
  facet normal 0.777189 0.130834 0.615516
    outer loop
      vertex -1.31927 17.5669 36.064
      vertex -1.33962 23.4711 34.8347
      vertex -1.33962 17.5697 36.0891
    endloop
  endfacet
  facet normal 0.777325 0.1308 0.615351
    outer loop
      vertex -1.33962 23.4711 34.8347
      vertex -1.31927 17.5669 36.064
      vertex -1.3066 23.4654 34.7942
    endloop
  endfacet
  facet normal 0.777527 0.130747 0.615107
    outer loop
      vertex -1.30227 17.5646 36.043
      vertex -1.3066 23.4654 34.7942
      vertex -1.31927 17.5669 36.064
    endloop
  endfacet
  facet normal 0.776142 0.1311 0.616779
    outer loop
      vertex -1.3066 23.4654 34.7942
      vertex -1.30227 17.5646 36.043
      vertex -1.30227 23.4647 34.7889
    endloop
  endfacet
  facet normal 0.839037 0.113124 0.532185
    outer loop
      vertex -1.40936 17.5796 36.1851
      vertex -1.43792 23.4918 34.9734
      vertex -1.42694 17.5825 36.2122
    endloop
  endfacet
  facet normal 0.838466 0.113298 0.533046
    outer loop
      vertex -1.43792 23.4918 34.9734
      vertex -1.40936 17.5796 36.1851
      vertex -1.40936 23.4851 34.9299
    endloop
  endfacet
  facet normal 0.857536 0.106949 0.503184
    outer loop
      vertex -1.44168 17.5849 36.2348
      vertex -1.44524 23.4936 34.985
      vertex -1.45563 17.5876 36.258
    endloop
  endfacet
  facet normal 0.85844 0.106638 0.501707
    outer loop
      vertex -1.44524 23.4936 34.985
      vertex -1.44168 17.5849 36.2348
      vertex -1.44168 23.4927 34.9791
    endloop
  endfacet
  facet normal -0.777254 -0.130811 -0.615439
    outer loop
      vertex 1.33962 23.9063 36.8822
      vertex 1.31927 18.0126 38.1606
      vertex 1.3066 23.9176 36.9215
    endloop
  endfacet
  facet normal -0.776487 -0.131014 -0.616363
    outer loop
      vertex 1.31927 18.0126 38.1606
      vertex 1.33962 23.9063 36.8822
      vertex 1.33962 18.0049 38.1366
    endloop
  endfacet
  facet normal -0.798745 -0.12509 -0.588523
    outer loop
      vertex 1.37533 23.8934 36.8365
      vertex 1.35907 17.9972 38.1118
      vertex 1.37119 23.8949 36.8418
    endloop
  endfacet
  facet normal -0.794595 -0.126257 -0.593867
    outer loop
      vertex 1.37533 23.8934 36.8365
      vertex 1.36042 17.9967 38.1101
      vertex 1.35907 17.9972 38.1118
    endloop
  endfacet
  facet normal -0.799093 -0.124994 -0.58807
    outer loop
      vertex 1.36042 17.9967 38.1101
      vertex 1.37533 23.8934 36.8365
      vertex 1.37533 17.9903 38.0912
    endloop
  endfacet
  facet normal -0.774437 -0.131535 -0.618826
    outer loop
      vertex 1.3066 23.9176 36.9215
      vertex 1.30227 18.019 38.1807
      vertex 1.30227 23.9191 36.9266
    endloop
  endfacet
  facet normal -0.777119 -0.130845 -0.615602
    outer loop
      vertex 1.30227 18.019 38.1807
      vertex 1.3066 23.9176 36.9215
      vertex 1.31927 18.0126 38.1606
    endloop
  endfacet
  facet normal -0.945645 -0.0676123 -0.318095
    outer loop
      vertex 1.61453 23.7758 36.3837
      vertex 1.59748 17.869 37.6899
      vertex 1.59748 23.7875 36.4319
    endloop
  endfacet
  facet normal -0.945564 -0.0676634 -0.318325
    outer loop
      vertex 1.59748 17.869 37.6899
      vertex 1.61453 23.7758 36.3837
      vertex 1.60795 17.861 37.6605
    endloop
  endfacet
  facet normal 0.186944 -0.204262 -0.9609
    outer loop
      vertex -0.35345 24.0864 37.4739
      vertex -0.321436 18.2194 38.7273
      vertex -0.341142 18.2183 38.7237
    endloop
  endfacet
  facet normal 0.1915 -0.20407 -0.960043
    outer loop
      vertex -0.35345 24.0864 37.4739
      vertex -0.341142 18.2183 38.7237
      vertex -0.35345 18.2171 38.7215
    endloop
  endfacet
  facet normal 0.190241 -0.204113 -0.960285
    outer loop
      vertex -0.321436 18.2194 38.7273
      vertex -0.35345 24.0864 37.4739
      vertex -0.301773 24.0894 37.4835
    endloop
  endfacet
  facet normal 0.981618 -0.0396811 -0.186683
    outer loop
      vertex -1.66285 17.8114 37.469
      vertex -1.67284 23.7221 36.1601
      vertex -1.66285 23.734 36.2101
    endloop
  endfacet
  facet normal 0.981517 -0.0397939 -0.187192
    outer loop
      vertex -1.67284 23.7221 36.1601
      vertex -1.66285 17.8114 37.469
      vertex -1.66899 17.8039 37.4384
    endloop
  endfacet
  facet normal -0.682207 0.152015 0.715181
    outer loop
      vertex 1.13752 23.4433 34.619
      vertex 1.18092 17.5521 35.9126
      vertex 1.18092 23.448 34.6594
    endloop
  endfacet
  facet normal -0.682041 0.152049 0.715333
    outer loop
      vertex 1.18092 17.5521 35.9126
      vertex 1.13752 23.4433 34.619
      vertex 1.13752 17.5489 35.8719
    endloop
  endfacet
  facet normal -0.628984 0.161633 0.76043
    outer loop
      vertex 1.04662 23.4334 34.5432
      vertex 1.09274 17.5462 35.8327
      vertex 1.09274 23.4388 34.5802
    endloop
  endfacet
  facet normal -0.629182 0.161597 0.760274
    outer loop
      vertex 1.09274 17.5462 35.8327
      vertex 1.04662 23.4334 34.5432
      vertex 1.04662 17.544 35.795
    endloop
  endfacet
  facet normal -0.798623 0.12513 0.58868
    outer loop
      vertex 1.33962 17.5697 36.0891
      vertex 1.37533 23.4779 34.8817
      vertex 1.33962 23.4711 34.8347
    endloop
  endfacet
  facet normal -0.797981 0.125299 0.589513
    outer loop
      vertex 1.37533 23.4779 34.8817
      vertex 1.36042 17.5729 36.1166
      vertex 1.37533 17.5747 36.1364
    endloop
  endfacet
  facet normal -0.798235 0.12523 0.589184
    outer loop
      vertex 1.37533 23.4779 34.8817
      vertex 1.33962 17.5697 36.0891
      vertex 1.36042 17.5729 36.1166
    endloop
  endfacet
  facet normal -0.819395 0.119175 0.560704
    outer loop
      vertex 1.37533 17.5747 36.1364
      vertex 1.40936 23.4851 34.9299
      vertex 1.37533 23.4779 34.8817
    endloop
  endfacet
  facet normal -0.819455 0.119158 0.56062
    outer loop
      vertex 1.40936 23.4851 34.9299
      vertex 1.37533 17.5747 36.1364
      vertex 1.40936 17.5796 36.1851
    endloop
  endfacet
  facet normal -0.87448 0.100849 0.474461
    outer loop
      vertex 1.48538 17.5937 36.3092
      vertex 1.50101 23.5089 35.0807
      vertex 1.47559 23.5016 35.0354
    endloop
  endfacet
  facet normal -0.874587 0.10081 0.474272
    outer loop
      vertex 1.50101 23.5089 35.0807
      vertex 1.48538 17.5937 36.3092
      vertex 1.50101 17.5971 36.3373
    endloop
  endfacet
  facet normal -0.998633 0.010867 0.0511269
    outer loop
      vertex 1.69741 17.7141 37.0374
      vertex 1.69896 23.6439 35.8073
      vertex 1.69586 23.6319 35.7493
    endloop
  endfacet
  facet normal -0.99864 0.0108395 0.0509945
    outer loop
      vertex 1.69896 23.6439 35.8073
      vertex 1.69741 17.7141 37.0374
      vertex 1.69896 17.72 37.0665
    endloop
  endfacet
  facet normal -0.998631 0.0108748 0.0511627
    outer loop
      vertex 1.69741 17.7141 37.0374
      vertex 1.69586 23.6319 35.7493
      vertex 1.69586 17.7082 37.0084
    endloop
  endfacet
  facet normal -0.999847 0.00364144 0.0171328
    outer loop
      vertex 1.69896 23.6439 35.8073
      vertex 1.7 17.7321 37.1245
      vertex 1.7 23.6561 35.8654
    endloop
  endfacet
  facet normal -0.999846 0.00364906 0.017167
    outer loop
      vertex 1.7 17.7321 37.1245
      vertex 1.69896 23.6439 35.8073
      vertex 1.69896 17.72 37.0665
    endloop
  endfacet
  facet normal -0.933609 0.0744934 0.350463
    outer loop
      vertex 1.57621 17.619 36.4975
      vertex 1.59748 23.5457 35.2944
      vertex 1.57621 23.536 35.2398
    endloop
  endfacet
  facet normal -0.933569 0.0745139 0.350565
    outer loop
      vertex 1.59748 23.5457 35.2944
      vertex 1.57621 17.619 36.4975
      vertex 1.59748 17.6272 36.5524
    endloop
  endfacet
  facet normal -0.961951 0.135717 0.237132
    outer loop
      vertex 1.63414 23.5661 35.4055
      vertex 1.6495 23.5766 35.4618
      vertex 1.64894 23.5763 35.4597
    endloop
  endfacet
  facet normal -0.965845 0.0538714 0.253459
    outer loop
      vertex 1.63414 17.645 36.664
      vertex 1.6495 23.5766 35.4618
      vertex 1.63414 23.5661 35.4055
    endloop
  endfacet
  facet normal -0.965942 0.0538 0.253105
    outer loop
      vertex 1.6495 23.5766 35.4618
      vertex 1.63414 17.645 36.664
      vertex 1.6495 17.6545 36.7206
    endloop
  endfacet
  facet normal -0.920374 0.0812967 0.382495
    outer loop
      vertex 1.55303 17.6112 36.4433
      vertex 1.57621 23.536 35.2398
      vertex 1.55303 23.5267 35.186
    endloop
  endfacet
  facet normal -0.920579 0.0812016 0.382023
    outer loop
      vertex 1.57621 23.536 35.2398
      vertex 1.55303 17.6112 36.4433
      vertex 1.57621 17.619 36.4975
    endloop
  endfacet
  facet normal -0.0877681 0.207114 0.974372
    outer loop
      vertex 0.171037 23.3922 34.1924
      vertex 0.177698 17.5233 35.4405
      vertex 0.177698 23.3922 34.193
    endloop
  endfacet
  facet normal -0.0878695 0.207112 0.974363
    outer loop
      vertex 0.177698 17.5233 35.4405
      vertex 0.171037 23.3922 34.1924
      vertex 0.151085 17.5233 35.4381
    endloop
  endfacet
  facet normal -0.157347 0.205326 0.965962
    outer loop
      vertex 0.243203 23.3928 34.2013
      vertex 0.295201 17.5247 35.4571
      vertex 0.295201 23.3936 34.2096
    endloop
  endfacet
  facet normal -0.159069 0.205254 0.965696
    outer loop
      vertex 0.295201 17.5247 35.4571
      vertex 0.243203 23.3928 34.2013
      vertex 0.262987 17.5242 35.4519
    endloop
  endfacet
  facet normal -0.122335 0.206352 0.9708
    outer loop
      vertex 0.177698 23.3922 34.193
      vertex 0.210075 17.5236 35.4445
      vertex 0.229954 23.3926 34.1995
    endloop
  endfacet
  facet normal -0.121856 0.206367 0.970857
    outer loop
      vertex 0.210075 17.5236 35.4445
      vertex 0.177698 23.3922 34.193
      vertex 0.177698 17.5233 35.4405
    endloop
  endfacet
  facet normal -0.0877063 0.207114 0.974377
    outer loop
      vertex 0.118586 23.3921 34.1877
      vertex 0.151085 17.5233 35.4381
      vertex 0.171037 23.3922 34.1924
    endloop
  endfacet
  facet normal -0.0875853 0.207117 0.974388
    outer loop
      vertex 0.151085 17.5233 35.4381
      vertex 0.118586 23.3921 34.1877
      vertex 0.118586 17.5232 35.4352
    endloop
  endfacet
  facet normal -0.325981 0.215344 0.920523
    outer loop
      vertex 0.525329 23.4016 34.2665
      vertex 0.581433 23.4036 34.2859
      vertex 0.550539 23.403 34.2751
    endloop
  endfacet
  facet normal -0.326678 0.196507 0.924482
    outer loop
      vertex 0.581433 23.4036 34.2859
      vertex 0.525329 23.4016 34.2665
      vertex 0.581433 17.5276 35.5349
    endloop
  endfacet
  facet normal -0.327119 0.196471 0.924333
    outer loop
      vertex 0.581433 17.5276 35.5349
      vertex 0.525329 23.4016 34.2665
      vertex 0.525329 17.5264 35.5153
    endloop
  endfacet
  facet normal -0.223957 0.202633 0.953301
    outer loop
      vertex 0.35345 23.395 34.2209
      vertex 0.411266 17.5255 35.4821
      vertex 0.411266 23.3968 34.2341
    endloop
  endfacet
  facet normal -0.22513 0.202565 0.953039
    outer loop
      vertex 0.411266 17.5255 35.4821
      vertex 0.35345 23.395 34.2209
      vertex 0.35345 17.5257 35.4684
    endloop
  endfacet
  facet normal -0.185755 0.204284 0.961126
    outer loop
      vertex 0.35345 23.395 34.2209
      vertex 0.341142 17.5258 35.466
      vertex 0.35345 17.5257 35.4684
    endloop
  endfacet
  facet normal -0.191161 0.20408 0.960109
    outer loop
      vertex 0.295201 23.3936 34.2096
      vertex 0.341142 17.5258 35.466
      vertex 0.35345 23.395 34.2209
    endloop
  endfacet
  facet normal -0.190895 0.204092 0.960159
    outer loop
      vertex 0.341142 17.5258 35.466
      vertex 0.295201 23.3936 34.2096
      vertex 0.295201 17.5247 35.4571
    endloop
  endfacet
  facet normal 0.38892 0.191546 0.901139
    outer loop
      vertex -0.63683 23.4052 34.3073
      vertex -0.666798 17.5303 35.569
      vertex -0.63683 17.5292 35.5563
    endloop
  endfacet
  facet normal 0.39023 0.191423 0.900599
    outer loop
      vertex -0.666798 17.5303 35.569
      vertex -0.63683 23.4052 34.3073
      vertex -0.685255 23.407 34.3279
    endloop
  endfacet
  facet normal 0.358369 0.194105 0.913178
    outer loop
      vertex -0.63683 17.5292 35.5563
      vertex -0.581433 23.4036 34.2859
      vertex -0.63683 23.4052 34.3073
    endloop
  endfacet
  facet normal 0.358369 0.194105 0.913178
    outer loop
      vertex -0.581433 23.4036 34.2859
      vertex -0.63683 17.5292 35.5563
      vertex -0.581433 17.5276 35.5349
    endloop
  endfacet
  facet normal 0.477846 0.182673 0.85924
    outer loop
      vertex -0.821564 17.5332 35.6456
      vertex -0.798101 23.4126 34.3826
      vertex -0.804008 23.413 34.3858
    endloop
  endfacet
  facet normal 0.486272 0.181667 0.854714
    outer loop
      vertex -0.798101 23.4126 34.3826
      vertex -0.821564 17.5332 35.6456
      vertex -0.798101 17.5325 35.6324
    endloop
  endfacet
  facet normal 0.453676 0.185276 0.871694
    outer loop
      vertex -0.798101 17.5325 35.6324
      vertex -0.745231 23.4097 34.3557
      vertex -0.798101 23.4126 34.3826
    endloop
  endfacet
  facet normal 0.453626 0.185282 0.871719
    outer loop
      vertex -0.745231 23.4097 34.3557
      vertex -0.798101 17.5325 35.6324
      vertex -0.745231 17.5315 35.6051
    endloop
  endfacet
  facet normal 0.707017 0.147033 0.691743
    outer loop
      vertex -1.18092 17.5521 35.9126
      vertex -1.22288 23.4531 34.7012
      vertex -1.22288 17.5558 35.9547
    endloop
  endfacet
  facet normal 0.706997 0.147037 0.691763
    outer loop
      vertex -1.22288 23.4531 34.7012
      vertex -1.18092 17.5521 35.9126
      vertex -1.18092 23.448 34.6594
    endloop
  endfacet
  facet normal 0.606142 0.165337 0.777982
    outer loop
      vertex -1.02071 17.543 35.7752
      vertex -0.999234 23.4284 34.5077
      vertex -1.00466 23.429 34.5118
    endloop
  endfacet
  facet normal 0.60121 0.16614 0.781629
    outer loop
      vertex -0.999234 23.4284 34.5077
      vertex -1.02071 17.543 35.7752
      vertex -0.999234 17.5415 35.759
    endloop
  endfacet
  facet normal 0.974377 0.046764 0.220005
    outer loop
      vertex -1.6495 17.6545 36.7206
      vertex -1.66285 23.5871 35.5187
      vertex -1.66285 17.6645 36.7776
    endloop
  endfacet
  facet normal 0.974382 0.0467595 0.219983
    outer loop
      vertex -1.66285 23.5871 35.5187
      vertex -1.6495 17.6545 36.7206
      vertex -1.6495 23.5766 35.4618
    endloop
  endfacet
  facet normal 0.874587 0.10081 0.474272
    outer loop
      vertex -1.48538 17.5937 36.3092
      vertex -1.50101 23.5089 35.0807
      vertex -1.50101 17.5971 36.3373
    endloop
  endfacet
  facet normal 0.87448 0.100849 0.474461
    outer loop
      vertex -1.50101 23.5089 35.0807
      vertex -1.48538 17.5937 36.3092
      vertex -1.47559 23.5016 35.0354
    endloop
  endfacet
  facet normal 0.874464 0.100856 0.47449
    outer loop
      vertex -1.47224 17.5908 36.2856
      vertex -1.47559 23.5016 35.0354
      vertex -1.48538 17.5937 36.3092
    endloop
  endfacet
  facet normal 0.875743 0.100378 0.472227
    outer loop
      vertex -1.47559 23.5016 35.0354
      vertex -1.47224 17.5908 36.2856
      vertex -1.47224 23.5006 35.0294
    endloop
  endfacet
  facet normal 0.992559 0.0253177 0.119104
    outer loop
      vertex -1.68346 17.6856 36.8926
      vertex -1.68431 23.6102 35.6403
      vertex -1.68677 17.6907 36.9191
    endloop
  endfacet
  facet normal 0.992544 0.0253429 0.119223
    outer loop
      vertex -1.68431 23.6102 35.6403
      vertex -1.68346 17.6856 36.8926
      vertex -1.68346 23.6089 35.6335
    endloop
  endfacet
  facet normal 0.992517 0.0253869 0.119436
    outer loop
      vertex -1.68677 17.6907 36.9191
      vertex -1.69069 23.6203 35.6913
      vertex -1.69069 17.6967 36.9504
    endloop
  endfacet
  facet normal 0.992553 0.0253278 0.119151
    outer loop
      vertex -1.69069 23.6203 35.6913
      vertex -1.68677 17.6907 36.9191
      vertex -1.68431 23.6102 35.6403
    endloop
  endfacet
  facet normal 0.755033 -0.136325 -0.641359
    outer loop
      vertex -1.28457 18.0253 38.2002
      vertex -1.30227 23.9191 36.9266
      vertex -1.29777 23.9205 36.9316
    endloop
  endfacet
  facet normal 0.755063 -0.136317 -0.641324
    outer loop
      vertex -1.30227 23.9191 36.9266
      vertex -1.28457 18.0253 38.2002
      vertex -1.30227 18.019 38.1807
    endloop
  endfacet
  facet normal 0.81903 -0.119285 -0.561213
    outer loop
      vertex -1.37533 17.9903 38.0912
      vertex -1.40936 23.8804 36.7896
      vertex -1.37533 23.8934 36.8365
    endloop
  endfacet
  facet normal 0.819085 -0.119268 -0.561137
    outer loop
      vertex -1.40936 23.8804 36.7896
      vertex -1.37533 17.9903 38.0912
      vertex -1.40936 17.9749 38.0448
    endloop
  endfacet
  facet normal 0.906183 -0.0879217 -0.413645
    outer loop
      vertex -1.54157 17.9056 37.8197
      vertex -1.55303 23.8142 36.5387
      vertex -1.5501 23.8157 36.5448
    endloop
  endfacet
  facet normal 0.906575 -0.0877429 -0.412824
    outer loop
      vertex -1.55303 23.8142 36.5387
      vertex -1.54157 17.9056 37.8197
      vertex -1.55303 17.8987 37.796
    endloop
  endfacet
  facet normal 0.956366 -0.0607454 -0.285787
    outer loop
      vertex -1.6168 17.8543 37.6356
      vertex -1.63414 23.7609 36.3221
      vertex -1.6168 23.7742 36.3773
    endloop
  endfacet
  facet normal 0.956303 -0.0607905 -0.28599
    outer loop
      vertex -1.63414 23.7609 36.3221
      vertex -1.6168 17.8543 37.6356
      vertex -1.63414 17.8398 37.5807
    endloop
  endfacet
  facet normal 0.921977 -0.347278 -0.171334
    outer loop
      vertex -1.63595 23.7594 36.3156
      vertex -1.6495 23.7477 36.2664
      vertex -1.64894 23.7482 36.2684
    endloop
  endfacet
  facet normal 0.965911 -0.053824 -0.253218
    outer loop
      vertex -1.64118 17.8333 37.5553
      vertex -1.6495 23.7477 36.2664
      vertex -1.63595 23.7594 36.3156
    endloop
  endfacet
  facet normal 0.966156 -0.0536283 -0.252322
    outer loop
      vertex -1.6495 23.7477 36.2664
      vertex -1.64118 17.8333 37.5553
      vertex -1.6495 17.8255 37.5251
    endloop
  endfacet
  facet normal 0.906128 -0.0879477 -0.41376
    outer loop
      vertex -1.52795 17.9138 37.8478
      vertex -1.5501 23.8157 36.5448
      vertex -1.52795 23.8275 36.5908
    endloop
  endfacet
  facet normal 0.906211 -0.0879088 -0.413585
    outer loop
      vertex -1.5501 23.8157 36.5448
      vertex -1.52795 17.9138 37.8478
      vertex -1.54157 17.9056 37.8197
    endloop
  endfacet
  facet normal 0.961951 0.135717 0.237132
    outer loop
      vertex -1.6495 23.5766 35.4618
      vertex -1.63414 23.5661 35.4055
      vertex -1.64894 23.5763 35.4597
    endloop
  endfacet
  facet normal 0.965942 0.0538 0.253105
    outer loop
      vertex -1.63414 17.645 36.664
      vertex -1.6495 23.5766 35.4618
      vertex -1.6495 17.6545 36.7206
    endloop
  endfacet
  facet normal 0.965845 0.0538714 0.253459
    outer loop
      vertex -1.6495 23.5766 35.4618
      vertex -1.63414 17.645 36.664
      vertex -1.63414 23.5661 35.4055
    endloop
  endfacet
  facet normal 0.576103 -0.170115 -0.799479
    outer loop
      vertex -1.04662 23.9904 37.1638
      vertex -1.02071 18.1082 38.4341
      vertex -1.02177 18.1079 38.4334
    endloop
  endfacet
  facet normal 0.602266 -0.165984 -0.780849
    outer loop
      vertex -1.04662 23.9904 37.1638
      vertex -1.02177 18.1079 38.4334
      vertex -1.04662 18.101 38.4157
    endloop
  endfacet
  facet normal 0.602349 -0.165963 -0.780789
    outer loop
      vertex -1.02071 18.1082 38.4341
      vertex -1.04662 23.9904 37.1638
      vertex -1.00466 23.9992 37.1943
    endloop
  endfacet
  facet normal 0.0846916 -0.207169 -0.974632
    outer loop
      vertex -0.177698 24.0952 37.5005
      vertex -0.151085 18.2273 38.7501
      vertex -0.177698 18.2263 38.748
    endloop
  endfacet
  facet normal 0.0825056 -0.207217 -0.97481
    outer loop
      vertex -0.151085 18.2273 38.7501
      vertex -0.177698 24.0952 37.5005
      vertex -0.171037 24.0955 37.501
    endloop
  endfacet
  facet normal -0.0538277 -0.207611 -0.976729
    outer loop
      vertex 0.059329 18.2301 38.7556
      vertex 0.0660003 24.0988 37.5078
      vertex 0.0860037 18.2293 38.7543
    endloop
  endfacet
  facet normal -0.0647448 -0.207464 -0.976098
    outer loop
      vertex 0.0660003 24.0988 37.5078
      vertex 0.059329 18.2301 38.7556
      vertex 0.059329 24.099 37.5082
    endloop
  endfacet
  facet normal -0.571261 -0.170647 -0.802833
    outer loop
      vertex 0.977222 18.1184 38.4642
      vertex 0.999234 24.0003 37.1983
      vertex 0.999234 18.1134 38.4496
    endloop
  endfacet
  facet normal -0.569141 -0.170965 -0.804269
    outer loop
      vertex 0.999234 24.0003 37.1983
      vertex 0.977222 18.1184 38.4642
      vertex 0.993675 24.0014 37.202
    endloop
  endfacet
  facet normal -0.293063 -0.198781 -0.935201
    outer loop
      vertex 0.494167 18.2023 38.6873
      vertex 0.525329 24.0739 37.4295
      vertex 0.525329 18.1987 38.6783
    endloop
  endfacet
  facet normal -0.29133 -0.198901 -0.935716
    outer loop
      vertex 0.525329 24.0739 37.4295
      vertex 0.494167 18.2023 38.6873
      vertex 0.474994 24.078 37.4443
    endloop
  endfacet
  facet normal -0.602266 -0.165984 -0.780849
    outer loop
      vertex 1.02177 18.1079 38.4334
      vertex 1.04662 23.9904 37.1638
      vertex 1.04662 18.101 38.4157
    endloop
  endfacet
  facet normal -0.576103 -0.170115 -0.799479
    outer loop
      vertex 1.02071 18.1082 38.4341
      vertex 1.04662 23.9904 37.1638
      vertex 1.02177 18.1079 38.4334
    endloop
  endfacet
  facet normal -0.602349 -0.165963 -0.780789
    outer loop
      vertex 1.04662 23.9904 37.1638
      vertex 1.02071 18.1082 38.4341
      vertex 1.00466 23.9992 37.1943
    endloop
  endfacet
  facet normal -0.390983 -0.191366 -0.900284
    outer loop
      vertex 0.68187 18.1783 38.6216
      vertex 0.691452 24.053 37.3687
      vertex 0.691452 18.1766 38.6178
    endloop
  endfacet
  facet normal -0.389599 -0.191491 -0.900858
    outer loop
      vertex 0.661484 18.1812 38.6298
      vertex 0.691452 24.053 37.3687
      vertex 0.68187 18.1783 38.6216
    endloop
  endfacet
  facet normal -0.391178 -0.191343 -0.900204
    outer loop
      vertex 0.691452 24.053 37.3687
      vertex 0.661484 18.1812 38.6298
      vertex 0.643021 24.0598 37.3883
    endloop
  endfacet
  facet normal -0.358126 -0.194124 -0.91327
    outer loop
      vertex 0.611835 18.1879 38.6489
      vertex 0.63683 24.0606 37.3908
      vertex 0.63683 18.1846 38.6398
    endloop
  endfacet
  facet normal -0.361954 -0.193799 -0.911828
    outer loop
      vertex 0.63683 24.0606 37.3908
      vertex 0.611835 18.1879 38.6489
      vertex 0.630554 24.0615 37.3931
    endloop
  endfacet
  facet normal 0.755177 0.13629 0.641197
    outer loop
      vertex -1.28457 17.5625 36.0226
      vertex -1.30227 23.4647 34.7889
      vertex -1.30227 17.5646 36.043
    endloop
  endfacet
  facet normal 0.758144 0.135596 0.637833
    outer loop
      vertex -1.30227 23.4647 34.7889
      vertex -1.28457 17.5625 36.0226
      vertex -1.29777 23.464 34.7837
    endloop
  endfacet
  facet normal 0.837653 0.113558 0.534268
    outer loop
      vertex -1.42694 17.5825 36.2122
      vertex -1.44168 23.4927 34.9791
      vertex -1.44168 17.5849 36.2348
    endloop
  endfacet
  facet normal 0.837491 0.113609 0.534512
    outer loop
      vertex -1.44168 23.4927 34.9791
      vertex -1.42694 17.5825 36.2122
      vertex -1.43792 23.4918 34.9734
    endloop
  endfacet
  facet normal -0.906183 -0.0879217 -0.413645
    outer loop
      vertex 1.55303 23.8142 36.5387
      vertex 1.54157 17.9056 37.8197
      vertex 1.5501 23.8157 36.5448
    endloop
  endfacet
  facet normal -0.906575 -0.0877429 -0.412824
    outer loop
      vertex 1.54157 17.9056 37.8197
      vertex 1.55303 23.8142 36.5387
      vertex 1.55303 17.8987 37.796
    endloop
  endfacet
  facet normal -0.921977 -0.347278 -0.171334
    outer loop
      vertex 1.6495 23.7477 36.2664
      vertex 1.63595 23.7594 36.3156
      vertex 1.64894 23.7482 36.2684
    endloop
  endfacet
  facet normal -0.965911 -0.053824 -0.253218
    outer loop
      vertex 1.6495 23.7477 36.2664
      vertex 1.64118 17.8333 37.5553
      vertex 1.63595 23.7594 36.3156
    endloop
  endfacet
  facet normal -0.966156 -0.0536283 -0.252322
    outer loop
      vertex 1.64118 17.8333 37.5553
      vertex 1.6495 23.7477 36.2664
      vertex 1.6495 17.8255 37.5251
    endloop
  endfacet
  facet normal -0.965095 -0.0544532 -0.256176
    outer loop
      vertex 1.63595 23.7594 36.3156
      vertex 1.63414 17.8398 37.5807
      vertex 1.63414 23.7609 36.3221
    endloop
  endfacet
  facet normal -0.965735 -0.0539581 -0.25386
    outer loop
      vertex 1.63414 17.8398 37.5807
      vertex 1.63595 23.7594 36.3156
      vertex 1.64118 17.8333 37.5553
    endloop
  endfacet
  facet normal -0.945522 -0.0676889 -0.318443
    outer loop
      vertex 1.6168 23.7742 36.3773
      vertex 1.60795 17.861 37.6605
      vertex 1.61453 23.7758 36.3837
    endloop
  endfacet
  facet normal -0.9457 -0.0675791 -0.317938
    outer loop
      vertex 1.60795 17.861 37.6605
      vertex 1.6168 23.7742 36.3773
      vertex 1.6168 17.8543 37.6356
    endloop
  endfacet
  facet normal 0.981231 -0.0401023 -0.188619
    outer loop
      vertex -1.66899 17.8039 37.4384
      vertex -1.67417 23.7206 36.1535
      vertex -1.67284 23.7221 36.1601
    endloop
  endfacet
  facet normal 0.981751 -0.0395364 -0.186015
    outer loop
      vertex -1.67417 23.7206 36.1535
      vertex -1.66899 17.8039 37.4384
      vertex -1.67417 17.7976 37.4124
    endloop
  endfacet
  facet normal -0.453676 0.185276 0.871694
    outer loop
      vertex 0.745231 23.4097 34.3557
      vertex 0.798101 17.5325 35.6324
      vertex 0.798101 23.4126 34.3826
    endloop
  endfacet
  facet normal -0.453626 0.185282 0.871719
    outer loop
      vertex 0.798101 17.5325 35.6324
      vertex 0.745231 23.4097 34.3557
      vertex 0.745231 17.5315 35.6051
    endloop
  endfacet
  facet normal -0.477846 0.182673 0.85924
    outer loop
      vertex 0.798101 23.4126 34.3826
      vertex 0.821564 17.5332 35.6456
      vertex 0.804008 23.413 34.3858
    endloop
  endfacet
  facet normal -0.486272 0.181667 0.854714
    outer loop
      vertex 0.821564 17.5332 35.6456
      vertex 0.798101 23.4126 34.3826
      vertex 0.798101 17.5325 35.6324
    endloop
  endfacet
  facet normal -0.573021 0.170388 0.801633
    outer loop
      vertex 0.950627 23.4238 34.4739
      vertex 0.977222 17.5401 35.7435
      vertex 0.993675 23.4279 34.5038
    endloop
  endfacet
  facet normal -0.573618 0.170298 0.801225
    outer loop
      vertex 0.977222 17.5401 35.7435
      vertex 0.950627 23.4238 34.4739
      vertex 0.950627 17.5385 35.7248
    endloop
  endfacet
  facet normal -0.545261 0.174278 0.81995
    outer loop
      vertex 0.900863 23.4196 34.4417
      vertex 0.950627 17.5385 35.7248
      vertex 0.950627 23.4238 34.4739
    endloop
  endfacet
  facet normal -0.544303 0.174418 0.820556
    outer loop
      vertex 0.950627 17.5385 35.7248
      vertex 0.900863 23.4196 34.4417
      vertex 0.900863 17.5361 35.6923
    endloop
  endfacet
  facet normal -0.656096 0.147658 0.740091
    outer loop
      vertex 1.09274 23.4388 34.5802
      vertex 1.13752 23.4433 34.619
      vertex 1.10041 23.4398 34.5868
    endloop
  endfacet
  facet normal -0.655685 0.156981 0.738535
    outer loop
      vertex 1.13752 23.4433 34.619
      vertex 1.09274 23.4388 34.5802
      vertex 1.13752 17.5489 35.8719
    endloop
  endfacet
  facet normal -0.655849 0.15695 0.738396
    outer loop
      vertex 1.13752 17.5489 35.8719
      vertex 1.09274 23.4388 34.5802
      vertex 1.09274 17.5462 35.8327
    endloop
  endfacet
  facet normal -0.606142 0.165337 0.777982
    outer loop
      vertex 0.999234 23.4284 34.5077
      vertex 1.02071 17.543 35.7752
      vertex 1.00466 23.429 34.5118
    endloop
  endfacet
  facet normal -0.60121 0.16614 0.781629
    outer loop
      vertex 1.02071 17.543 35.7752
      vertex 0.999234 23.4284 34.5077
      vertex 0.999234 17.5415 35.759
    endloop
  endfacet
  facet normal -0.754278 0.136505 0.642208
    outer loop
      vertex 1.26335 17.56 35.9982
      vertex 1.29777 23.464 34.7837
      vertex 1.26335 23.4587 34.7444
    endloop
  endfacet
  facet normal -0.754387 0.13648 0.642086
    outer loop
      vertex 1.29777 23.464 34.7837
      vertex 1.26335 17.56 35.9982
      vertex 1.28457 17.5625 36.0226
    endloop
  endfacet
  facet normal -0.875743 0.100378 0.472227
    outer loop
      vertex 1.47224 17.5908 36.2856
      vertex 1.47559 23.5016 35.0354
      vertex 1.47224 23.5006 35.0294
    endloop
  endfacet
  facet normal -0.874464 0.100856 0.47449
    outer loop
      vertex 1.47559 23.5016 35.0354
      vertex 1.47224 17.5908 36.2856
      vertex 1.48538 17.5937 36.3092
    endloop
  endfacet
  facet normal -0.856912 0.107169 0.504199
    outer loop
      vertex 1.45563 17.5876 36.258
      vertex 1.47224 23.5006 35.0294
      vertex 1.44524 23.4936 34.985
    endloop
  endfacet
  facet normal -0.857319 0.107033 0.503535
    outer loop
      vertex 1.47224 23.5006 35.0294
      vertex 1.45563 17.5876 36.258
      vertex 1.47224 17.5908 36.2856
    endloop
  endfacet
  facet normal -0.0261692 0.207877 0.977805
    outer loop
      vertex 0.0326249 17.524 35.4314
      vertex 0.059329 23.3925 34.1845
      vertex 0.0526504 23.3926 34.1843
    endloop
  endfacet
  facet normal -0.0151987 0.207876 0.978037
    outer loop
      vertex 0.059329 23.3925 34.1845
      vertex 0.0326249 17.524 35.4314
      vertex 0.059329 17.5236 35.4319
    endloop
  endfacet
  facet normal -0.0176689 0.207884 0.977994
    outer loop
      vertex 0 17.5244 35.4307
      vertex 0.0526504 23.3926 34.1843
      vertex 0 23.3933 34.1832
    endloop
  endfacet
  facet normal -0.0184347 0.207887 0.977979
    outer loop
      vertex 0.0526504 23.3926 34.1843
      vertex 0 17.5244 35.4307
      vertex 0.0326249 17.524 35.4314
    endloop
  endfacet
  facet normal -0.291106 0.198905 0.935785
    outer loop
      vertex 0.468583 23.399 34.2494
      vertex 0.525329 17.5264 35.5153
      vertex 0.525329 23.4016 34.2665
    endloop
  endfacet
  facet normal -0.291047 0.19891 0.935803
    outer loop
      vertex 0.525329 17.5264 35.5153
      vertex 0.468583 23.399 34.2494
      vertex 0.468583 17.5257 35.4978
    endloop
  endfacet
  facet normal -0.259841 0.200769 0.94455
    outer loop
      vertex 0.411266 23.3968 34.2341
      vertex 0.468583 17.5257 35.4978
      vertex 0.468583 23.399 34.2494
    endloop
  endfacet
  facet normal -0.259455 0.200794 0.944651
    outer loop
      vertex 0.468583 17.5257 35.4978
      vertex 0.411266 23.3968 34.2341
      vertex 0.411266 17.5255 35.4821
    endloop
  endfacet
  facet normal 0.987746 0.0324509 0.152662
    outer loop
      vertex -1.6792 17.6806 36.8661
      vertex -1.68346 23.6089 35.6335
      vertex -1.68346 17.6856 36.8926
    endloop
  endfacet
  facet normal 0.987255 0.0330758 0.155669
    outer loop
      vertex -1.68346 23.6089 35.6335
      vertex -1.6792 17.6806 36.8661
      vertex -1.68236 23.6076 35.6268
    endloop
  endfacet
  facet normal 0.891216 -0.0943016 -0.443668
    outer loop
      vertex -1.51332 17.922 37.8754
      vertex -1.52795 23.8275 36.5908
      vertex -1.50415 23.8393 36.6361
    endloop
  endfacet
  facet normal 0.890935 -0.0944196 -0.444208
    outer loop
      vertex -1.52795 23.8275 36.5908
      vertex -1.51332 17.922 37.8754
      vertex -1.52795 17.9138 37.8478
    endloop
  endfacet
  facet normal 0.945645 -0.0676123 -0.318095
    outer loop
      vertex -1.59748 17.869 37.6899
      vertex -1.61453 23.7758 36.3837
      vertex -1.59748 23.7875 36.4319
    endloop
  endfacet
  facet normal 0.945564 -0.0676634 -0.318325
    outer loop
      vertex -1.61453 23.7758 36.3837
      vertex -1.59748 17.869 37.6899
      vertex -1.60795 17.861 37.6605
    endloop
  endfacet
  facet normal 0.933349 -0.0746341 -0.351125
    outer loop
      vertex -1.57621 17.8838 37.7434
      vertex -1.5787 23.7993 36.4794
      vertex -1.57621 23.8008 36.4857
    endloop
  endfacet
  facet normal 0.933726 -0.0744288 -0.350165
    outer loop
      vertex -1.5787 23.7993 36.4794
      vertex -1.57621 17.8838 37.7434
      vertex -1.58594 17.877 37.7189
    endloop
  endfacet
  facet normal 0.322142 -0.196826 -0.926004
    outer loop
      vertex -0.525329 18.1987 38.6783
      vertex -0.531671 24.0734 37.4274
      vertex -0.525329 24.0739 37.4295
    endloop
  endfacet
  facet normal 0.327246 -0.196456 -0.924292
    outer loop
      vertex -0.531671 24.0734 37.4274
      vertex -0.525329 18.1987 38.6783
      vertex -0.550633 18.1956 38.67
    endloop
  endfacet
  facet normal 0.655645 -0.156986 -0.73857
    outer loop
      vertex -1.13238 23.97 37.0948
      vertex -1.09274 23.9803 37.1278
      vertex -1.09274 18.0877 38.3803
    endloop
  endfacet
  facet normal 0.654576 -0.157191 -0.739474
    outer loop
      vertex -1.13238 23.97 37.0948
      vertex -1.09274 18.0877 38.3803
      vertex -1.1172 18.0804 38.3602
    endloop
  endfacet
  facet normal 0.647608 -0.0582053 -0.759747
    outer loop
      vertex -1.09274 23.9803 37.1278
      vertex -1.13238 23.97 37.0948
      vertex -1.10041 23.9785 37.1214
    endloop
  endfacet
  facet normal -0.050709 -0.207648 -0.976888
    outer loop
      vertex 0.0860037 18.2293 38.7543
      vertex 0.118586 24.0973 37.5053
      vertex 0.118586 18.2284 38.7528
    endloop
  endfacet
  facet normal -0.0523612 -0.207622 -0.976807
    outer loop
      vertex 0.118586 24.0973 37.5053
      vertex 0.0860037 18.2293 38.7543
      vertex 0.0660003 24.0988 37.5078
    endloop
  endfacet
  facet normal -0.0879589 -0.207102 -0.974357
    outer loop
      vertex 0.118586 18.2284 38.7528
      vertex 0.171037 24.0955 37.501
      vertex 0.151085 18.2273 38.7501
    endloop
  endfacet
  facet normal -0.0869939 -0.207128 -0.974438
    outer loop
      vertex 0.171037 24.0955 37.501
      vertex 0.118586 18.2284 38.7528
      vertex 0.118586 24.0973 37.5053
    endloop
  endfacet
  facet normal -0.0846916 -0.207169 -0.974632
    outer loop
      vertex 0.151085 18.2273 38.7501
      vertex 0.177698 24.0952 37.5005
      vertex 0.177698 18.2263 38.748
    endloop
  endfacet
  facet normal -0.0825056 -0.207217 -0.97481
    outer loop
      vertex 0.177698 24.0952 37.5005
      vertex 0.151085 18.2273 38.7501
      vertex 0.171037 24.0955 37.501
    endloop
  endfacet
  facet normal -0.122227 -0.206355 -0.970813
    outer loop
      vertex 0.177698 18.2263 38.748
      vertex 0.229954 24.093 37.4944
      vertex 0.210075 18.225 38.7442
    endloop
  endfacet
  facet normal -0.122017 -0.206362 -0.970838
    outer loop
      vertex 0.229954 24.093 37.4944
      vertex 0.177698 18.2263 38.748
      vertex 0.177698 24.0952 37.5005
    endloop
  endfacet
  facet normal -0.654576 -0.157191 -0.739474
    outer loop
      vertex 1.09274 18.0877 38.3803
      vertex 1.13238 23.97 37.0948
      vertex 1.1172 18.0804 38.3602
    endloop
  endfacet
  facet normal -0.655645 -0.156986 -0.73857
    outer loop
      vertex 1.09274 23.9803 37.1278
      vertex 1.13238 23.97 37.0948
      vertex 1.09274 18.0877 38.3803
    endloop
  endfacet
  facet normal -0.647608 -0.0582053 -0.759747
    outer loop
      vertex 1.13238 23.97 37.0948
      vertex 1.09274 23.9803 37.1278
      vertex 1.10041 23.9785 37.1214
    endloop
  endfacet
  facet normal -0.707247 -0.146985 -0.691518
    outer loop
      vertex 1.22288 23.9442 37.0114
      vertex 1.18092 18.0606 38.3049
      vertex 1.18092 23.9565 37.0517
    endloop
  endfacet
  facet normal -0.707227 -0.14699 -0.691537
    outer loop
      vertex 1.18092 18.0606 38.3049
      vertex 1.22288 23.9442 37.0114
      vertex 1.22288 18.0469 38.2649
    endloop
  endfacet
  facet normal -0.681995 -0.152056 -0.715375
    outer loop
      vertex 1.15722 18.0681 38.3259
      vertex 1.18092 23.9565 37.0517
      vertex 1.18092 18.0606 38.3049
    endloop
  endfacet
  facet normal -0.681774 -0.152101 -0.715576
    outer loop
      vertex 1.18092 23.9565 37.0517
      vertex 1.15722 18.0681 38.3259
      vertex 1.14251 23.9673 37.086
    endloop
  endfacet
  facet normal -0.515254 -0.178179 -0.838311
    outer loop
      vertex 0.849999 18.1463 38.5416
      vertex 0.855796 24.0271 37.2881
      vertex 0.873007 18.1414 38.5285
    endloop
  endfacet
  facet normal -0.509862 -0.178855 -0.841458
    outer loop
      vertex 0.855796 24.0271 37.2881
      vertex 0.849999 18.1463 38.5416
      vertex 0.849999 24.0281 37.2914
    endloop
  endfacet
  facet normal -0.513295 -0.178436 -0.839457
    outer loop
      vertex 0.873007 18.1414 38.5285
      vertex 0.900863 24.0191 37.2621
      vertex 0.900863 18.1356 38.5127
    endloop
  endfacet
  facet normal -0.515263 -0.178178 -0.838306
    outer loop
      vertex 0.900863 24.0191 37.2621
      vertex 0.873007 18.1414 38.5285
      vertex 0.855796 24.0271 37.2881
    endloop
  endfacet
  facet normal -0.190997 -0.204085 -0.96014
    outer loop
      vertex 0.295201 18.2209 38.7322
      vertex 0.301773 24.0894 37.4835
      vertex 0.321436 18.2194 38.7273
    endloop
  endfacet
  facet normal -0.201895 -0.203619 -0.958007
    outer loop
      vertex 0.301773 24.0894 37.4835
      vertex 0.295201 18.2209 38.7322
      vertex 0.295201 24.0898 37.4848
    endloop
  endfacet
  facet normal -0.225112 -0.202578 -0.953041
    outer loop
      vertex 0.385218 18.214 38.7146
      vertex 0.411266 24.0827 37.461
      vertex 0.411266 18.2114 38.709
    endloop
  endfacet
  facet normal -0.23107 -0.202261 -0.951681
    outer loop
      vertex 0.411266 24.0827 37.461
      vertex 0.385218 18.214 38.7146
      vertex 0.404738 24.0831 37.4625
    endloop
  endfacet
  facet normal 0.797981 0.125299 0.589513
    outer loop
      vertex -1.36042 17.5729 36.1166
      vertex -1.37533 23.4779 34.8817
      vertex -1.37533 17.5747 36.1364
    endloop
  endfacet
  facet normal 0.798235 0.12523 0.589184
    outer loop
      vertex -1.33962 17.5697 36.0891
      vertex -1.37533 23.4779 34.8817
      vertex -1.36042 17.5729 36.1166
    endloop
  endfacet
  facet normal 0.798623 0.12513 0.58868
    outer loop
      vertex -1.37533 23.4779 34.8817
      vertex -1.33962 17.5697 36.0891
      vertex -1.33962 23.4711 34.8347
    endloop
  endfacet
  facet normal -0.920554 -0.0812086 -0.38208
    outer loop
      vertex 1.57621 23.8008 36.4857
      vertex 1.55303 17.8987 37.796
      vertex 1.55303 23.8142 36.5387
    endloop
  endfacet
  facet normal -0.92035 -0.0813137 -0.38255
    outer loop
      vertex 1.55303 17.8987 37.796
      vertex 1.57621 23.8008 36.4857
      vertex 1.57621 17.8838 37.7434
    endloop
  endfacet
  facet normal -0.891216 -0.0943016 -0.443668
    outer loop
      vertex 1.52795 23.8275 36.5908
      vertex 1.51332 17.922 37.8754
      vertex 1.50415 23.8393 36.6361
    endloop
  endfacet
  facet normal -0.890935 -0.0944196 -0.444208
    outer loop
      vertex 1.51332 17.922 37.8754
      vertex 1.52795 23.8275 36.5908
      vertex 1.52795 17.9138 37.8478
    endloop
  endfacet
  facet normal -0.906128 -0.0879477 -0.41376
    outer loop
      vertex 1.5501 23.8157 36.5448
      vertex 1.52795 17.9138 37.8478
      vertex 1.52795 23.8275 36.5908
    endloop
  endfacet
  facet normal -0.906211 -0.0879088 -0.413585
    outer loop
      vertex 1.52795 17.9138 37.8478
      vertex 1.5501 23.8157 36.5448
      vertex 1.54157 17.9056 37.8197
    endloop
  endfacet
  facet normal -0.838691 -0.113226 -0.532708
    outer loop
      vertex 1.44168 23.8673 36.7415
      vertex 1.40936 17.9749 38.0448
      vertex 1.40936 23.8804 36.7896
    endloop
  endfacet
  facet normal -0.838637 -0.113244 -0.532789
    outer loop
      vertex 1.40936 17.9749 38.0448
      vertex 1.44168 23.8673 36.7415
      vertex 1.44168 17.9595 37.9972
    endloop
  endfacet
  facet normal -0.798584 -0.12514 -0.58873
    outer loop
      vertex 1.37119 23.8949 36.8418
      vertex 1.33962 18.0049 38.1366
      vertex 1.33962 23.9063 36.8822
    endloop
  endfacet
  facet normal -0.799172 -0.12497 -0.587969
    outer loop
      vertex 1.33962 18.0049 38.1366
      vertex 1.37119 23.8949 36.8418
      vertex 1.35907 17.9972 38.1118
    endloop
  endfacet
  facet normal -0.81903 -0.119285 -0.561213
    outer loop
      vertex 1.40936 23.8804 36.7896
      vertex 1.37533 17.9903 38.0912
      vertex 1.37533 23.8934 36.8365
    endloop
  endfacet
  facet normal -0.819085 -0.119268 -0.561137
    outer loop
      vertex 1.37533 17.9903 38.0912
      vertex 1.40936 23.8804 36.7896
      vertex 1.40936 17.9749 38.0448
    endloop
  endfacet
  facet normal -0.755033 -0.136325 -0.641359
    outer loop
      vertex 1.30227 23.9191 36.9266
      vertex 1.28457 18.0253 38.2002
      vertex 1.29777 23.9205 36.9316
    endloop
  endfacet
  facet normal -0.755063 -0.136317 -0.641324
    outer loop
      vertex 1.28457 18.0253 38.2002
      vertex 1.30227 23.9191 36.9266
      vertex 1.30227 18.019 38.1807
    endloop
  endfacet
  facet normal -0.93356 -0.0745173 -0.350589
    outer loop
      vertex 1.59748 23.7875 36.4319
      vertex 1.58594 17.877 37.7189
      vertex 1.5787 23.7993 36.4794
    endloop
  endfacet
  facet normal -0.933448 -0.0745797 -0.350874
    outer loop
      vertex 1.58594 17.877 37.7189
      vertex 1.59748 23.7875 36.4319
      vertex 1.59748 17.869 37.6899
    endloop
  endfacet
  facet normal -0.974449 -0.0466951 -0.219701
    outer loop
      vertex 1.66285 23.734 36.2101
      vertex 1.6495 17.8255 37.5251
      vertex 1.6495 23.7477 36.2664
    endloop
  endfacet
  facet normal -0.974353 -0.0467854 -0.220106
    outer loop
      vertex 1.6495 17.8255 37.5251
      vertex 1.66285 23.734 36.2101
      vertex 1.66285 17.8114 37.469
    endloop
  endfacet
  facet normal -0.998631 -0.0108749 -0.0511634
    outer loop
      vertex 1.6986 23.67 35.9302
      vertex 1.69586 17.7575 37.2404
      vertex 1.69586 23.6812 35.9813
    endloop
  endfacet
  facet normal -0.998632 -0.0108724 -0.0511521
    outer loop
      vertex 1.6986 23.67 35.9302
      vertex 1.69741 17.7511 37.2115
      vertex 1.69586 17.7575 37.2404
    endloop
  endfacet
  facet normal -0.998597 -0.0110119 -0.0517965
    outer loop
      vertex 1.69741 17.7511 37.2115
      vertex 1.6986 23.67 35.9302
      vertex 1.69754 17.7506 37.2091
    endloop
  endfacet
  facet normal -0.981231 -0.0401023 -0.188619
    outer loop
      vertex 1.67417 23.7206 36.1535
      vertex 1.66899 17.8039 37.4384
      vertex 1.67284 23.7221 36.1601
    endloop
  endfacet
  facet normal -0.981751 -0.0395364 -0.186015
    outer loop
      vertex 1.66899 17.8039 37.4384
      vertex 1.67417 23.7206 36.1535
      vertex 1.67417 17.7976 37.4124
    endloop
  endfacet
  facet normal -0.992572 -0.0252932 -0.118999
    outer loop
      vertex 1.69069 23.6941 36.0389
      vertex 1.68346 17.784 37.3554
      vertex 1.68346 23.7073 36.0964
    endloop
  endfacet
  facet normal -0.992558 -0.0253181 -0.11911
    outer loop
      vertex 1.68346 17.784 37.3554
      vertex 1.69069 23.6941 36.0389
      vertex 1.69069 17.7706 37.298
    endloop
  endfacet
  facet normal -0.987673 -0.032543 -0.153111
    outer loop
      vertex 1.68346 23.7073 36.0964
      vertex 1.67417 17.7976 37.4124
      vertex 1.67417 23.7206 36.1535
    endloop
  endfacet
  facet normal -0.987658 -0.0325631 -0.153202
    outer loop
      vertex 1.67417 17.7976 37.4124
      vertex 1.68346 23.7073 36.0964
      vertex 1.68346 17.784 37.3554
    endloop
  endfacet
  facet normal 0.226683 -0.20249 -0.952687
    outer loop
      vertex -0.404738 24.0831 37.4625
      vertex -0.35345 18.2171 38.7215
      vertex -0.385218 18.214 38.7146
    endloop
  endfacet
  facet normal 0.224883 -0.202593 -0.953092
    outer loop
      vertex -0.35345 18.2171 38.7215
      vertex -0.404738 24.0831 37.4625
      vertex -0.35345 24.0864 37.4739
    endloop
  endfacet
  facet normal 0.122227 -0.206355 -0.970813
    outer loop
      vertex -0.229954 24.093 37.4944
      vertex -0.177698 18.2263 38.748
      vertex -0.210075 18.225 38.7442
    endloop
  endfacet
  facet normal 0.122017 -0.206362 -0.970838
    outer loop
      vertex -0.177698 18.2263 38.748
      vertex -0.229954 24.093 37.4944
      vertex -0.177698 24.0952 37.5005
    endloop
  endfacet
  facet normal 0.681995 -0.152056 -0.715375
    outer loop
      vertex -1.18092 23.9565 37.0517
      vertex -1.15722 18.0681 38.3259
      vertex -1.18092 18.0606 38.3049
    endloop
  endfacet
  facet normal 0.681774 -0.152101 -0.715576
    outer loop
      vertex -1.15722 18.0681 38.3259
      vertex -1.18092 23.9565 37.0517
      vertex -1.14251 23.9673 37.086
    endloop
  endfacet
  facet normal -0.384955 0.191897 0.902765
    outer loop
      vertex 0.685255 23.407 34.3279
      vertex 0.691452 17.5309 35.5796
      vertex 0.691452 23.4072 34.3305
    endloop
  endfacet
  facet normal -0.395736 0.190934 0.898297
    outer loop
      vertex 0.685255 23.407 34.3279
      vertex 0.68187 17.5308 35.5754
      vertex 0.691452 17.5309 35.5796
    endloop
  endfacet
  facet normal -0.388992 0.191528 0.901112
    outer loop
      vertex 0.68187 17.5308 35.5754
      vertex 0.685255 23.407 34.3279
      vertex 0.666798 17.5303 35.569
    endloop
  endfacet
  facet normal -0.514329 0.178307 0.838852
    outer loop
      vertex 0.849999 23.4159 34.4113
      vertex 0.900863 17.5361 35.6923
      vertex 0.900863 23.4196 34.4417
    endloop
  endfacet
  facet normal -0.514798 0.178243 0.838578
    outer loop
      vertex 0.900863 17.5361 35.6923
      vertex 0.849999 23.4159 34.4113
      vertex 0.849999 17.5341 35.6615
    endloop
  endfacet
  facet normal -0.731522 0.141757 0.666918
    outer loop
      vertex 1.22288 17.5558 35.9547
      vertex 1.26335 23.4587 34.7444
      vertex 1.22288 23.4531 34.7012
    endloop
  endfacet
  facet normal -0.731541 0.141753 0.666899
    outer loop
      vertex 1.26335 23.4587 34.7444
      vertex 1.22288 17.5558 35.9547
      vertex 1.26335 17.56 35.9982
    endloop
  endfacet
  facet normal -0.777325 0.1308 0.615351
    outer loop
      vertex 1.31927 17.5669 36.064
      vertex 1.33962 23.4711 34.8347
      vertex 1.3066 23.4654 34.7942
    endloop
  endfacet
  facet normal -0.777189 0.130834 0.615516
    outer loop
      vertex 1.33962 23.4711 34.8347
      vertex 1.31927 17.5669 36.064
      vertex 1.33962 17.5697 36.0891
    endloop
  endfacet
  facet normal -0.776142 0.1311 0.616779
    outer loop
      vertex 1.30227 17.5646 36.043
      vertex 1.3066 23.4654 34.7942
      vertex 1.30227 23.4647 34.7889
    endloop
  endfacet
  facet normal -0.777527 0.130747 0.615107
    outer loop
      vertex 1.3066 23.4654 34.7942
      vertex 1.30227 17.5646 36.043
      vertex 1.31927 17.5669 36.064
    endloop
  endfacet
  facet normal -0.838466 0.113298 0.533046
    outer loop
      vertex 1.40936 17.5796 36.1851
      vertex 1.43792 23.4918 34.9734
      vertex 1.40936 23.4851 34.9299
    endloop
  endfacet
  facet normal -0.839037 0.113124 0.532185
    outer loop
      vertex 1.43792 23.4918 34.9734
      vertex 1.40936 17.5796 36.1851
      vertex 1.42694 17.5825 36.2122
    endloop
  endfacet
  facet normal -0.992544 0.0253429 0.119223
    outer loop
      vertex 1.68346 17.6856 36.8926
      vertex 1.68431 23.6102 35.6403
      vertex 1.68346 23.6089 35.6335
    endloop
  endfacet
  facet normal -0.992559 0.0253177 0.119104
    outer loop
      vertex 1.68431 23.6102 35.6403
      vertex 1.68346 17.6856 36.8926
      vertex 1.68677 17.6907 36.9191
    endloop
  endfacet
  facet normal -0.992553 0.0253278 0.119151
    outer loop
      vertex 1.68677 17.6907 36.9191
      vertex 1.69069 23.6203 35.6913
      vertex 1.68431 23.6102 35.6403
    endloop
  endfacet
  facet normal -0.992517 0.0253869 0.119436
    outer loop
      vertex 1.69069 23.6203 35.6913
      vertex 1.68677 17.6907 36.9191
      vertex 1.69069 17.6967 36.9504
    endloop
  endfacet
  facet normal -0.981597 0.039704 0.186791
    outer loop
      vertex 1.66285 17.6645 36.7776
      vertex 1.67284 23.5965 35.5692
      vertex 1.66285 23.5871 35.5187
    endloop
  endfacet
  facet normal -0.981624 0.0396765 0.186655
    outer loop
      vertex 1.67284 23.5965 35.5692
      vertex 1.66285 17.6645 36.7776
      vertex 1.66899 17.6701 36.8087
    endloop
  endfacet
  facet normal -0.982035 0.0392411 0.184573
    outer loop
      vertex 1.66899 17.6701 36.8087
      vertex 1.67417 23.5978 35.576
      vertex 1.67284 23.5965 35.5692
    endloop
  endfacet
  facet normal -0.981568 0.0397326 0.186938
    outer loop
      vertex 1.67417 23.5978 35.576
      vertex 1.66899 17.6701 36.8087
      vertex 1.67417 17.6748 36.8349
    endloop
  endfacet
  facet normal -0.120105 0.206411 0.971066
    outer loop
      vertex 0.229954 23.3926 34.1995
      vertex 0.236594 17.5238 35.4478
      vertex 0.236594 23.3927 34.2003
    endloop
  endfacet
  facet normal -0.122361 0.206351 0.970797
    outer loop
      vertex 0.236594 17.5238 35.4478
      vertex 0.229954 23.3926 34.1995
      vertex 0.210075 17.5236 35.4445
    endloop
  endfacet
  facet normal -0.14945 0.205598 0.967158
    outer loop
      vertex 0.236594 23.3927 34.2003
      vertex 0.262987 17.5242 35.4519
      vertex 0.243203 23.3928 34.2013
    endloop
  endfacet
  facet normal -0.153268 0.205459 0.96659
    outer loop
      vertex 0.262987 17.5242 35.4519
      vertex 0.236594 23.3927 34.2003
      vertex 0.236594 17.5238 35.4478
    endloop
  endfacet
  facet normal 0.838691 -0.113226 -0.532708
    outer loop
      vertex -1.40936 17.9749 38.0448
      vertex -1.44168 23.8673 36.7415
      vertex -1.40936 23.8804 36.7896
    endloop
  endfacet
  facet normal 0.838637 -0.113244 -0.532789
    outer loop
      vertex -1.44168 23.8673 36.7415
      vertex -1.40936 17.9749 38.0448
      vertex -1.44168 17.9595 37.9972
    endloop
  endfacet
  facet normal 0.888596 -0.0953679 -0.448668
    outer loop
      vertex -1.50101 17.929 37.8986
      vertex -1.50415 23.8393 36.6361
      vertex -1.50101 23.8408 36.642
    endloop
  endfacet
  facet normal 0.89092 -0.0944201 -0.444237
    outer loop
      vertex -1.50415 23.8393 36.6361
      vertex -1.50101 17.929 37.8986
      vertex -1.51332 17.922 37.8754
    endloop
  endfacet
  facet normal 0.874871 -0.100704 -0.473771
    outer loop
      vertex -1.47224 17.9442 37.9485
      vertex -1.50101 23.8408 36.642
      vertex -1.47224 23.8541 36.6923
    endloop
  endfacet
  facet normal 0.874886 -0.100698 -0.473745
    outer loop
      vertex -1.50101 23.8408 36.642
      vertex -1.47224 17.9442 37.9485
      vertex -1.50101 17.929 37.8986
    endloop
  endfacet
  facet normal 0.920554 -0.0812086 -0.38208
    outer loop
      vertex -1.55303 17.8987 37.796
      vertex -1.57621 23.8008 36.4857
      vertex -1.55303 23.8142 36.5387
    endloop
  endfacet
  facet normal 0.92035 -0.0813137 -0.38255
    outer loop
      vertex -1.57621 23.8008 36.4857
      vertex -1.55303 17.8987 37.796
      vertex -1.57621 17.8838 37.7434
    endloop
  endfacet
  facet normal 0.326429 -0.196512 -0.924569
    outer loop
      vertex -0.581433 24.0679 37.411
      vertex -0.531671 24.0734 37.4274
      vertex -0.550633 18.1956 38.67
    endloop
  endfacet
  facet normal 0.32407 -0.196694 -0.925359
    outer loop
      vertex -0.581433 24.0679 37.411
      vertex -0.550633 18.1956 38.67
      vertex -0.581433 18.1919 38.66
    endloop
  endfacet
  facet normal 0.32641 -0.19601 -0.924682
    outer loop
      vertex -0.531671 24.0734 37.4274
      vertex -0.581433 24.0679 37.411
      vertex -0.550539 24.0717 37.4211
    endloop
  endfacet
  facet normal 0.358872 -0.194058 -0.912991
    outer loop
      vertex -0.630554 24.0615 37.3931
      vertex -0.581433 18.1919 38.66
      vertex -0.611835 18.1879 38.6489
    endloop
  endfacet
  facet normal 0.358098 -0.194126 -0.91328
    outer loop
      vertex -0.581433 18.1919 38.66
      vertex -0.630554 24.0615 37.3931
      vertex -0.581433 24.0679 37.411
    endloop
  endfacet
  facet normal 0.548971 -0.173784 -0.817576
    outer loop
      vertex -0.900863 18.1356 38.5127
      vertex -0.906541 24.0181 37.2585
      vertex -0.900863 24.0191 37.2621
    endloop
  endfacet
  facet normal 0.544881 -0.174345 -0.820188
    outer loop
      vertex -0.906541 24.0181 37.2585
      vertex -0.900863 18.1356 38.5127
      vertex -0.923386 18.1306 38.4988
    endloop
  endfacet
  facet normal 0.544419 -0.174405 -0.820482
    outer loop
      vertex -0.950627 24.0099 37.231
      vertex -0.923386 18.1306 38.4988
      vertex -0.950627 18.1246 38.482
    endloop
  endfacet
  facet normal 0.544293 -0.174422 -0.820562
    outer loop
      vertex -0.923386 18.1306 38.4988
      vertex -0.950627 24.0099 37.231
      vertex -0.906541 24.0181 37.2585
    endloop
  endfacet
  facet normal 0.453349 -0.185324 -0.871854
    outer loop
      vertex -0.792086 24.0377 37.3219
      vertex -0.745231 18.1668 38.5942
      vertex -0.774211 18.1613 38.5803
    endloop
  endfacet
  facet normal 0.454647 -0.185174 -0.87121
    outer loop
      vertex -0.745231 18.1668 38.5942
      vertex -0.792086 24.0377 37.3219
      vertex -0.745231 24.045 37.3448
    endloop
  endfacet
  facet normal 0.454953 -0.185144 -0.871057
    outer loop
      vertex -0.798101 24.0367 37.319
      vertex -0.774211 18.1613 38.5803
      vertex -0.798101 18.1567 38.5688
    endloop
  endfacet
  facet normal 0.451604 -0.185514 -0.872719
    outer loop
      vertex -0.774211 18.1613 38.5803
      vertex -0.798101 24.0367 37.319
      vertex -0.792086 24.0377 37.3219
    endloop
  endfacet
  facet normal 0.389599 -0.191491 -0.900858
    outer loop
      vertex -0.691452 24.053 37.3687
      vertex -0.661484 18.1812 38.6298
      vertex -0.68187 18.1783 38.6216
    endloop
  endfacet
  facet normal 0.390983 -0.191366 -0.900284
    outer loop
      vertex -0.691452 24.053 37.3687
      vertex -0.68187 18.1783 38.6216
      vertex -0.691452 18.1766 38.6178
    endloop
  endfacet
  facet normal 0.391178 -0.191343 -0.900204
    outer loop
      vertex -0.661484 18.1812 38.6298
      vertex -0.691452 24.053 37.3687
      vertex -0.643021 24.0598 37.3883
    endloop
  endfacet
  facet normal 0.571261 -0.170647 -0.802833
    outer loop
      vertex -0.999234 24.0003 37.1983
      vertex -0.977222 18.1184 38.4642
      vertex -0.999234 18.1134 38.4496
    endloop
  endfacet
  facet normal 0.569141 -0.170965 -0.804269
    outer loop
      vertex -0.977222 18.1184 38.4642
      vertex -0.999234 24.0003 37.1983
      vertex -0.993675 24.0014 37.202
    endloop
  endfacet
  facet normal 0.575186 -0.170064 -0.80015
    outer loop
      vertex -0.993675 24.0014 37.202
      vertex -0.950627 18.1246 38.482
      vertex -0.977222 18.1184 38.4642
    endloop
  endfacet
  facet normal 0.573462 -0.170333 -0.801329
    outer loop
      vertex -0.950627 18.1246 38.482
      vertex -0.993675 24.0014 37.202
      vertex -0.950627 24.0099 37.231
    endloop
  endfacet
  facet normal -0.575186 -0.170064 -0.80015
    outer loop
      vertex 0.950627 18.1246 38.482
      vertex 0.993675 24.0014 37.202
      vertex 0.977222 18.1184 38.4642
    endloop
  endfacet
  facet normal -0.573462 -0.170333 -0.801329
    outer loop
      vertex 0.993675 24.0014 37.202
      vertex 0.950627 18.1246 38.482
      vertex 0.950627 24.0099 37.231
    endloop
  endfacet
  facet normal -0.453349 -0.185324 -0.871854
    outer loop
      vertex 0.745231 18.1668 38.5942
      vertex 0.792086 24.0377 37.3219
      vertex 0.774211 18.1613 38.5803
    endloop
  endfacet
  facet normal -0.454647 -0.185174 -0.87121
    outer loop
      vertex 0.792086 24.0377 37.3219
      vertex 0.745231 18.1668 38.5942
      vertex 0.745231 24.045 37.3448
    endloop
  endfacet
  facet normal -0.888596 -0.0953679 -0.448668
    outer loop
      vertex 1.50415 23.8393 36.6361
      vertex 1.50101 17.929 37.8986
      vertex 1.50101 23.8408 36.642
    endloop
  endfacet
  facet normal -0.89092 -0.0944201 -0.444237
    outer loop
      vertex 1.50101 17.929 37.8986
      vertex 1.50415 23.8393 36.6361
      vertex 1.51332 17.922 37.8754
    endloop
  endfacet
  facet normal -0.857207 -0.107065 -0.503719
    outer loop
      vertex 1.47224 23.8541 36.6923
      vertex 1.44168 17.9595 37.9972
      vertex 1.44168 23.8673 36.7415
    endloop
  endfacet
  facet normal -0.856972 -0.107151 -0.5041
    outer loop
      vertex 1.44168 17.9595 37.9972
      vertex 1.47224 23.8541 36.6923
      vertex 1.47224 17.9442 37.9485
    endloop
  endfacet
  facet normal -0.933349 -0.0746341 -0.351125
    outer loop
      vertex 1.5787 23.7993 36.4794
      vertex 1.57621 17.8838 37.7434
      vertex 1.57621 23.8008 36.4857
    endloop
  endfacet
  facet normal -0.933726 -0.0744288 -0.350165
    outer loop
      vertex 1.57621 17.8838 37.7434
      vertex 1.5787 23.7993 36.4794
      vertex 1.58594 17.877 37.7189
    endloop
  endfacet
  facet normal -0.9962 -0.0181072 -0.0851915
    outer loop
      vertex 1.69586 23.6812 35.9813
      vertex 1.69306 17.7646 37.2716
      vertex 1.6913 23.6926 36.0322
    endloop
  endfacet
  facet normal -0.996192 -0.0181259 -0.0852771
    outer loop
      vertex 1.69306 17.7646 37.2716
      vertex 1.69586 23.6812 35.9813
      vertex 1.69586 17.7575 37.2404
    endloop
  endfacet
  facet normal -0.996076 -0.0184009 -0.0865679
    outer loop
      vertex 1.6913 23.6926 36.0322
      vertex 1.69069 17.7706 37.298
      vertex 1.69069 23.6941 36.0389
    endloop
  endfacet
  facet normal -0.996189 -0.0181319 -0.0853097
    outer loop
      vertex 1.69069 17.7706 37.298
      vertex 1.6913 23.6926 36.0322
      vertex 1.69306 17.7646 37.2716
    endloop
  endfacet
  facet normal -0.998666 -0.0107325 -0.0505031
    outer loop
      vertex 1.69896 23.6685 35.9234
      vertex 1.69754 17.7506 37.2091
      vertex 1.6986 23.67 35.9302
    endloop
  endfacet
  facet normal -0.998647 -0.0108127 -0.0508723
    outer loop
      vertex 1.69754 17.7506 37.2091
      vertex 1.69896 23.6685 35.9234
      vertex 1.69896 17.7446 37.1825
    endloop
  endfacet
  facet normal 0.050709 -0.207648 -0.976888
    outer loop
      vertex -0.118586 24.0973 37.5053
      vertex -0.0860037 18.2293 38.7543
      vertex -0.118586 18.2284 38.7528
    endloop
  endfacet
  facet normal 0.0523612 -0.207622 -0.976807
    outer loop
      vertex -0.0860037 18.2293 38.7543
      vertex -0.118586 24.0973 37.5053
      vertex -0.0660003 24.0988 37.5078
    endloop
  endfacet
  facet normal -0.837491 0.113609 0.534512
    outer loop
      vertex 1.42694 17.5825 36.2122
      vertex 1.44168 23.4927 34.9791
      vertex 1.43792 23.4918 34.9734
    endloop
  endfacet
  facet normal -0.837653 0.113558 0.534268
    outer loop
      vertex 1.44168 23.4927 34.9791
      vertex 1.42694 17.5825 36.2122
      vertex 1.44168 17.5849 36.2348
    endloop
  endfacet
  facet normal -0.85844 0.106638 0.501707
    outer loop
      vertex 1.44168 17.5849 36.2348
      vertex 1.44524 23.4936 34.985
      vertex 1.44168 23.4927 34.9791
    endloop
  endfacet
  facet normal -0.857536 0.106949 0.503184
    outer loop
      vertex 1.44524 23.4936 34.985
      vertex 1.44168 17.5849 36.2348
      vertex 1.45563 17.5876 36.258
    endloop
  endfacet
  facet normal 0.358126 -0.194124 -0.91327
    outer loop
      vertex -0.63683 24.0606 37.3908
      vertex -0.611835 18.1879 38.6489
      vertex -0.63683 18.1846 38.6398
    endloop
  endfacet
  facet normal 0.361954 -0.193799 -0.911828
    outer loop
      vertex -0.611835 18.1879 38.6489
      vertex -0.63683 24.0606 37.3908
      vertex -0.630554 24.0615 37.3931
    endloop
  endfacet
  facet normal 0.225112 -0.202578 -0.953041
    outer loop
      vertex -0.411266 24.0827 37.461
      vertex -0.385218 18.214 38.7146
      vertex -0.411266 18.2114 38.709
    endloop
  endfacet
  facet normal 0.23107 -0.202261 -0.951681
    outer loop
      vertex -0.385218 18.214 38.7146
      vertex -0.411266 24.0827 37.461
      vertex -0.404738 24.0831 37.4625
    endloop
  endfacet
  facet normal 0.484814 -0.181841 -0.855505
    outer loop
      vertex -0.849999 24.0281 37.2914
      vertex -0.798101 18.1567 38.5688
      vertex -0.849999 18.1463 38.5416
    endloop
  endfacet
  facet normal 0.485033 -0.181813 -0.855387
    outer loop
      vertex -0.798101 18.1567 38.5688
      vertex -0.849999 24.0281 37.2914
      vertex -0.798101 24.0367 37.319
    endloop
  endfacet
  facet normal 0.509862 -0.178855 -0.841458
    outer loop
      vertex -0.849999 18.1463 38.5416
      vertex -0.855796 24.0271 37.2881
      vertex -0.849999 24.0281 37.2914
    endloop
  endfacet
  facet normal 0.515254 -0.178179 -0.838311
    outer loop
      vertex -0.855796 24.0271 37.2881
      vertex -0.849999 18.1463 38.5416
      vertex -0.873007 18.1414 38.5285
    endloop
  endfacet
  facet normal 0.513295 -0.178436 -0.839457
    outer loop
      vertex -0.900863 24.0191 37.2621
      vertex -0.873007 18.1414 38.5285
      vertex -0.900863 18.1356 38.5127
    endloop
  endfacet
  facet normal 0.515263 -0.178178 -0.838306
    outer loop
      vertex -0.873007 18.1414 38.5285
      vertex -0.900863 24.0191 37.2621
      vertex -0.855796 24.0271 37.2881
    endloop
  endfacet
  facet normal 0.629772 -0.1615 -0.759806
    outer loop
      vertex -1.09274 23.9803 37.1278
      vertex -1.04662 18.101 38.4157
      vertex -1.09274 18.0877 38.3803
    endloop
  endfacet
  facet normal 0.628974 -0.161645 -0.760436
    outer loop
      vertex -1.04662 18.101 38.4157
      vertex -1.09274 23.9803 37.1278
      vertex -1.04662 23.9904 37.1638
    endloop
  endfacet
  facet normal -0.981618 -0.0396811 -0.186683
    outer loop
      vertex 1.67284 23.7221 36.1601
      vertex 1.66285 17.8114 37.469
      vertex 1.66285 23.734 36.2101
    endloop
  endfacet
  facet normal -0.981517 -0.0397939 -0.187192
    outer loop
      vertex 1.66285 17.8114 37.469
      vertex 1.67284 23.7221 36.1601
      vertex 1.66899 17.8039 37.4384
    endloop
  endfacet
  facet normal 0.0647448 -0.207464 -0.976098
    outer loop
      vertex -0.059329 18.2301 38.7556
      vertex -0.0660003 24.0988 37.5078
      vertex -0.059329 24.099 37.5082
    endloop
  endfacet
  facet normal 0.0538277 -0.207611 -0.976729
    outer loop
      vertex -0.0660003 24.0988 37.5078
      vertex -0.059329 18.2301 38.7556
      vertex -0.0860037 18.2293 38.7543
    endloop
  endfacet
  facet normal 0.0173919 -0.207869 -0.978002
    outer loop
      vertex -0.059329 24.099 37.5082
      vertex 0 18.2313 38.7564
      vertex -0.059329 18.2301 38.7556
    endloop
  endfacet
  facet normal 0.0157442 -0.20789 -0.978025
    outer loop
      vertex 0 18.2313 38.7564
      vertex -0.059329 24.099 37.5082
      vertex 0 24.1002 37.5089
    endloop
  endfacet
  facet normal -0.39023 0.191423 0.900599
    outer loop
      vertex 0.63683 23.4052 34.3073
      vertex 0.666798 17.5303 35.569
      vertex 0.685255 23.407 34.3279
    endloop
  endfacet
  facet normal -0.38892 0.191546 0.901139
    outer loop
      vertex 0.666798 17.5303 35.569
      vertex 0.63683 23.4052 34.3073
      vertex 0.63683 17.5292 35.5563
    endloop
  endfacet
  facet normal 0.258749 -0.200833 -0.944836
    outer loop
      vertex -0.468583 24.0785 37.4462
      vertex -0.411266 18.2114 38.709
      vertex -0.468583 18.2053 38.6946
    endloop
  endfacet
  facet normal 0.25869 -0.200837 -0.944851
    outer loop
      vertex -0.411266 18.2114 38.709
      vertex -0.468583 24.0785 37.4462
      vertex -0.411266 24.0827 37.461
    endloop
  endfacet
  facet normal 0.68346 -0.151774 -0.714036
    outer loop
      vertex -1.13752 18.0742 38.3434
      vertex -1.14251 23.9673 37.086
      vertex -1.13752 23.9686 37.0905
    endloop
  endfacet
  facet normal 0.682302 -0.152001 -0.715094
    outer loop
      vertex -1.14251 23.9673 37.086
      vertex -1.13752 18.0742 38.3434
      vertex -1.15722 18.0681 38.3259
    endloop
  endfacet
  facet normal 0.657284 -0.156692 -0.737174
    outer loop
      vertex -1.13752 23.9686 37.0905
      vertex -1.1172 18.0804 38.3602
      vertex -1.13752 18.0742 38.3434
    endloop
  endfacet
  facet normal 0.658472 -0.156469 -0.73616
    outer loop
      vertex -1.1172 18.0804 38.3602
      vertex -1.13752 23.9686 37.0905
      vertex -1.13238 23.97 37.0948
    endloop
  endfacet
endsolid OpenSCAD_Model
